"gid","role","role_score","cluster_id","priority_score","evidence"
"100000000011452100","terminal",0.55,0,0.647263,"Гипотеза: конечный получатель за период. 3 плательщика: 110 тыс ₸; 1 получатель: 16,68 тыс ₸. Отдано дальше 15% наблюдаемого входа."
"100000000018102100","peripheral",0.2,0,0.257245,"Гипотеза: роль не определена. Плательщиков: 1; получено 7 тыс ₸. Обрыв 4-го колена: исходящие неизвестны."
"100000000031787100","transit",0.725,6,0.637349,"Гипотеза: транзит. 1 плательщик: 90 тыс ₸; 2 получателя: 90 тыс ₸. Отдано дальше 100% наблюдаемого входа."
"100000000041368100","terminal",0.55,2,0.574764,"Гипотеза: конечный получатель за период. 1 плательщик: 160 тыс ₸; 0 получателей: 0 ₸. Отдано дальше 0% наблюдаемого входа."
"100000000076451100","peripheral",0.2,15,0.836575,"Гипотеза: роль не определена. 3 плательщика: 87,71 тыс ₸; 4 получателя: 58 тыс ₸. Отдано дальше 66% наблюдаемого входа."
"100000000089154100","distributor",0.7124999999999999,0,0.675348,"Гипотеза: веерная раздача. 1 плательщик: 10 тыс ₸; 15 получателей: 425,5 тыс ₸. Источник средств вне выборки."
"100000000190228100","peripheral",0.2,8,0.326206,"Гипотеза: роль не определена. 1 плательщик: 5 тыс ₸; 1 получатель: 28,56 тыс ₸. Источник средств вне выборки."
"100000000201868100","transit",0.8,53,0.646198,"Гипотеза: транзит. 1 плательщик: 190 тыс ₸; 1 получатель: 190 тыс ₸. Отдано дальше 100% наблюдаемого входа."
"100000000254336100","peripheral",0.2,0,0.671703,"Гипотеза: роль не определена. 2 плательщика: 97,18 тыс ₸; 1 получатель: 60 тыс ₸. Отдано дальше 62% наблюдаемого входа."
"100000000267734100","peripheral",0.2,6,0.373217,"Гипотеза: роль не определена. 2 плательщика: 180 тыс ₸; 7 получателей: 282 тыс ₸. Источник средств вне выборки."
"100000000274067100","peripheral",0.2,6,0.373542,"Гипотеза: роль не определена. 2 плательщика: 517,7 тыс ₸; 3 получателя: 2,97 млн ₸. Источник средств вне выборки."
"100000000287768100","terminal",0.55,0,0.289547,"Гипотеза: конечный получатель за период. 1 плательщик: 35,17 тыс ₸; 0 получателей: 0 ₸. Отдано дальше 0% наблюдаемого входа."
"100000000288317100","peripheral",0.2,0,0.642014,"Гипотеза: роль не определена. 2 плательщика: 100 тыс ₸; 3 получателя: 53,5 тыс ₸. Отдано дальше 54% наблюдаемого входа."
"100000000291906100","transit",0.7000000000000001,47,0.737147,"Гипотеза: транзит. 2 плательщика: 388 тыс ₸; 2 получателя: 455,85 тыс ₸. Отдано дальше 117% наблюдаемого входа."
"100000000291908100","terminal",0.55,47,0.634365,"Гипотеза: конечный получатель за период. 1 плательщик: 295,5 тыс ₸; 1 получатель: 13,3 тыс ₸. Отдано дальше 5% наблюдаемого входа."
"100000000297649100","peripheral",0.2,10,0.376122,"Гипотеза: роль не определена. 1 плательщик: 40 тыс ₸; 1 получатель: 70,6 тыс ₸. Источник средств вне выборки."
"100000000299820100","peripheral",0.2,3,0.285734,"Гипотеза: роль не определена. Плательщиков: 1; получено 10 тыс ₸. Обрыв 4-го колена: исходящие неизвестны."
"100000000307908100","peripheral",0.2,40,0.227927,"Гипотеза: роль не определена. 1 плательщик: 5 тыс ₸; 0 получателей: 0 ₸. Отдано дальше 0% наблюдаемого входа."
"100000000331309100","distributor",0.8999999999999999,5,0.975213,"Гипотеза: веерная раздача. Также признаки консолидации: 5 плательщиков. Получено 984,63 тыс ₸; 99 получателей: 23 млн ₸. Источник средств вне выборки."
"100000000332284100","consolidator",0.7999999999999999,5,0.890612,"Гипотеза: признаки консолидации. 10 плательщиков: 107,43 тыс ₸; 3 получателя: 289,5 тыс ₸. Источник средств вне выборки."
"100000000343175100","distributor",0.8325,11,0.968416,"Гипотеза: веерная раздача. Также признаки консолидации: 8 плательщиков. Получено 178,71 тыс ₸; 31 получатель: 4 млн ₸. Источник средств вне выборки."
"100000000369781100","peripheral",0.2,5,0.41199,"Гипотеза: роль не определена. Плательщиков: 1; получено 5 тыс ₸. Обрыв 4-го колена: исходящие неизвестны."
"100000000375150100","peripheral",0.2,12,0.479924,"Гипотеза: роль не определена. Плательщиков: 1; получено 300 тыс ₸. Обрыв 4-го колена: исходящие неизвестны."
"100000000404740100","peripheral",0.2,24,0.343125,"Гипотеза: роль не определена. Плательщиков: 1; получено 25 тыс ₸. Обрыв 4-го колена: исходящие неизвестны."
"100000000408846100","terminal",0.55,25,0.317059,"Гипотеза: конечный получатель за период. 1 плательщик: 40,5 тыс ₸; 0 получателей: 0 ₸. Отдано дальше 0% наблюдаемого входа."
"100000000413678100","peripheral",0.2,3,0.415495,"Гипотеза: роль не определена. 2 плательщика: 306,5 тыс ₸; 3 получателя: 528,2 тыс ₸. Источник средств вне выборки."
"100000000424935100","peripheral",0.2,27,0.26614,"Гипотеза: роль не определена. Плательщиков: 1; получено 15 тыс ₸. Обрыв 4-го колена: исходящие неизвестны."
"100000000425407100","terminal",0.55,2,0.286249,"Гипотеза: конечный получатель за период. 1 плательщик: 20 тыс ₸; 0 получателей: 0 ₸. Отдано дальше 0% наблюдаемого входа."
"100000000437046100","coordinator",0.7983985765124555,0,0.972364,"Гипотеза: координация. Также признаки консолидации: 9 плательщиков. Получено 1,11 млн ₸; 42 получателя: 7,61 млн ₸. В 7 хабов направлено 24% выхода. Источник средств вне выборки."
"100000000440392100","terminal",0.55,4,0.465108,"Гипотеза: конечный получатель за период. 1 плательщик: 105,7 тыс ₸; 0 получателей: 0 ₸. Отдано дальше 0% наблюдаемого входа."
"100000000456947100","peripheral",0.2,69,0.0,"Гипотеза: роль не определена. 0 плательщиков: 0 ₸; 0 получателей: 0 ₸. Входящие исходного клиента неполны."
"100000000470237100","peripheral",0.2,27,0.36236,"Гипотеза: роль не определена. Плательщиков: 1; получено 32,5 тыс ₸. Обрыв 4-го колена: исходящие неизвестны."
"100000000481716100","peripheral",0.2,7,0.272129,"Гипотеза: роль не определена. 1 плательщик: 8 тыс ₸; 0 получателей: 0 ₸. Отдано дальше 0% наблюдаемого входа."
"100000000489417100","transit",0.8,12,0.756853,"Гипотеза: транзит. 3 плательщика: 73,5 тыс ₸; 1 получатель: 80 тыс ₸. Отдано дальше 109% наблюдаемого входа."
"100000000490383100","distributor",0.6599999999999999,4,0.89317,"Гипотеза: веерная раздача. 3 плательщика: 62,6 тыс ₸; 8 получателей: 461,38 тыс ₸. Источник средств вне выборки."
"100000000500040100","peripheral",0.2,0,0.37814,"Гипотеза: роль не определена. Плательщиков: 1; получено 20 тыс ₸. Обрыв 4-го колена: исходящие неизвестны."
"100000000507799100","peripheral",0.2,36,0.46753,"Гипотеза: роль не определена. 1 плательщик: 5,13 тыс ₸; 1 получатель: 8 тыс ₸."
"100000000533217100","terminal",0.55,0,0.395603,"Гипотеза: конечный получатель за период. 1 плательщик: 53,59 тыс ₸; 0 получателей: 0 ₸. Отдано дальше 0% наблюдаемого входа."
"100000000534581100","peripheral",0.2,3,0.704385,"Гипотеза: роль не определена. 2 плательщика: 55,96 тыс ₸; 1 получатель: 40 тыс ₸. Отдано дальше 71% наблюдаемого входа."
"100000000542087100","peripheral",0.2,34,0.343753,"Гипотеза: роль не определена. Плательщиков: 1; получено 8,51 тыс ₸. Обрыв 4-го колена: исходящие неизвестны."
"100000000552584100","terminal",0.55,22,0.780204,"Гипотеза: конечный получатель за период. 1 плательщик: 2,5 млн ₸; 1 получатель: 57,5 тыс ₸. Отдано дальше 2% наблюдаемого входа."
"100000000555721100","terminal",0.55,0,0.634713,"Гипотеза: конечный получатель за период. 2 плательщика: 113 тыс ₸; 0 получателей: 0 ₸. Отдано дальше 0% наблюдаемого входа."
"100000000557536100","peripheral",0.2,34,0.531673,"Гипотеза: роль не определена. Плательщиков: 1; получено 153 тыс ₸. Обрыв 4-го колена: исходящие неизвестны."
"100000000560751100","terminal",0.55,12,0.43349,"Гипотеза: конечный получатель за период. 1 плательщик: 25 тыс ₸; 0 получателей: 0 ₸. Отдано дальше 0% наблюдаемого входа."
"100000000561160100","peripheral",0.2,2,0.543618,"Гипотеза: роль не определена. Плательщиков: 1; получено 240 тыс ₸. Обрыв 4-го колена: исходящие неизвестны."
"100000000569479100","terminal",0.55,0,0.460274,"Гипотеза: конечный получатель за период. 1 плательщик: 320 тыс ₸; 0 получателей: 0 ₸. Отдано дальше 0% наблюдаемого входа."
"100000000572276100","peripheral",0.2,1,0.227759,"Гипотеза: роль не определена. 1 плательщик: 13,07 тыс ₸; 1 получатель: 34,55 тыс ₸. Источник средств вне выборки."
"100000000580561100","peripheral",0.2,41,0.241993,"Гипотеза: роль не определена. 2 плательщика: 27,98 тыс ₸; 3 получателя: 1,49 млн ₸. Источник средств вне выборки."
"100000000581662100","peripheral",0.2,13,0.2893,"Гипотеза: роль не определена. Плательщиков: 1; получено 21,16 тыс ₸. Обрыв 4-го колена: исходящие неизвестны."
"100000000581682100","peripheral",0.2,27,0.214603,"Гипотеза: роль не определена. Плательщиков: 1; получено 5 тыс ₸. Обрыв 4-го колена: исходящие неизвестны."
"100000000583220100","peripheral",0.2,65,0.349411,"Гипотеза: роль не определена. 1 плательщик: 5 тыс ₸; 1 получатель: 761,25 тыс ₸. Источник средств вне выборки."
"100000000594783100","terminal",0.55,22,0.826638,"Гипотеза: конечный получатель за период. 1 плательщик: 2,63 млн ₸; 2 получателя: 152,5 тыс ₸. Отдано дальше 6% наблюдаемого входа."
"100000000596954100","peripheral",0.2,2,0.802826,"Гипотеза: роль не определена. 1 плательщик: 120 тыс ₸; 2 получателя: 48,1 тыс ₸. Отдано дальше 40% наблюдаемого входа."
"100000000600707100","peripheral",0.2,35,0.416229,"Гипотеза: роль не определена. Плательщиков: 1; получено 89 тыс ₸. Обрыв 4-го колена: исходящие неизвестны."
"100000000607731100","peripheral",0.2,28,0.267115,"Гипотеза: роль не определена. 1 плательщик: 20 тыс ₸; 1 получатель: 66,67 тыс ₸. Источник средств вне выборки."
"100000000607941100","peripheral",0.2,4,0.384287,"Гипотеза: роль не определена. 2 плательщика: 50 тыс ₸; 1 получатель: 70 тыс ₸. Источник средств вне выборки."
"100000000608031100","peripheral",0.2,16,0.351862,"Гипотеза: роль не определена. Плательщиков: 1; получено 30 тыс ₸. Обрыв 4-го колена: исходящие неизвестны."
"100000000611474100","terminal",0.55,21,0.362091,"Гипотеза: конечный получатель за период. 1 плательщик: 32 тыс ₸; 0 получателей: 0 ₸. Отдано дальше 0% наблюдаемого входа."
"100000000625169100","peripheral",0.2,1,0.22371,"Гипотеза: роль не определена. 1 плательщик: 10 тыс ₸; 0 получателей: 0 ₸. Отдано дальше 0% наблюдаемого входа."
"100000000627521100","peripheral",0.2,37,0.338437,"Гипотеза: роль не определена. Плательщиков: 1; получено 6,5 тыс ₸. Обрыв 4-го колена: исходящие неизвестны."
"100000000629812100","terminal",0.55,54,0.614625,"Гипотеза: конечный получатель за период. 2 плательщика: 22 тыс ₸; 0 получателей: 0 ₸. Отдано дальше 0% наблюдаемого входа."
"100000000634341100","peripheral",0.2,0,0.339502,"Гипотеза: роль не определена. Плательщиков: 1; получено 24 тыс ₸. Обрыв 4-го колена: исходящие неизвестны."
"100000000640800100","peripheral",0.2,3,0.345671,"Гипотеза: роль не определена. 1 плательщик: 80 тыс ₸; 4 получателя: 518,13 тыс ₸. Источник средств вне выборки."
"100000000646541100","terminal",0.55,0,0.671523,"Гипотеза: конечный получатель за период. 3 плательщика: 25,3 тыс ₸; 0 получателей: 0 ₸. Отдано дальше 0% наблюдаемого входа."
"100000000655469100","peripheral",0.2,20,0.395637,"Гипотеза: роль не определена. Плательщиков: 1; получено 20 тыс ₸. Обрыв 4-го колена: исходящие неизвестны."
"100000000656682100","transit",0.65,0,0.661541,"Гипотеза: транзит. 1 плательщик: 71 тыс ₸; 2 получателя: 80 тыс ₸. Отдано дальше 113% наблюдаемого входа."
"100000000661131100","peripheral",0.2,1,0.236743,"Гипотеза: роль не определена. 1 плательщик: 15,6 тыс ₸; 0 получателей: 0 ₸. Отдано дальше 0% наблюдаемого входа."
"100000000661912100","consolidator",0.7,3,0.860711,"Гипотеза: признаки консолидации. 5 плательщиков: 393,04 тыс ₸; 2 получателя: 430,7 тыс ₸. Отдано дальше 110% наблюдаемого входа."
"100000000667713100","peripheral",0.2,4,0.813986,"Гипотеза: роль не определена. 2 плательщика: 119,5 тыс ₸; 6 получателей: 79,24 тыс ₸. Отдано дальше 66% наблюдаемого входа."
"100000000673868100","terminal",0.55,29,0.777793,"Гипотеза: конечный получатель за период. 1 плательщик: 2,03 млн ₸; 5 получателей: 383 тыс ₸. Отдано дальше 19% наблюдаемого входа."
"100000000673915100","peripheral",0.2,34,0.387663,"Гипотеза: роль не определена. Плательщиков: 1; получено 20,2 тыс ₸. Обрыв 4-го колена: исходящие неизвестны."
"100000000703894100","peripheral",0.2,28,0.588044,"Гипотеза: роль не определена. 1 плательщик: 120 тыс ₸; 1 получатель: 35 тыс ₸. Отдано дальше 29% наблюдаемого входа."
"100000000703902100","terminal",0.55,1,0.278735,"Гипотеза: конечный получатель за период. 1 плательщик: 25,5 тыс ₸; 0 получателей: 0 ₸. Отдано дальше 0% наблюдаемого входа."
"100000000704700100","peripheral",0.2,23,0.292687,"Гипотеза: роль не определена. Плательщиков: 1; получено 10 тыс ₸. Обрыв 4-го колена: исходящие неизвестны."
"100000000706545100","terminal",0.55,4,0.841712,"Гипотеза: конечный получатель за период. 3 плательщика: 1,07 млн ₸; 1 получатель: 75,8 тыс ₸. Отдано дальше 7% наблюдаемого входа."
"100000000718427100","peripheral",0.2,1,0.206606,"Гипотеза: роль не определена. 1 плательщик: 6 тыс ₸; 0 получателей: 0 ₸. Отдано дальше 0% наблюдаемого входа."
"100000000723383100","peripheral",0.2,20,0.296086,"Гипотеза: роль не определена. 1 плательщик: 6,8 тыс ₸; 2 получателя: 75 тыс ₸. Источник средств вне выборки."
"100000000724540100","peripheral",0.2,17,0.359231,"Гипотеза: роль не определена. 1 плательщик: 50 тыс ₸; 1 получатель: 100 тыс ₸. Источник средств вне выборки."
"100000000733373100","peripheral",0.2,4,0.394583,"Гипотеза: роль не определена. 1 плательщик: 10,71 тыс ₸; 0 получателей: 0 ₸. Отдано дальше 0% наблюдаемого входа."
"100000000733451100","peripheral",0.2,12,0.362208,"Гипотеза: роль не определена. 1 плательщик: 70 тыс ₸; 1 получатель: 300 тыс ₸. Источник средств вне выборки."
"100000000733940100","peripheral",0.2,30,0.490287,"Гипотеза: роль не определена. Плательщиков: 1; получено 752 тыс ₸. Обрыв 4-го колена: исходящие неизвестны."
"100000000737152100","peripheral",0.2,0,0.474764,"Гипотеза: роль не определена. Плательщиков: 1; получено 35 тыс ₸. Обрыв 4-го колена: исходящие неизвестны."
"100000000749118100","peripheral",0.2,0,0.509275,"Гипотеза: роль не определена. 1 плательщик: 10,33 тыс ₸; 1 получатель: 16,5 тыс ₸."
"100000000764836100","terminal",0.55,3,0.646994,"Гипотеза: конечный получатель за период. 1 плательщик: 251,72 тыс ₸; 2 получателя: 50 тыс ₸. Отдано дальше 20% наблюдаемого входа."
"100000000765628100","peripheral",0.2,4,0.24686,"Гипотеза: роль не определена. 1 плательщик: 5 тыс ₸; 0 получателей: 0 ₸. Отдано дальше 0% наблюдаемого входа."
"100000000769919100","terminal",0.55,60,0.472589,"Гипотеза: конечный получатель за период. 1 плательщик: 250 тыс ₸; 0 получателей: 0 ₸. Отдано дальше 0% наблюдаемого входа."
"100000000782285100","peripheral",0.2,0,0.255114,"Гипотеза: роль не определена. 1 плательщик: 6,15 тыс ₸; 0 получателей: 0 ₸. Отдано дальше 0% наблюдаемого входа."
"100000000783406100","peripheral",0.2,33,0.218158,"Гипотеза: роль не определена. 1 плательщик: 6,07 тыс ₸; 0 получателей: 0 ₸. Отдано дальше 0% наблюдаемого входа."
"100000000785800100","transit",0.8,55,0.499865,"Гипотеза: транзит. 1 плательщик: 19 тыс ₸; 1 получатель: 19 тыс ₸. Отдано дальше 100% наблюдаемого входа."
"100000000790311100","terminal",0.55,15,0.466252,"Гипотеза: конечный получатель за период. 1 плательщик: 46,3 тыс ₸; 0 получателей: 0 ₸. Отдано дальше 0% наблюдаемого входа."
"100000000791285100","peripheral",0.2,25,0.743136,"Гипотеза: роль не определена. 1 плательщик: 1,12 млн ₸; 3 получателя: 650 тыс ₸. Отдано дальше 58% наблюдаемого входа."
"100000000795033100","peripheral",0.2,0,0.410935,"Гипотеза: роль не определена. 1 плательщик: 18,2 тыс ₸; 0 получателей: 0 ₸. Отдано дальше 0% наблюдаемого входа."
"100000000795129100","terminal",0.55,15,0.595951,"Гипотеза: конечный получатель за период. 1 плательщик: 332 тыс ₸; 0 получателей: 0 ₸. Отдано дальше 0% наблюдаемого входа."
"100000000795374100","terminal",0.55,3,0.330529,"Гипотеза: конечный получатель за период. 1 плательщик: 50 тыс ₸; 0 получателей: 0 ₸. Отдано дальше 0% наблюдаемого входа."
"100000000802149100","terminal",0.55,0,0.369583,"Гипотеза: конечный получатель за период. 1 плательщик: 104,13 тыс ₸; 0 получателей: 0 ₸. Отдано дальше 0% наблюдаемого входа."
"100000000803368100","peripheral",0.2,14,0.435666,"Гипотеза: роль не определена. Плательщиков: 1; получено 139,5 тыс ₸. Обрыв 4-го колена: исходящие неизвестны."
"100000000806727100","terminal",0.55,3,0.694314,"Гипотеза: конечный получатель за период. 1 плательщик: 45 тыс ₸; 1 получатель: 5 тыс ₸. Отдано дальше 11% наблюдаемого входа."
"100000000810551100","terminal",0.55,2,0.701279,"Гипотеза: конечный получатель за период. 1 плательщик: 100 тыс ₸; 1 получатель: 7,1 тыс ₸. Отдано дальше 7% наблюдаемого входа."
"100000000817146100","terminal",0.55,4,0.568618,"Гипотеза: конечный получатель за период. 1 плательщик: 70,02 тыс ₸; 0 получателей: 0 ₸. Отдано дальше 0% наблюдаемого входа."
"100000000821507100","terminal",0.55,29,0.593955,"Гипотеза: конечный получатель за период. 1 плательщик: 400 тыс ₸; 0 получателей: 0 ₸. Отдано дальше 0% наблюдаемого входа."
"100000000831684100","peripheral",0.2,10,0.283277,"Гипотеза: роль не определена. 1 плательщик: 15 тыс ₸; 1 получатель: 50 тыс ₸. Источник средств вне выборки."
"100000000838385100","peripheral",0.2,27,0.712898,"Гипотеза: роль не определена. 1 плательщик: 436,9 тыс ₸; 2 получателя: 177,5 тыс ₸. Отдано дальше 41% наблюдаемого входа."
"100000000850297100","transit",0.8,7,0.459982,"Гипотеза: транзит. 1 плательщик: 17,52 тыс ₸; 1 получатель: 17,52 тыс ₸. Отдано дальше 100% наблюдаемого входа."
"100000000860514100","peripheral",0.2,24,0.255266,"Гипотеза: роль не определена. 1 плательщик: 12 тыс ₸; 1 получатель: 50 тыс ₸. Источник средств вне выборки."
"100000000861294100","terminal",0.55,6,0.405585,"Гипотеза: конечный получатель за период. 1 плательщик: 150 тыс ₸; 0 получателей: 0 ₸. Отдано дальше 0% наблюдаемого входа."
"100000000870121100","peripheral",0.2,12,0.360352,"Гипотеза: роль не определена. 1 плательщик: 12 тыс ₸; 0 получателей: 0 ₸. Отдано дальше 0% наблюдаемого входа."
"100000000878006100","terminal",0.55,5,0.434017,"Гипотеза: конечный получатель за период. 1 плательщик: 47 тыс ₸; 0 получателей: 0 ₸. Отдано дальше 0% наблюдаемого входа."
"100000000896111100","terminal",0.55,22,0.45424,"Гипотеза: конечный получатель за период. 1 плательщик: 287,1 тыс ₸; 0 получателей: 0 ₸. Отдано дальше 0% наблюдаемого входа."
"100000000907277100","peripheral",0.2,1,0.249114,"Гипотеза: роль не определена. 1 плательщик: 17,53 тыс ₸; 0 получателей: 0 ₸. Отдано дальше 0% наблюдаемого входа."
"100000000910216100","peripheral",0.2,2,0.647409,"Гипотеза: роль не определена. 1 плательщик: 71 тыс ₸; 1 получатель: 52,01 тыс ₸. Отдано дальше 73% наблюдаемого входа."
"100000000912487100","peripheral",0.2,2,0.368585,"Гипотеза: роль не определена. 1 плательщик: 10 тыс ₸; 0 получателей: 0 ₸. Отдано дальше 0% наблюдаемого входа."
"100000000913911100","peripheral",0.2,2,0.395833,"Гипотеза: роль не определена. 2 плательщика: 467 тыс ₸; 1 получатель: 600 тыс ₸. Источник средств вне выборки."
"100000000917179100","terminal",0.55,14,0.405585,"Гипотеза: конечный получатель за период. 1 плательщик: 94,47 тыс ₸; 0 получателей: 0 ₸. Отдано дальше 0% наблюдаемого входа."
"100000000922570100","transit",0.65,10,0.515523,"Гипотеза: транзит. 1 плательщик: 47,1 тыс ₸; 1 получатель: 50 тыс ₸. Отдано дальше 106% наблюдаемого входа."
"100000000926078100","peripheral",0.2,3,0.550348,"Гипотеза: роль не определена. Плательщиков: 1; получено 250 тыс ₸. Обрыв 4-го колена: исходящие неизвестны."
"100000000926766100","peripheral",0.2,24,0.461777,"Гипотеза: роль не определена. 1 плательщик: 18,75 тыс ₸; 1 получатель: 6 тыс ₸. Отдано дальше 32% наблюдаемого входа."
"100000000933075100","peripheral",0.2,10,0.358804,"Гипотеза: роль не определена. 1 плательщик: 40 тыс ₸; 2 получателя: 55 тыс ₸. Источник средств вне выборки."
"100000000941942100","terminal",0.55,2,0.560016,"Гипотеза: конечный получатель за период. 1 плательщик: 130 тыс ₸; 0 получателей: 0 ₸. Отдано дальше 0% наблюдаемого входа."
"100000000942301100","terminal",0.55,0,0.438885,"Гипотеза: конечный получатель за период. 1 плательщик: 57,58 тыс ₸; 0 получателей: 0 ₸. Отдано дальше 0% наблюдаемого входа."
"100000000943371100","peripheral",0.2,12,0.446355,"Гипотеза: роль не определена. 1 плательщик: 15,5 тыс ₸; 0 получателей: 0 ₸. Отдано дальше 0% наблюдаемого входа."
"100000000945428100","terminal",0.55,0,0.370502,"Гипотеза: конечный получатель за период. 1 плательщик: 89,63 тыс ₸; 0 получателей: 0 ₸. Отдано дальше 0% наблюдаемого входа."
"100000000954884100","terminal",0.55,33,0.324664,"Гипотеза: конечный получатель за период. 1 плательщик: 34 тыс ₸; 0 получателей: 0 ₸. Отдано дальше 0% наблюдаемого входа."
"100000000955444100","peripheral",0.2,41,0.265433,"Гипотеза: роль не определена. 1 плательщик: 6,91 тыс ₸; 0 получателей: 0 ₸. Отдано дальше 0% наблюдаемого входа."
"100000000955529100","peripheral",0.2,2,0.257907,"Гипотеза: роль не определена. 1 плательщик: 27 тыс ₸; 1 получатель: 63,5 тыс ₸. Источник средств вне выборки."
"100000000957746100","peripheral",0.2,16,0.395615,"Гипотеза: роль не определена. Плательщиков: 1; получено 5,3 тыс ₸. Обрыв 4-го колена: исходящие неизвестны."
"100000000961900100","terminal",0.55,0,0.461833,"Гипотеза: конечный получатель за период. 2 плательщика: 36 тыс ₸; 0 получателей: 0 ₸. Отдано дальше 0% наблюдаемого входа."
"100000000967918100","terminal",0.55,0,0.415455,"Гипотеза: конечный получатель за период. 1 плательщик: 21,2 тыс ₸; 0 получателей: 0 ₸. Отдано дальше 0% наблюдаемого входа."
"100000000968253100","peripheral",0.2,1,0.237293,"Гипотеза: роль не определена. 1 плательщик: 15 тыс ₸; 0 получателей: 0 ₸. Отдано дальше 0% наблюдаемого входа."
"100000000971908100","terminal",0.55,6,0.370245,"Гипотеза: конечный получатель за период. 1 плательщик: 89 тыс ₸; 0 получателей: 0 ₸. Отдано дальше 0% наблюдаемого входа."
"100000000976943100","transit",0.7000000000000001,11,0.57832,"Гипотеза: транзит. 1 плательщик: 70 тыс ₸; 1 получатель: 84 тыс ₸. Отдано дальше 120% наблюдаемого входа."
"100000000978041100","terminal",0.55,1,0.319044,"Гипотеза: конечный получатель за период. 1 плательщик: 44,45 тыс ₸; 0 получателей: 0 ₸. Отдано дальше 0% наблюдаемого входа."
"100000000979567100","peripheral",0.2,1,0.291297,"Гипотеза: роль не определена. 1 плательщик: 10 тыс ₸; 0 получателей: 0 ₸. Отдано дальше 0% наблюдаемого входа."
"100000000979923100","terminal",0.55,11,0.54797,"Гипотеза: конечный получатель за период. 1 плательщик: 97,9 тыс ₸; 0 получателей: 0 ₸. Отдано дальше 0% наблюдаемого входа."
"100000000981693100","peripheral",0.2,0,0.403073,"Гипотеза: роль не определена. Плательщиков: 1; получено 16,5 тыс ₸. Обрыв 4-го колена: исходящие неизвестны."
"100000000993112100","terminal",0.55,31,0.426256,"Гипотеза: конечный получатель за период. 1 плательщик: 141 тыс ₸; 0 получателей: 0 ₸. Отдано дальше 0% наблюдаемого входа."
"100000000998559100","terminal",0.55,2,0.54382,"Гипотеза: конечный получатель за период. 1 плательщик: 100 тыс ₸; 0 получателей: 0 ₸. Отдано дальше 0% наблюдаемого входа."
"100000001009583100","terminal",0.55,5,0.568697,"Гипотеза: конечный получатель за период. 1 плательщик: 393,74 тыс ₸; 0 получателей: 0 ₸. Отдано дальше 0% наблюдаемого входа."
"100000001046057100","terminal",0.55,9,0.378488,"Гипотеза: конечный получатель за период. 1 плательщик: 83,42 тыс ₸; 0 получателей: 0 ₸. Отдано дальше 0% наблюдаемого входа."
"100000001046626100","terminal",0.55,5,0.508715,"Гипотеза: конечный получатель за период. 1 плательщик: 150 тыс ₸; 0 получателей: 0 ₸. Отдано дальше 0% наблюдаемого входа."
"100000001049200100","peripheral",0.2,18,0.757885,"Гипотеза: роль не определена. 2 плательщика: 76,62 тыс ₸; 4 получателя: 36 тыс ₸. Отдано дальше 47% наблюдаемого входа."
"100000001052789100","terminal",0.55,18,0.352939,"Гипотеза: конечный получатель за период. 1 плательщик: 70,97 тыс ₸; 0 получателей: 0 ₸. Отдано дальше 0% наблюдаемого входа."
"100000001052945100","peripheral",0.2,56,0.347959,"Гипотеза: роль не определена. 1 плательщик: 56,52 тыс ₸; 3 получателя: 1,6 млн ₸. Источник средств вне выборки."
"100000001053894100","peripheral",0.2,37,0.645951,"Гипотеза: роль не определена. Плательщиков: 1; получено 2 млн ₸. Обрыв 4-го колена: исходящие неизвестны."
"100000001056414100","terminal",0.55,13,0.505754,"Гипотеза: конечный получатель за период. 1 плательщик: 250 тыс ₸; 0 получателей: 0 ₸. Отдано дальше 0% наблюдаемого входа."
"100000001063678100","peripheral",0.2,21,0.347499,"Гипотеза: роль не определена. 1 плательщик: 35 тыс ₸; 2 получателя: 90 тыс ₸. Источник средств вне выборки."
"100000001065234100","peripheral",0.2,15,0.479711,"Гипотеза: роль не определена. Плательщиков: 1; получено 360 тыс ₸. Обрыв 4-го колена: исходящие неизвестны."
"100000001065481100","peripheral",0.2,12,0.30443,"Гипотеза: роль не определена. Плательщиков: 1; получено 16 тыс ₸. Обрыв 4-го колена: исходящие неизвестны."
"100000001066017100","peripheral",0.2,0,0.748957,"Гипотеза: роль не определена. 2 плательщика: 136,12 тыс ₸; 4 получателя: 82,5 тыс ₸. Отдано дальше 61% наблюдаемого входа."
"100000001072022100","terminal",0.55,2,0.884017,"Гипотеза: конечный получатель за период. 3 плательщика: 1,68 млн ₸; 0 получателей: 0 ₸. Отдано дальше 0% наблюдаемого входа."
"100000001073568100","peripheral",0.2,14,0.699641,"Гипотеза: роль не определена. 1 плательщик: 707,47 тыс ₸; 2 получателя: 219,5 тыс ₸. Отдано дальше 31% наблюдаемого входа."
"100000001074553100","terminal",0.55,8,0.525359,"Гипотеза: конечный получатель за период. 2 плательщика: 28,97 тыс ₸; 0 получателей: 0 ₸. Отдано дальше 0% наблюдаемого входа."
"100000001083990100","terminal",0.55,10,0.466633,"Гипотеза: конечный получатель за период. 1 плательщик: 49,9 тыс ₸; 0 получателей: 0 ₸. Отдано дальше 0% наблюдаемого входа."
"100000001089055100","peripheral",0.2,16,0.277669,"Гипотеза: роль не определена. Плательщиков: 1; получено 13 тыс ₸. Обрыв 4-го колена: исходящие неизвестны."
"100000001102676100","transit",0.8,2,0.63183,"Гипотеза: транзит. 1 плательщик: 50 тыс ₸; 1 получатель: 50 тыс ₸. Отдано дальше 100% наблюдаемого входа."
"100000001103905100","peripheral",0.2,1,0.251671,"Гипотеза: роль не определена. 1 плательщик: 18 тыс ₸; 0 получателей: 0 ₸. Отдано дальше 0% наблюдаемого входа."
"100000001110358100","terminal",0.55,0,0.544067,"Гипотеза: конечный получатель за период. 2 плательщика: 32 тыс ₸; 0 получателей: 0 ₸. Отдано дальше 0% наблюдаемого входа."
"100000001111763100","peripheral",0.2,1,0.246916,"Гипотеза: роль не определена. 1 плательщик: 17,14 тыс ₸; 0 получателей: 0 ₸. Отдано дальше 0% наблюдаемого входа."
"100000001114385100","terminal",0.55,2,0.375471,"Гипотеза: конечный получатель за период. 1 плательщик: 29,5 тыс ₸; 0 получателей: 0 ₸. Отдано дальше 0% наблюдаемого входа."
"100000001126374100","terminal",0.55,0,0.757593,"Гипотеза: конечный получатель за период. 4 плательщика: 182,5 тыс ₸; 2 получателя: 29,2 тыс ₸. Отдано дальше 16% наблюдаемого входа."
"100000001130176100","terminal",0.55,0,0.4786,"Гипотеза: конечный получатель за период. 1 плательщик: 25 тыс ₸; 0 получателей: 0 ₸. Отдано дальше 0% наблюдаемого входа."
"100000001130553100","peripheral",0.2,5,0.456819,"Гипотеза: роль не определена. Плательщиков: 1; получено 18 тыс ₸. Обрыв 4-го колена: исходящие неизвестны."
"100000001131403100","peripheral",0.2,56,0.514984,"Гипотеза: роль не определена. Плательщиков: 1; получено 1,57 млн ₸. Обрыв 4-го колена: исходящие неизвестны."
"100000001138283100","peripheral",0.2,3,0.589345,"Гипотеза: роль не определена. 1 плательщик: 81,81 тыс ₸; 2 получателя: 50 тыс ₸. Отдано дальше 61% наблюдаемого входа."
"100000001138376100","peripheral",0.2,15,0.381617,"Гипотеза: роль не определена. 1 плательщик: 15,3 тыс ₸; 0 получателей: 0 ₸. Отдано дальше 0% наблюдаемого входа."
"100000001140785100","terminal",0.55,9,0.713717,"Гипотеза: конечный получатель за период. 2 плательщика: 215 тыс ₸; 0 получателей: 0 ₸. Отдано дальше 0% наблюдаемого входа."
"100000001141268100","terminal",0.55,17,0.807997,"Гипотеза: конечный получатель за период. 2 плательщика: 480 тыс ₸; 1 получатель: 10 тыс ₸. Отдано дальше 2% наблюдаемого входа."
"100000001145749100","peripheral",0.2,2,0.378567,"Гипотеза: роль не определена. 1 плательщик: 10 тыс ₸; 0 получателей: 0 ₸. Отдано дальше 0% наблюдаемого входа."
"100000001149815100","peripheral",0.2,1,0.223194,"Гипотеза: роль не определена. 1 плательщик: 12 тыс ₸; 0 получателей: 0 ₸. Отдано дальше 0% наблюдаемого входа."
"100000001155773100","terminal",0.55,1,0.260633,"Гипотеза: конечный получатель за период. 1 плательщик: 21,5 тыс ₸; 0 получателей: 0 ₸. Отдано дальше 0% наблюдаемого входа."
"100000001160401100","terminal",0.55,0,0.337876,"Гипотеза: конечный получатель за период. 1 плательщик: 47,19 тыс ₸; 0 получателей: 0 ₸. Отдано дальше 0% наблюдаемого входа."
"100000001162560100","distributor",0.69,8,0.759332,"Гипотеза: веерная раздача. 1 плательщик: 331,3 тыс ₸; 12 получателей: 2,9 млн ₸. Источник средств вне выборки."
"100000001164648100","peripheral",0.2,7,0.527894,"Гипотеза: роль не определена. 2 плательщика: 13,66 тыс ₸; 0 получателей: 0 ₸. Отдано дальше 0% наблюдаемого входа."
"100000001166289100","terminal",0.55,1,0.716442,"Гипотеза: конечный получатель за период. 2 плательщика: 721,04 тыс ₸; 1 получатель: 25 тыс ₸. Отдано дальше 3% наблюдаемого входа."
"100000001169666100","terminal",0.55,7,0.58699,"Гипотеза: конечный получатель за период. 1 плательщик: 220 тыс ₸; 1 получатель: 24 тыс ₸. Отдано дальше 11% наблюдаемого входа."
"100000001184915100","terminal",0.55,15,0.569415,"Гипотеза: конечный получатель за период. 1 плательщик: 201 тыс ₸; 0 получателей: 0 ₸. Отдано дальше 0% наблюдаемого входа."
"100000001194266100","terminal",0.55,2,0.492867,"Гипотеза: конечный получатель за период. 1 плательщик: 50 тыс ₸; 0 получателей: 0 ₸. Отдано дальше 0% наблюдаемого входа."
"100000001202637100","peripheral",0.2,7,0.295873,"Гипотеза: роль не определена. Плательщиков: 1; получено 10 тыс ₸. Обрыв 4-го колена: исходящие неизвестны."
"100000001202787100","peripheral",0.2,0,0.576615,"Гипотеза: роль не определена. Плательщиков: 2; получено 14,85 тыс ₸. Обрыв 4-го колена: исходящие неизвестны."
"100000001220124100","peripheral",0.2,3,0.459051,"Гипотеза: роль не определена. Плательщиков: 1; получено 40 тыс ₸. Обрыв 4-го колена: исходящие неизвестны."
"100000001222245100","peripheral",0.2,5,0.621377,"Гипотеза: роль не определена. Плательщиков: 1; получено 420 тыс ₸. Обрыв 4-го колена: исходящие неизвестны."
"100000001222263100","peripheral",0.2,5,0.763852,"Гипотеза: роль не определена. 1 плательщик: 745,57 тыс ₸; 1 получатель: 420 тыс ₸. Отдано дальше 56% наблюдаемого входа."
"100000001223977100","peripheral",0.2,48,0.538919,"Гипотеза: роль не определена. 1 плательщик: 5 тыс ₸; 1 получатель: 18 тыс ₸."
"100000001227106100","terminal",0.55,5,0.515803,"Гипотеза: конечный получатель за период. 1 плательщик: 164,76 тыс ₸; 0 получателей: 0 ₸. Отдано дальше 0% наблюдаемого входа."
"100000001229743100","peripheral",0.2,0,0.394426,"Гипотеза: роль не определена. 1 плательщик: 7 тыс ₸; 1 получатель: 9 тыс ₸."
"100000001232297100","peripheral",0.2,12,0.347852,"Гипотеза: роль не определена. 1 плательщик: 5 тыс ₸; 2 получателя: 45 тыс ₸. Источник средств вне выборки."
"100000001236706100","peripheral",0.2,12,0.866184,"Гипотеза: роль не определена. 3 плательщика: 142,7 тыс ₸; 2 получателя: 36 тыс ₸. Отдано дальше 25% наблюдаемого входа."
"100000001241318100","terminal",0.55,0,0.38469,"Гипотеза: конечный получатель за период. 1 плательщик: 53 тыс ₸; 0 получателей: 0 ₸. Отдано дальше 0% наблюдаемого входа."
"100000001246806100","peripheral",0.2,8,0.430361,"Гипотеза: роль не определена. Плательщиков: 1; получено 130 тыс ₸. Обрыв 4-го колена: исходящие неизвестны."
"100000001248999100","terminal",0.55,16,0.265074,"Гипотеза: конечный получатель за период. 1 плательщик: 23,43 тыс ₸; 0 получателей: 0 ₸. Отдано дальше 0% наблюдаемого входа."
"100000001249054100","peripheral",0.2,7,0.349159,"Гипотеза: роль не определена. Плательщиков: 1; получено 17,38 тыс ₸. Обрыв 4-го колена: исходящие неизвестны."
"100000001250022100","terminal",0.55,6,0.329251,"Гипотеза: конечный получатель за период. 1 плательщик: 50 тыс ₸; 0 получателей: 0 ₸. Отдано дальше 0% наблюдаемого входа."
"100000001251686100","peripheral",0.2,2,0.405675,"Гипотеза: роль не определена. 1 плательщик: 18 тыс ₸; 0 получателей: 0 ₸. Отдано дальше 0% наблюдаемого входа."
"100000001252290100","terminal",0.55,5,0.659859,"Гипотеза: конечный получатель за период. 1 плательщик: 141 тыс ₸; 1 получатель: 5 тыс ₸. Отдано дальше 4% наблюдаемого входа."
"100000001253557100","consolidator",0.7,9,0.844336,"Гипотеза: признаки консолидации. 5 плательщиков: 210,2 тыс ₸; 0 получателей: 0 ₸. Отдано дальше 0% наблюдаемого входа."
"100000001256409100","peripheral",0.2,3,0.288908,"Гипотеза: роль не определена. Плательщиков: 1; получено 8 тыс ₸. Обрыв 4-го колена: исходящие неизвестны."
"100000001262647100","terminal",0.55,15,0.294392,"Гипотеза: конечный получатель за период. 1 плательщик: 23,65 тыс ₸; 0 получателей: 0 ₸. Отдано дальше 0% наблюдаемого входа."
"100000001270349100","terminal",0.55,26,0.433973,"Гипотеза: конечный получатель за период. 1 плательщик: 200 тыс ₸; 0 получателей: 0 ₸. Отдано дальше 0% наблюдаемого входа."
"100000001270470100","peripheral",0.2,0,0.429049,"Гипотеза: роль не определена. Плательщиков: 1; получено 28,3 тыс ₸. Обрыв 4-го колена: исходящие неизвестны."
"100000001273783100","terminal",0.55,7,0.283961,"Гипотеза: конечный получатель за период. 1 плательщик: 23,2 тыс ₸; 0 получателей: 0 ₸. Отдано дальше 0% наблюдаемого входа."
"100000001275557100","peripheral",0.2,21,0.305137,"Гипотеза: роль не определена. Плательщиков: 1; получено 20 тыс ₸. Обрыв 4-го колена: исходящие неизвестны."
"100000001275752100","terminal",0.55,8,0.383042,"Гипотеза: конечный получатель за период. 1 плательщик: 151,5 тыс ₸; 0 получателей: 0 ₸. Отдано дальше 0% наблюдаемого входа."
"100000001276409100","peripheral",0.2,7,0.479509,"Гипотеза: роль не определена. Плательщиков: 1; получено 94,76 тыс ₸. Обрыв 4-го колена: исходящие неизвестны."
"100000001279272100","peripheral",0.2,0,0.642642,"Гипотеза: роль не определена. 1 плательщик: 250 тыс ₸; 2 получателя: 136,76 тыс ₸. Отдано дальше 55% наблюдаемого входа."
"100000001279875100","terminal",0.55,13,0.339121,"Гипотеза: конечный получатель за период. 1 плательщик: 49,23 тыс ₸; 0 получателей: 0 ₸. Отдано дальше 0% наблюдаемого входа."
"100000001280798100","terminal",0.55,7,0.281965,"Гипотеза: конечный получатель за период. 1 плательщик: 23,79 тыс ₸; 0 получателей: 0 ₸. Отдано дальше 0% наблюдаемого входа."
"100000001282143100","consolidator",0.7,13,0.913336,"Гипотеза: признаки консолидации. 5 плательщиков: 1,7 млн ₸; 0 получателей: 0 ₸. Отдано дальше 0% наблюдаемого входа."
"100000001285440100","terminal",0.55,17,0.587214,"Гипотеза: конечный получатель за период. 2 плательщика: 243 тыс ₸; 0 получателей: 0 ₸. Отдано дальше 0% наблюдаемого входа."
"100000001286703100","peripheral",0.2,37,0.386844,"Гипотеза: роль не определена. Плательщиков: 1; получено 20,5 тыс ₸. Обрыв 4-го колена: исходящие неизвестны."
"100000001287955100","peripheral",0.2,13,0.326806,"Гипотеза: роль не определена. 1 плательщик: 17,52 тыс ₸; 4 получателя: 310 тыс ₸. Источник средств вне выборки."
"100000001290243100","peripheral",0.2,4,0.265186,"Гипотеза: роль не определена. 1 плательщик: 10 тыс ₸; 0 получателей: 0 ₸. Отдано дальше 0% наблюдаемого входа."
"100000001297206100","peripheral",0.2,0,0.237259,"Гипотеза: роль не определена. Плательщиков: 1; получено 6,76 тыс ₸. Обрыв 4-го колена: исходящие неизвестны."
"100000001298099100","peripheral",0.2,7,0.263964,"Гипотеза: роль не определена. 1 плательщик: 19 тыс ₸; 0 получателей: 0 ₸. Отдано дальше 0% наблюдаемого входа."
"100000001299323100","peripheral",0.2,8,0.470615,"Гипотеза: роль не определена. Плательщиков: 1; получено 109 тыс ₸. Обрыв 4-го колена: исходящие неизвестны."
"100000001299443100","peripheral",0.2,7,0.22076,"Гипотеза: роль не определена. Плательщиков: 1; получено 8 тыс ₸. Обрыв 4-го колена: исходящие неизвестны."
"100000001299828100","peripheral",0.2,0,0.42186,"Гипотеза: роль не определена. Плательщиков: 1; получено 100 тыс ₸. Обрыв 4-го колена: исходящие неизвестны."
"100000001303311100","consolidator",0.7,17,0.877512,"Гипотеза: признаки консолидации. 5 плательщиков: 1,32 млн ₸; 0 получателей: 0 ₸. Отдано дальше 0% наблюдаемого входа."
"100000001307612100","terminal",0.55,1,0.309623,"Гипотеза: конечный получатель за период. 1 плательщик: 38,48 тыс ₸; 0 получателей: 0 ₸. Отдано дальше 0% наблюдаемого входа."
"100000001308856100","terminal",0.55,1,0.292609,"Гипотеза: конечный получатель за период. 1 плательщик: 27 тыс ₸; 0 получателей: 0 ₸. Отдано дальше 0% наблюдаемого входа."
"100000001311175100","peripheral",0.2,13,0.468304,"Гипотеза: роль не определена. Плательщиков: 1; получено 300 тыс ₸. Обрыв 4-го колена: исходящие неизвестны."
"100000001317336100","peripheral",0.2,30,0.347835,"Гипотеза: роль не определена. 1 плательщик: 131,2 тыс ₸; 2 получателя: 1,75 млн ₸. Источник средств вне выборки."
"100000001325618100","peripheral",0.2,7,0.225594,"Гипотеза: роль не определена. Плательщиков: 1; получено 9,3 тыс ₸. Обрыв 4-го колена: исходящие неизвестны."
"100000001329153100","terminal",0.55,0,0.475269,"Гипотеза: конечный получатель за период. 1 плательщик: 150,69 тыс ₸; 0 получателей: 0 ₸. Отдано дальше 0% наблюдаемого входа."
"100000001330595100","peripheral",0.2,23,0.346327,"Гипотеза: роль не определена. 3 плательщика: 87 тыс ₸; 1 получатель: 154 тыс ₸. Источник средств вне выборки."
"100000001330685100","terminal",0.55,5,0.870312,"Гипотеза: конечный получатель за период. 3 плательщика: 2,44 млн ₸; 1 получатель: 100,5 тыс ₸. Отдано дальше 4% наблюдаемого входа."
"100000001339466100","terminal",0.55,2,0.44714,"Гипотеза: конечный получатель за период. 1 плательщик: 30 тыс ₸; 0 получателей: 0 ₸. Отдано дальше 0% наблюдаемого входа."
"100000001346560100","peripheral",0.2,3,0.370486,"Гипотеза: роль не определена. 2 плательщика: 10 тыс ₸; 1 получатель: 22,2 тыс ₸. Источник средств вне выборки."
"100000001362940100","terminal",0.55,2,0.526122,"Гипотеза: конечный получатель за период. 1 плательщик: 81 тыс ₸; 0 получателей: 0 ₸. Отдано дальше 0% наблюдаемого входа."
"100000001363952100","peripheral",0.2,3,0.630103,"Гипотеза: роль не определена. 2 плательщика: 196,66 тыс ₸; 1 получатель: 91 тыс ₸. Отдано дальше 46% наблюдаемого входа."
"100000001373265100","terminal",0.55,3,0.558928,"Гипотеза: конечный получатель за период. 1 плательщик: 142,48 тыс ₸; 1 получатель: 5 тыс ₸. Отдано дальше 4% наблюдаемого входа."
"100000001378288100","peripheral",0.2,3,0.462135,"Гипотеза: роль не определена. Плательщиков: 1; получено 268 тыс ₸. Обрыв 4-го колена: исходящие неизвестны."
"100000001379511100","terminal",0.55,9,0.35231,"Гипотеза: конечный получатель за период. 1 плательщик: 55 тыс ₸; 0 получателей: 0 ₸. Отдано дальше 0% наблюдаемого входа."
"100000001380054100","peripheral",0.2,28,0.367138,"Гипотеза: роль не определена. 2 плательщика: 127,05 тыс ₸; 3 получателя: 360 тыс ₸. Источник средств вне выборки."
"100000001380107100","peripheral",0.2,54,0.310969,"Гипотеза: роль не определена. 1 плательщик: 6 тыс ₸; 0 получателей: 0 ₸. Отдано дальше 0% наблюдаемого входа."
"100000001380986100","terminal",0.55,8,0.3417,"Гипотеза: конечный получатель за период. 1 плательщик: 70,17 тыс ₸; 0 получателей: 0 ₸. Отдано дальше 0% наблюдаемого входа."
"100000001382002100","transit",0.65,0,0.587528,"Гипотеза: транзит. 1 плательщик: 55 тыс ₸; 1 получатель: 56,5 тыс ₸. Отдано дальше 103% наблюдаемого входа."
"100000001384826100","terminal",0.55,5,0.719504,"Гипотеза: конечный получатель за период. 1 плательщик: 364,26 тыс ₸; 1 получатель: 10 тыс ₸. Отдано дальше 3% наблюдаемого входа."
"100000001386612100","terminal",0.55,19,0.521815,"Гипотеза: конечный получатель за период. 1 плательщик: 62,26 тыс ₸; 0 получателей: 0 ₸. Отдано дальше 0% наблюдаемого входа."
"100000001389255100","peripheral",0.2,1,0.244168,"Гипотеза: роль не определена. 1 плательщик: 16,14 тыс ₸; 0 получателей: 0 ₸. Отдано дальше 0% наблюдаемого входа."
"100000001411870100","terminal",0.55,6,0.744033,"Гипотеза: конечный получатель за период. 2 плательщика: 900 тыс ₸; 0 получателей: 0 ₸. Отдано дальше 0% наблюдаемого входа."
"100000001415126100","peripheral",0.2,19,0.298073,"Гипотеза: роль не определена. 1 плательщик: 27 тыс ₸; 0 получателей: 0 ₸. Входящие исходного клиента неполны."
"100000001418900100","terminal",0.55,1,0.321893,"Гипотеза: конечный получатель за период. 1 плательщик: 40,14 тыс ₸; 0 получателей: 0 ₸. Отдано дальше 0% наблюдаемого входа."
"100000001420847100","terminal",0.55,18,0.284275,"Гипотеза: конечный получатель за период. 1 плательщик: 20 тыс ₸; 0 получателей: 0 ₸. Отдано дальше 0% наблюдаемого входа."
"100000001427082100","peripheral",0.2,20,0.378931,"Гипотеза: роль не определена. 1 плательщик: 5 тыс ₸; 5 получателей: 124,9 тыс ₸. Источник средств вне выборки."
"100000001429930100","peripheral",0.2,12,0.289508,"Гипотеза: роль не определена. 1 плательщик: 26 тыс ₸; 0 получателей: 0 ₸. Входящие исходного клиента неполны."
"100000001439416100","peripheral",0.2,0,0.311967,"Гипотеза: роль не определена. 1 плательщик: 10 тыс ₸; 2 получателя: 165 тыс ₸. Источник средств вне выборки."
"100000001445848100","peripheral",0.2,33,0.667811,"Гипотеза: роль не определена. 1 плательщик: 546 тыс ₸; 1 получатель: 351,85 тыс ₸. Отдано дальше 64% наблюдаемого входа."
"100000001463701100","terminal",0.55,11,0.829868,"Гипотеза: конечный получатель за период. 2 плательщика: 621 тыс ₸; 0 получателей: 0 ₸. Отдано дальше 0% наблюдаемого входа."
"100000001471706100","peripheral",0.2,19,0.480114,"Гипотеза: роль не определена. Плательщиков: 1; получено 377 тыс ₸. Обрыв 4-го колена: исходящие неизвестны."
"100000001477796100","terminal",0.55,2,0.42297,"Гипотеза: конечный получатель за период. 1 плательщик: 182 тыс ₸; 0 получателей: 0 ₸. Отдано дальше 0% наблюдаемого входа."
"100000001484381100","terminal",0.55,7,0.634444,"Гипотеза: конечный получатель за период. 2 плательщика: 95,58 тыс ₸; 0 получателей: 0 ₸. Отдано дальше 0% наблюдаемого входа."
"100000001490461100","peripheral",0.2,7,0.556505,"Гипотеза: роль не определена. 1 плательщик: 20 тыс ₸; 1 получатель: 5 тыс ₸. Отдано дальше 25% наблюдаемого входа."
"100000001498732100","peripheral",0.2,49,0.213145,"Гипотеза: роль не определена. Плательщиков: 1; получено 5,5 тыс ₸. Обрыв 4-го колена: исходящие неизвестны."
"100000001524952100","terminal",0.55,0,0.383333,"Гипотеза: конечный получатель за период. 1 плательщик: 103,81 тыс ₸; 0 получателей: 0 ₸. Отдано дальше 0% наблюдаемого входа."
"100000001526235100","distributor",0.6599999999999999,24,0.766779,"Гипотеза: веерная раздача. 3 плательщика: 82 тыс ₸; 8 получателей: 432,75 тыс ₸. Источник средств вне выборки."
"100000001527186100","terminal",0.55,2,0.65166,"Гипотеза: конечный получатель за период. 1 плательщик: 678 тыс ₸; 0 получателей: 0 ₸. Отдано дальше 0% наблюдаемого входа."
"100000001530709100","terminal",0.55,0,0.407234,"Гипотеза: конечный получатель за период. 1 плательщик: 53,96 тыс ₸; 0 получателей: 0 ₸. Отдано дальше 0% наблюдаемого входа."
"100000001530740100","peripheral",0.2,4,0.305888,"Гипотеза: роль не определена. 1 плательщик: 15 тыс ₸; 0 получателей: 0 ₸. Отдано дальше 0% наблюдаемого входа."
"100000001530983100","distributor",0.6825,4,0.941173,"Гипотеза: веерная раздача. 4 плательщика: 564,16 тыс ₸; 11 получателей: 1,83 млн ₸. Источник средств вне выборки."
"100000001533161100","peripheral",0.2,42,0.393327,"Гипотеза: роль не определена. Плательщиков: 1; получено 100 тыс ₸. Обрыв 4-го колена: исходящие неизвестны."
"100000001534244100","terminal",0.55,8,0.75148,"Гипотеза: конечный получатель за период. 2 плательщика: 366 тыс ₸; 1 получатель: 45 тыс ₸. Отдано дальше 12% наблюдаемого входа."
"100000001537524100","peripheral",0.2,13,0.390691,"Гипотеза: роль не определена. Плательщиков: 1; получено 150 тыс ₸. Обрыв 4-го колена: исходящие неизвестны."
"100000001538095100","terminal",0.55,13,0.731202,"Гипотеза: конечный получатель за период. 2 плательщика: 280 тыс ₸; 0 получателей: 0 ₸. Отдано дальше 0% наблюдаемого входа."
"100000001541418100","terminal",0.55,8,0.622196,"Гипотеза: конечный получатель за период. 2 плательщика: 96,9 тыс ₸; 0 получателей: 0 ₸. Отдано дальше 0% наблюдаемого входа."
"100000001549194100","terminal",0.55,14,0.328264,"Гипотеза: конечный получатель за период. 1 плательщик: 46,5 тыс ₸; 0 получателей: 0 ₸. Отдано дальше 0% наблюдаемого входа."
"100000001550388100","terminal",0.55,0,0.329183,"Гипотеза: конечный получатель за период. 1 плательщик: 50 тыс ₸; 0 получателей: 0 ₸. Отдано дальше 0% наблюдаемого входа."
"100000001550419100","terminal",0.55,14,0.273407,"Гипотеза: конечный получатель за период. 1 плательщик: 23 тыс ₸; 0 получателей: 0 ₸. Отдано дальше 0% наблюдаемого входа."
"100000001554432100","terminal",0.55,2,0.500606,"Гипотеза: конечный получатель за период. 1 плательщик: 53,92 тыс ₸; 0 получателей: 0 ₸. Отдано дальше 0% наблюдаемого входа."
"100000001557930100","terminal",0.55,6,0.300314,"Гипотеза: конечный получатель за период. 1 плательщик: 34,61 тыс ₸; 0 получателей: 0 ₸. Отдано дальше 0% наблюдаемого входа."
"100000001567366100","terminal",0.55,4,0.579262,"Гипотеза: конечный получатель за период. 1 плательщик: 824,07 тыс ₸; 0 получателей: 0 ₸. Отдано дальше 0% наблюдаемого входа."
"100000001578517100","terminal",0.55,4,0.45009,"Гипотеза: конечный получатель за период. 1 плательщик: 30 тыс ₸; 0 получателей: 0 ₸. Отдано дальше 0% наблюдаемого входа."
"100000001584286100","terminal",0.55,13,0.802725,"Гипотеза: конечный получатель за период. 2 плательщика: 738,7 тыс ₸; 0 получателей: 0 ₸. Отдано дальше 0% наблюдаемого входа."
"100000001590795100","peripheral",0.2,7,0.206101,"Гипотеза: роль не определена. Плательщиков: 1; получено 5,06 тыс ₸. Обрыв 4-го колена: исходящие неизвестны."
"100000001597424100","terminal",0.55,14,0.332055,"Гипотеза: конечный получатель за период. 1 плательщик: 48,1 тыс ₸; 0 получателей: 0 ₸. Отдано дальше 0% наблюдаемого входа."
"100000001597505100","peripheral",0.2,31,0.488336,"Гипотеза: роль не определена. 1 плательщик: 26,46 тыс ₸; 1 получатель: 12,92 тыс ₸. Отдано дальше 49% наблюдаемого входа."
"100000001598625100","peripheral",0.2,3,0.329957,"Гипотеза: роль не определена. Плательщиков: 1; получено 25 тыс ₸. Обрыв 4-го колена: исходящие неизвестны."
"100000001600934100","terminal",0.55,3,0.620794,"Гипотеза: конечный получатель за период. 1 плательщик: 180,3 тыс ₸; 1 получатель: 11 тыс ₸. Отдано дальше 6% наблюдаемого входа."
"100000001601320100","transit",0.65,6,0.622342,"Гипотеза: транзит. 2 плательщика: 43,5 тыс ₸; 1 получатель: 46,2 тыс ₸. Отдано дальше 106% наблюдаемого входа."
"100000001609499100","terminal",0.55,0,0.766072,"Гипотеза: конечный получатель за период. 3 плательщика: 263,11 тыс ₸; 2 получателя: 21 тыс ₸. Отдано дальше 8% наблюдаемого входа."
"100000001611488100","terminal",0.55,5,0.802905,"Гипотеза: конечный получатель за период. 2 плательщика: 779,3 тыс ₸; 0 получателей: 0 ₸. Отдано дальше 0% наблюдаемого входа."
"100000001616816100","consolidator",0.7,6,0.928051,"Гипотеза: признаки консолидации. 5 плательщиков: 176,19 тыс ₸; 3 получателя: 181,33 тыс ₸. Входящие исходного клиента неполны."
"100000001632325100","terminal",0.55,1,0.363078,"Гипотеза: конечный получатель за период. 1 плательщик: 85,6 тыс ₸; 0 получателей: 0 ₸. Отдано дальше 0% наблюдаемого входа."
"100000001633685100","terminal",0.55,0,0.66983,"Гипотеза: конечный получатель за период. 3 плательщика: 45 тыс ₸; 0 получателей: 0 ₸. Отдано дальше 0% наблюдаемого входа."
"100000001637376100","peripheral",0.2,5,0.348592,"Гипотеза: роль не определена. 1 плательщик: 116,7 тыс ₸; 1 получатель: 234,25 тыс ₸. Источник средств вне выборки."
"100000001639766100","terminal",0.55,6,0.332997,"Гипотеза: конечный получатель за период. 1 плательщик: 20 тыс ₸; 0 получателей: 0 ₸. Отдано дальше 0% наблюдаемого входа."
"100000001641789100","peripheral",0.2,6,0.487517,"Гипотеза: роль не определена. 1 плательщик: 17,83 тыс ₸; 0 получателей: 0 ₸. Отдано дальше 0% наблюдаемого входа."
"100000001641951100","terminal",0.55,3,0.489928,"Гипотеза: конечный получатель за период. 1 плательщик: 25 тыс ₸; 0 получателей: 0 ₸. Отдано дальше 0% наблюдаемого входа."
"100000001648936100","terminal",0.55,6,0.373755,"Гипотеза: конечный получатель за период. 1 плательщик: 92,74 тыс ₸; 0 получателей: 0 ₸. Отдано дальше 0% наблюдаемого входа."
"100000001650895100","terminal",0.55,7,0.560588,"Гипотеза: конечный получатель за период. 1 плательщик: 153,5 тыс ₸; 1 получатель: 10 тыс ₸. Отдано дальше 7% наблюдаемого входа."
"100000001660397100","transit",0.7625,0,0.60083,"Гипотеза: транзит. 2 плательщика: 48,6 тыс ₸; 3 получателя: 49 тыс ₸. Отдано дальше 101% наблюдаемого входа."
"100000001669260100","peripheral",0.2,3,0.495603,"Гипотеза: роль не определена. Плательщиков: 1; получено 500 тыс ₸. Обрыв 4-го колена: исходящие неизвестны."
"100000001674850100","terminal",0.55,9,0.673048,"Гипотеза: конечный получатель за период. 2 плательщика: 237 тыс ₸; 0 получателей: 0 ₸. Отдано дальше 0% наблюдаемого входа."
"100000001677389100","peripheral",0.2,16,0.396198,"Гипотеза: роль не определена. 1 плательщик: 11 тыс ₸; 1 получатель: 5,4 тыс ₸. Отдано дальше 49% наблюдаемого входа."
"100000001677929100","peripheral",0.2,6,0.368057,"Гипотеза: роль не определена. 3 плательщика: 126,78 тыс ₸; 2 получателя: 286,1 тыс ₸. Источник средств вне выборки."
"100000001680944100","terminal",0.55,17,0.595256,"Гипотеза: конечный получатель за период. 1 плательщик: 393 тыс ₸; 0 получателей: 0 ₸. Отдано дальше 0% наблюдаемого входа."
"100000001684867100","terminal",0.55,4,0.374439,"Гипотеза: конечный получатель за период. 1 плательщик: 30,55 тыс ₸; 0 получателей: 0 ₸. Отдано дальше 0% наблюдаемого входа."
"100000001686328100","terminal",0.55,8,0.493887,"Гипотеза: конечный получатель за период. 1 плательщик: 140 тыс ₸; 0 получателей: 0 ₸. Отдано дальше 0% наблюдаемого входа."
"100000001688676100","terminal",0.55,18,0.395895,"Гипотеза: конечный получатель за период. 1 плательщик: 133,7 тыс ₸; 0 получателей: 0 ₸. Отдано дальше 0% наблюдаемого входа."
"100000001689968100","terminal",0.55,5,0.787293,"Гипотеза: конечный получатель за период. 3 плательщика: 344,33 тыс ₸; 0 получателей: 0 ₸. Отдано дальше 0% наблюдаемого входа."
"100000001690439100","peripheral",0.2,5,0.299652,"Гипотеза: роль не определена. 1 плательщик: 14,2 тыс ₸; 0 получателей: 0 ₸. Отдано дальше 0% наблюдаемого входа."
"100000001690558100","terminal",0.55,18,0.489951,"Гипотеза: конечный получатель за период. 1 плательщик: 740 тыс ₸; 0 получателей: 0 ₸. Отдано дальше 0% наблюдаемого входа."
"100000001696818100","terminal",0.55,2,0.340848,"Гипотеза: конечный получатель за период. 1 плательщик: 53,55 тыс ₸; 0 получателей: 0 ₸. Отдано дальше 0% наблюдаемого входа."
"100000001697501100","distributor",0.885,1,0.79428,"Гипотеза: веерная раздача. 3 плательщика: 123,7 тыс ₸; 38 получателей: 1,48 млн ₸. Источник средств вне выборки."
"100000001703168100","peripheral",0.2,2,0.309825,"Гипотеза: роль не определена. 1 плательщик: 45 тыс ₸; 1 получатель: 90 тыс ₸. Источник средств вне выборки."
"100000001714173100","terminal",0.55,17,0.638459,"Гипотеза: конечный получатель за период. 1 плательщик: 638,9 тыс ₸; 0 получателей: 0 ₸. Отдано дальше 0% наблюдаемого входа."
"100000001714413100","terminal",0.55,5,0.543394,"Гипотеза: конечный получатель за период. 1 плательщик: 250,17 тыс ₸; 0 получателей: 0 ₸. Отдано дальше 0% наблюдаемого входа."
"100000001714883100","peripheral",0.2,7,0.215882,"Гипотеза: роль не определена. Плательщиков: 1; получено 6,9 тыс ₸. Обрыв 4-го колена: исходящие неизвестны."
"100000001716579100","peripheral",0.2,1,0.23192,"Гипотеза: роль не определена. 1 плательщик: 13,92 тыс ₸; 0 получателей: 0 ₸. Отдано дальше 0% наблюдаемого входа."
"100000001724740100","peripheral",0.2,8,0.448262,"Гипотеза: роль не определена. Плательщиков: 1; получено 185 тыс ₸. Обрыв 4-го колена: исходящие неизвестны."
"100000001726614100","terminal",0.55,0,0.385419,"Гипотеза: конечный получатель за период. 1 плательщик: 138,72 тыс ₸; 0 получателей: 0 ₸. Отдано дальше 0% наблюдаемого входа."
"100000001732159100","peripheral",0.2,9,0.641046,"Гипотеза: роль не определена. 2 плательщика: 2,38 млн ₸; 4 получателя: 1,51 млн ₸. Входящие исходного клиента неполны."
"100000001733216100","peripheral",0.2,0,0.47343,"Гипотеза: роль не определена. Плательщиков: 1; получено 60 тыс ₸. Обрыв 4-го колена: исходящие неизвестны."
"100000001733687100","terminal",0.55,8,0.523318,"Гипотеза: конечный получатель за период. 1 плательщик: 300 тыс ₸; 0 получателей: 0 ₸. Отдано дальше 0% наблюдаемого входа."
"100000001737722100","terminal",0.55,2,0.456382,"Гипотеза: конечный получатель за период. 1 плательщик: 60,46 тыс ₸; 0 получателей: 0 ₸. Отдано дальше 0% наблюдаемого входа."
"100000001740277100","peripheral",0.2,6,0.441969,"Гипотеза: роль не определена. 1 плательщик: 8,7 тыс ₸; 1 получатель: 5 тыс ₸. Отдано дальше 57% наблюдаемого входа."
"100000001745217100","terminal",0.55,0,0.316016,"Гипотеза: конечный получатель за период. 1 плательщик: 50 тыс ₸; 0 получателей: 0 ₸. Отдано дальше 0% наблюдаемого входа."
"100000001746925100","terminal",0.55,2,0.670031,"Гипотеза: конечный получатель за период. 1 плательщик: 65,25 тыс ₸; 1 получатель: 5 тыс ₸. Отдано дальше 8% наблюдаемого входа."
"100000001782980100","peripheral",0.2,28,0.318304,"Гипотеза: роль не определена. 1 плательщик: 50 тыс ₸; 1 получатель: 596,2 тыс ₸. Источник средств вне выборки."
"100000001784279100","terminal",0.55,0,0.290377,"Гипотеза: конечный получатель за период. 1 плательщик: 35,67 тыс ₸; 0 получателей: 0 ₸. Отдано дальше 0% наблюдаемого входа."
"100000001785161100","terminal",0.55,29,0.480529,"Гипотеза: конечный получатель за период. 2 плательщика: 30 тыс ₸; 0 получателей: 0 ₸. Отдано дальше 0% наблюдаемого входа."
"100000001788284100","peripheral",0.2,24,0.334735,"Гипотеза: роль не определена. 1 плательщик: 8 тыс ₸; 5 получателей: 296,7 тыс ₸. Источник средств вне выборки."
"100000001805543100","terminal",0.55,4,0.42334,"Гипотеза: конечный получатель за период. 1 плательщик: 59 тыс ₸; 0 получателей: 0 ₸. Отдано дальше 0% наблюдаемого входа."
"100000001808684100","peripheral",0.2,6,0.577793,"Гипотеза: роль не определена. 1 плательщик: 48,4 тыс ₸; 1 получатель: 37,7 тыс ₸. Отдано дальше 78% наблюдаемого входа."
"100000001816678100","peripheral",0.2,2,0.493349,"Гипотеза: роль не определена. Плательщиков: 1; получено 60 тыс ₸. Обрыв 4-го колена: исходящие неизвестны."
"100000001818442100","terminal",0.55,7,0.327142,"Гипотеза: конечный получатель за период. 1 плательщик: 42,22 тыс ₸; 0 получателей: 0 ₸. Отдано дальше 0% наблюдаемого входа."
"100000001819396100","terminal",0.55,25,0.418237,"Гипотеза: конечный получатель за период. 1 плательщик: 166,08 тыс ₸; 0 получателей: 0 ₸. Отдано дальше 0% наблюдаемого входа."
"100000001822623100","terminal",0.55,21,0.427052,"Гипотеза: конечный получатель за период. 1 плательщик: 201,3 тыс ₸; 0 получателей: 0 ₸. Отдано дальше 0% наблюдаемого входа."
"100000001822650100","peripheral",0.2,8,0.478555,"Гипотеза: роль не определена. Плательщиков: 1; получено 112 тыс ₸. Обрыв 4-го колена: исходящие неизвестны."
"100000001825934100","peripheral",0.2,35,0.290119,"Гипотеза: роль не определена. 1 плательщик: 40 тыс ₸; 1 получатель: 97 тыс ₸. Источник средств вне выборки."
"100000001831496100","peripheral",0.2,11,0.288566,"Гипотеза: роль не определена. 1 плательщик: 25 тыс ₸; 1 получатель: 373 тыс ₸. Источник средств вне выборки."
"100000001835625100","terminal",0.55,5,0.463313,"Гипотеза: конечный получатель за период. 1 плательщик: 75,13 тыс ₸; 0 получателей: 0 ₸. Отдано дальше 0% наблюдаемого входа."
"100000001837130100","terminal",0.55,0,0.40314,"Гипотеза: конечный получатель за период. 1 плательщик: 172,9 тыс ₸; 0 получателей: 0 ₸. Отдано дальше 0% наблюдаемого входа."
"100000001845505100","peripheral",0.2,3,0.422106,"Гипотеза: роль не определена. Плательщиков: 1; получено 20 тыс ₸. Обрыв 4-го колена: исходящие неизвестны."
"100000001848426100","terminal",0.55,6,0.376985,"Гипотеза: конечный получатель за период. 1 плательщик: 95,53 тыс ₸; 0 получателей: 0 ₸. Отдано дальше 0% наблюдаемого входа."
"100000001851289100","terminal",0.55,4,0.467014,"Гипотеза: конечный получатель за период. 1 плательщик: 109,51 тыс ₸; 0 получателей: 0 ₸. Отдано дальше 0% наблюдаемого входа."
"100000001852140100","terminal",0.55,57,0.362001,"Гипотеза: конечный получатель за период. 1 плательщик: 30 тыс ₸; 0 получателей: 0 ₸. Отдано дальше 0% наблюдаемого входа."
"100000001853812100","terminal",0.55,3,0.354946,"Гипотеза: конечный получатель за период. 1 плательщик: 70 тыс ₸; 0 получателей: 0 ₸. Отдано дальше 0% наблюдаемого входа."
"100000001857829100","distributor",0.72,3,0.934264,"Гипотеза: веерная раздача. Также признаки консолидации: 6 плательщиков. Получено 888,53 тыс ₸; 16 получателей: 2,39 млн ₸. Источник средств вне выборки."
"100000001860090100","peripheral",0.2,6,0.262965,"Гипотеза: роль не определена. 1 плательщик: 5 тыс ₸; 0 получателей: 0 ₸. Отдано дальше 0% наблюдаемого входа."
"100000001870116100","terminal",0.55,1,0.272611,"Гипотеза: конечный получатель за период. 1 плательщик: 24 тыс ₸; 0 получателей: 0 ₸. Отдано дальше 0% наблюдаемого входа."
"100000001872484100","peripheral",0.2,55,0.752423,"Гипотеза: роль не определена. 1 плательщик: 871,4 тыс ₸; 3 получателя: 514,58 тыс ₸. Отдано дальше 59% наблюдаемого входа."
"100000001875167100","terminal",0.55,5,0.613235,"Гипотеза: конечный получатель за период. 1 плательщик: 1 млн ₸; 0 получателей: 0 ₸. Отдано дальше 0% наблюдаемого входа."
"100000001875239100","terminal",0.55,8,0.838111,"Гипотеза: конечный получатель за период. 3 плательщика: 712 тыс ₸; 0 получателей: 0 ₸. Отдано дальше 0% наблюдаемого входа."
"100000001884825100","terminal",0.55,8,0.803443,"Гипотеза: конечный получатель за период. 3 плательщика: 495 тыс ₸; 0 получателей: 0 ₸. Отдано дальше 0% наблюдаемого входа."
"100000001887715100","peripheral",0.2,17,0.842586,"Гипотеза: роль не определена. 3 плательщика: 1,33 млн ₸; 1 получатель: 750 тыс ₸. Отдано дальше 56% наблюдаемого входа."
"100000001893287100","peripheral",0.2,6,0.303219,"Гипотеза: роль не определена. 1 плательщик: 18 тыс ₸; 1 получатель: 152,7 тыс ₸. Источник средств вне выборки."
"100000001899164100","peripheral",0.2,10,0.916072,"Гипотеза: роль не определена. 4 плательщика: 291,68 тыс ₸; 3 получателя: 76,5 тыс ₸. Отдано дальше 26% наблюдаемого входа."
"100000001904863100","terminal",0.55,14,0.621119,"Гипотеза: конечный получатель за период. 1 плательщик: 500 тыс ₸; 0 получателей: 0 ₸. Отдано дальше 0% наблюдаемого входа."
"100000001924185100","terminal",0.55,11,0.736866,"Гипотеза: конечный получатель за период. 2 плательщика: 151 тыс ₸; 0 получателей: 0 ₸. Отдано дальше 0% наблюдаемого входа."
"100000001927599100","terminal",0.55,7,0.668271,"Гипотеза: конечный получатель за период. 2 плательщика: 188 тыс ₸; 0 получателей: 0 ₸. Отдано дальше 0% наблюдаемого входа."
"100000001929088100","terminal",0.55,6,0.695951,"Гипотеза: конечный получатель за период. 2 плательщика: 396,01 тыс ₸; 0 получателей: 0 ₸. Отдано дальше 0% наблюдаемого входа."
"100000001934935100","terminal",0.55,0,0.460823,"Гипотеза: конечный получатель за период. 1 плательщик: 118,94 тыс ₸; 0 получателей: 0 ₸. Отдано дальше 0% наблюдаемого входа."
"100000001937767100","peripheral",0.2,14,0.469734,"Гипотеза: роль не определена. 1 плательщик: 53 тыс ₸; 4 получателя: 1,93 млн ₸. Источник средств вне выборки."
"100000001952325100","terminal",0.55,1,0.362293,"Гипотеза: конечный получатель за период. 1 плательщик: 77,89 тыс ₸; 0 получателей: 0 ₸. Отдано дальше 0% наблюдаемого входа."
"100000001953577100","peripheral",0.2,1,0.241297,"Гипотеза: роль не определена. 1 плательщик: 15,6 тыс ₸; 0 получателей: 0 ₸. Отдано дальше 0% наблюдаемого входа."
"100000001954534100","peripheral",0.2,0,0.26195,"Гипотеза: роль не определена. 1 плательщик: 13 тыс ₸; 1 получатель: 40 тыс ₸. Источник средств вне выборки."
"100000001954903100","terminal",0.55,7,0.29908,"Гипотеза: конечный получатель за период. 1 плательщик: 27,12 тыс ₸; 0 получателей: 0 ₸. Отдано дальше 0% наблюдаемого входа."
"100000001957974100","peripheral",0.2,14,0.463437,"Гипотеза: роль не определена. Плательщиков: 1; получено 500 тыс ₸. Обрыв 4-го колена: исходящие неизвестны."
"100000001960517100","terminal",0.55,6,0.526088,"Гипотеза: конечный получатель за период. 1 плательщик: 200 тыс ₸; 0 получателей: 0 ₸. Отдано дальше 0% наблюдаемого входа."
"100000001961048100","terminal",0.55,29,0.533479,"Гипотеза: конечный получатель за период. 1 плательщик: 150 тыс ₸; 0 получателей: 0 ₸. Отдано дальше 0% наблюдаемого входа."
"100000001965374100","peripheral",0.2,22,0.386978,"Гипотеза: роль не определена. 2 плательщика: 1,76 млн ₸; 3 получателя: 3,08 млн ₸. Источник средств вне выборки."
"100000001969496100","terminal",0.55,14,0.272499,"Гипотеза: конечный получатель за период. 1 плательщик: 22,74 тыс ₸; 0 получателей: 0 ₸. Отдано дальше 0% наблюдаемого входа."
"100000001985793100","terminal",0.55,26,0.467822,"Гипотеза: конечный получатель за период. 1 плательщик: 420 тыс ₸; 0 получателей: 0 ₸. Отдано дальше 0% наблюдаемого входа."
"100000001987030100","peripheral",0.2,15,0.659904,"Гипотеза: роль не определена. 2 плательщика: 30,86 тыс ₸; 1 получатель: 19 тыс ₸. Отдано дальше 62% наблюдаемого входа."
"100000001991973100","peripheral",0.2,7,0.279542,"Гипотеза: роль не определена. Плательщиков: 1; получено 20,8 тыс ₸. Обрыв 4-го колена: исходящие неизвестны."
"100000002015633100","terminal",0.55,5,0.479868,"Гипотеза: конечный получатель за период. 1 плательщик: 94,97 тыс ₸; 0 получателей: 0 ₸. Отдано дальше 0% наблюдаемого входа."
"100000002028158100","terminal",0.55,15,0.445615,"Гипотеза: конечный получатель за период. 1 плательщик: 34,8 тыс ₸; 0 получателей: 0 ₸. Отдано дальше 0% наблюдаемого входа."
"100000002032323100","peripheral",0.2,9,0.327086,"Гипотеза: роль не определена. 1 плательщик: 300 тыс ₸; 1 получатель: 1,05 млн ₸. Источник средств вне выборки."
"100000002087788100","terminal",0.55,5,0.564906,"Гипотеза: конечный получатель за период. 1 плательщик: 100,5 тыс ₸; 0 получателей: 0 ₸. Отдано дальше 0% наблюдаемого входа."
"100000002095257100","peripheral",0.2,10,0.36679,"Гипотеза: роль не определена. 1 плательщик: 8,5 тыс ₸; 0 получателей: 0 ₸. Отдано дальше 0% наблюдаемого входа."
"100000002103448100","terminal",0.55,1,0.279262,"Гипотеза: конечный получатель за период. 1 плательщик: 27 тыс ₸; 0 получателей: 0 ₸. Отдано дальше 0% наблюдаемого входа."
"100000002109656100","terminal",0.55,13,0.547073,"Гипотеза: конечный получатель за период. 1 плательщик: 500 тыс ₸; 0 получателей: 0 ₸. Отдано дальше 0% наблюдаемого входа."
"100000002116705100","peripheral",0.2,1,0.2452,"Гипотеза: роль не определена. 1 плательщик: 17,6 тыс ₸; 0 получателей: 0 ₸. Отдано дальше 0% наблюдаемого входа."
"100000002119762100","peripheral",0.2,5,0.536676,"Гипотеза: роль не определена. Плательщиков: 1; получено 77 тыс ₸. Обрыв 4-го колена: исходящие неизвестны."
"100000002121357100","peripheral",0.2,9,0.786642,"Гипотеза: роль не определена. 2 плательщика: 255,3 тыс ₸; 1 получатель: 113 тыс ₸. Отдано дальше 44% наблюдаемого входа."
"100000002126791100","peripheral",0.2,8,0.607144,"Гипотеза: роль не определена. Плательщиков: 1; получено 1,31 млн ₸. Обрыв 4-го колена: исходящие неизвестны."
"100000002130400100","peripheral",0.2,35,0.263616,"Гипотеза: роль не определена. Плательщиков: 1; получено 10 тыс ₸. Обрыв 4-го колена: исходящие неизвестны."
"100000002132479100","peripheral",0.2,14,0.677109,"Гипотеза: роль не определена. 1 плательщик: 30 тыс ₸; 1 получатель: 20 тыс ₸. Отдано дальше 67% наблюдаемого входа."
"100000002152857100","peripheral",0.2,26,0.355384,"Гипотеза: роль не определена. 1 плательщик: 105 тыс ₸; 5 получателей: 1,23 млн ₸. Источник средств вне выборки."
"100000002156381100","peripheral",0.2,11,0.782391,"Гипотеза: роль не определена. 2 плательщика: 61 тыс ₸; 1 получатель: 21,8 тыс ₸. Отдано дальше 36% наблюдаемого входа."
"100000002158488100","terminal",0.55,1,0.296927,"Гипотеза: конечный получатель за период. 1 плательщик: 31,72 тыс ₸; 0 получателей: 0 ₸. Отдано дальше 0% наблюдаемого входа."
"100000002170580100","terminal",0.55,7,0.419269,"Гипотеза: конечный получатель за период. 1 плательщик: 150 тыс ₸; 0 получателей: 0 ₸. Отдано дальше 0% наблюдаемого входа."
"100000002173070100","terminal",0.55,4,0.45009,"Гипотеза: конечный получатель за период. 1 плательщик: 30 тыс ₸; 0 получателей: 0 ₸. Отдано дальше 0% наблюдаемого входа."
"100000002173161100","terminal",0.55,4,0.838997,"Гипотеза: конечный получатель за период. 3 плательщика: 1,43 млн ₸; 0 получателей: 0 ₸. Отдано дальше 0% наблюдаемого входа."
"100000002175422100","peripheral",0.2,30,0.438162,"Гипотеза: роль не определена. 3 плательщика: 68,5 тыс ₸; 6 получателей: 1,62 млн ₸. Источник средств вне выборки."
"100000002182176100","terminal",0.55,0,0.314311,"Гипотеза: конечный получатель за период. 1 плательщик: 42,47 тыс ₸; 0 получателей: 0 ₸. Отдано дальше 0% наблюдаемого входа."
"100000002184107100","peripheral",0.2,33,0.218158,"Гипотеза: роль не определена. 1 плательщик: 6,07 тыс ₸; 0 получателей: 0 ₸. Отдано дальше 0% наблюдаемого входа."
"100000002185328100","peripheral",0.2,20,0.307778,"Гипотеза: роль не определена. 1 плательщик: 15 тыс ₸; 4 получателя: 55 тыс ₸. Источник средств вне выборки."
"100000002188586100","peripheral",0.2,7,0.411272,"Гипотеза: роль не определена. Плательщиков: 1; получено 38,31 тыс ₸. Обрыв 4-го колена: исходящие неизвестны."
"100000002188829100","terminal",0.55,2,0.627838,"Гипотеза: конечный получатель за период. 1 плательщик: 400 тыс ₸; 0 получателей: 0 ₸. Отдано дальше 0% наблюдаемого входа."
"100000002193259100","peripheral",0.2,10,0.416616,"Гипотеза: роль не определена. 2 плательщика: 48 тыс ₸; 3 получателя: 58 тыс ₸. Источник средств вне выборки."
"100000002194320100","peripheral",0.2,15,0.460532,"Гипотеза: роль не определена. Плательщиков: 1; получено 275 тыс ₸. Обрыв 4-го колена: исходящие неизвестны."
"100000002194329100","terminal",0.55,0,0.354139,"Гипотеза: конечный получатель за период. 1 плательщик: 25,17 тыс ₸; 0 получателей: 0 ₸. Отдано дальше 0% наблюдаемого входа."
"100000002199091100","terminal",0.55,1,0.359601,"Гипотеза: конечный получатель за период. 1 плательщик: 65 тыс ₸; 0 получателей: 0 ₸. Отдано дальше 0% наблюдаемого входа."
"100000002205022100","peripheral",0.2,54,0.440388,"Гипотеза: роль не определена. 1 плательщик: 7,1 тыс ₸; 3 получателя: 518 тыс ₸. Источник средств вне выборки."
"100000002208836100","peripheral",0.2,5,0.523149,"Гипотеза: роль не определена. Плательщиков: 1; получено 90 тыс ₸. Обрыв 4-го колена: исходящие неизвестны."
"100000002211413100","terminal",0.55,1,0.306797,"Гипотеза: конечный получатель за период. 1 плательщик: 37 тыс ₸; 0 получателей: 0 ₸. Отдано дальше 0% наблюдаемого входа."
"100000002212494100","terminal",0.55,30,0.423396,"Гипотеза: конечный получатель за период. 1 плательщик: 160 тыс ₸; 0 получателей: 0 ₸. Отдано дальше 0% наблюдаемого входа."
"100000002214207100","peripheral",0.2,35,0.426391,"Гипотеза: роль не определена. Плательщиков: 1; получено 97 тыс ₸. Обрыв 4-го колена: исходящие неизвестны."
"100000002214301100","peripheral",0.2,0,0.435509,"Гипотеза: роль не определена. 1 плательщик: 21,44 тыс ₸; 1 получатель: 8 тыс ₸. Отдано дальше 37% наблюдаемого входа."
"100000002214383100","peripheral",0.2,1,0.45314,"Гипотеза: роль не определена. Плательщиков: 1; получено 213 тыс ₸. Обрыв 4-го колена: исходящие неизвестны."
"100000002214570100","terminal",0.55,1,0.282436,"Гипотеза: конечный получатель за период. 1 плательщик: 26,47 тыс ₸; 0 получателей: 0 ₸. Отдано дальше 0% наблюдаемого входа."
"100000002214664100","peripheral",0.2,1,0.241925,"Гипотеза: роль не определена. 1 плательщик: 7,95 тыс ₸; 1 получатель: 76,95 тыс ₸. Источник средств вне выборки."
"100000002216999100","terminal",0.55,1,0.266442,"Гипотеза: конечный получатель за период. 1 плательщик: 23,68 тыс ₸; 0 получателей: 0 ₸. Отдано дальше 0% наблюдаемого входа."
"100000002217161100","peripheral",0.2,33,0.437085,"Гипотеза: роль не определена. 2 плательщика: 404,75 тыс ₸; 7 получателей: 995,13 тыс ₸. Источник средств вне выборки."
"100000002217806100","peripheral",0.2,36,0.382279,"Гипотеза: роль не определена. Плательщиков: 1; получено 55 тыс ₸. Обрыв 4-го колена: исходящие неизвестны."
"100000002224132100","consolidator",0.7,22,0.892968,"Гипотеза: признаки консолидации. 5 плательщиков: 3,95 млн ₸; 4 получателя: 12,12 млн ₸. Источник средств вне выборки."
"100000002227960100","peripheral",0.2,20,0.247981,"Гипотеза: роль не определена. Плательщиков: 1; получено 10 тыс ₸. Обрыв 4-го колена: исходящие неизвестны."
"100000002227989100","peripheral",0.2,20,0.312808,"Гипотеза: роль не определена. Плательщиков: 1; получено 20 тыс ₸. Обрыв 4-го колена: исходящие неизвестны."
"100000002229615100","peripheral",0.2,20,0.439906,"Гипотеза: роль не определена. Плательщиков: 1; получено 25 тыс ₸. Обрыв 4-го колена: исходящие неизвестны."
"100000002231144100","peripheral",0.2,20,0.292384,"Гипотеза: роль не определена. Плательщиков: 1; получено 15 тыс ₸. Обрыв 4-го колена: исходящие неизвестны."
"100000002232266100","terminal",0.55,3,0.320267,"Гипотеза: конечный получатель за период. 1 плательщик: 45 тыс ₸; 0 получателей: 0 ₸. Отдано дальше 0% наблюдаемого входа."
"100000002236528100","terminal",0.55,6,0.360117,"Гипотеза: конечный получатель за период. 1 плательщик: 66 тыс ₸; 0 получателей: 0 ₸. Отдано дальше 0% наблюдаемого входа."
"100000002241986100","peripheral",0.2,37,0.427327,"Гипотеза: роль не определена. 1 плательщик: 280 тыс ₸; 6 получателей: 3,08 млн ₸. Источник средств вне выборки."
"100000002242066100","peripheral",0.2,33,0.392732,"Гипотеза: роль не определена. Плательщиков: 1; получено 60 тыс ₸. Обрыв 4-го колена: исходящие неизвестны."
"100000002242455100","peripheral",0.2,5,0.558984,"Гипотеза: роль не определена. Плательщиков: 1; получено 110 тыс ₸. Обрыв 4-го колена: исходящие неизвестны."
"100000002243354100","terminal",0.55,1,0.263055,"Гипотеза: конечный получатель за период. 1 плательщик: 20,88 тыс ₸; 0 получателей: 0 ₸. Отдано дальше 0% наблюдаемого входа."
"100000002255058100","terminal",0.55,2,0.480597,"Гипотеза: конечный получатель за период. 1 плательщик: 491,5 тыс ₸; 0 получателей: 0 ₸. Отдано дальше 0% наблюдаемого входа."
"100000002257794100","terminal",0.55,23,0.451716,"Гипотеза: конечный получатель за период. 1 плательщик: 154 тыс ₸; 0 получателей: 0 ₸. Отдано дальше 0% наблюдаемого входа."
"100000002258492100","peripheral",0.2,19,0.289838,"Гипотеза: роль не определена. Плательщиков: 1; получено 9 тыс ₸. Обрыв 4-го колена: исходящие неизвестны."
"100000002267998100","peripheral",0.2,21,0.428034,"Гипотеза: роль не определена. 2 плательщика: 420 тыс ₸; 3 получателя: 1,11 млн ₸. Источник средств вне выборки."
"100000002284426100","terminal",0.55,5,0.475594,"Гипотеза: конечный получатель за период. 1 плательщик: 90 тыс ₸; 0 получателей: 0 ₸. Отдано дальше 0% наблюдаемого входа."
"100000002289937100","terminal",0.55,1,0.258748,"Гипотеза: конечный получатель за период. 1 плательщик: 20 тыс ₸; 0 получателей: 0 ₸. Отдано дальше 0% наблюдаемого входа."
"100000002293421100","transit",0.71,0,0.646949,"Гипотеза: транзит. 2 плательщика: 41 тыс ₸; 2 получателя: 47 тыс ₸. Отдано дальше 115% наблюдаемого входа."
"100000002299948100","peripheral",0.2,31,0.227221,"Гипотеза: роль не определена. 1 плательщик: 6,75 тыс ₸; 0 получателей: 0 ₸. Отдано дальше 0% наблюдаемого входа."
"100000002301828100","terminal",0.55,16,0.318708,"Гипотеза: конечный получатель за период. 1 плательщик: 46,98 тыс ₸; 0 получателей: 0 ₸. Отдано дальше 0% наблюдаемого входа."
"100000002304943100","peripheral",0.2,20,0.270626,"Гипотеза: роль не определена. Плательщиков: 1; получено 15 тыс ₸. Обрыв 4-го колена: исходящие неизвестны."
"100000002305007100","terminal",0.55,1,0.336631,"Гипотеза: конечный получатель за период. 1 плательщик: 56 тыс ₸; 0 получателей: 0 ₸. Отдано дальше 0% наблюдаемого входа."
"100000002305477100","peripheral",0.2,20,0.292665,"Гипотеза: роль не определена. Плательщиков: 1; получено 20 тыс ₸. Обрыв 4-го колена: исходящие неизвестны."
"100000002306369100","peripheral",0.2,2,0.339031,"Гипотеза: роль не определена. 1 плательщик: 73,17 тыс ₸; 6 получателей: 260,9 тыс ₸. Источник средств вне выборки."
"100000002308091100","terminal",0.55,13,0.452737,"Гипотеза: конечный получатель за период. 1 плательщик: 186,72 тыс ₸; 0 получателей: 0 ₸. Отдано дальше 0% наблюдаемого входа."
"100000002320495100","peripheral",0.2,16,0.303836,"Гипотеза: роль не определена. Плательщиков: 1; получено 13,53 тыс ₸. Обрыв 4-го колена: исходящие неизвестны."
"100000002324543100","terminal",0.55,8,0.282481,"Гипотеза: конечный получатель за период. 1 плательщик: 30,2 тыс ₸; 0 получателей: 0 ₸. Отдано дальше 0% наблюдаемого входа."
"100000002335358100","terminal",0.55,4,0.440354,"Гипотеза: конечный получатель за период. 1 плательщик: 140 тыс ₸; 0 получателей: 0 ₸. Отдано дальше 0% наблюдаемого входа."
"100000002340562100","terminal",0.55,6,0.360565,"Гипотеза: конечный получатель за период. 1 плательщик: 36,65 тыс ₸; 0 получателей: 0 ₸. Отдано дальше 0% наблюдаемого входа."
"100000002343825100","peripheral",0.2,9,0.831707,"Гипотеза: роль не определена. 3 плательщика: 350 тыс ₸; 2 получателя: 89,8 тыс ₸. Отдано дальше 26% наблюдаемого входа."
"100000002346166100","peripheral",0.2,1,0.203241,"Гипотеза: роль не определена. 1 плательщик: 6 тыс ₸; 0 получателей: 0 ₸. Отдано дальше 0% наблюдаемого входа."
"100000002356167100","terminal",0.55,5,0.756045,"Гипотеза: конечный получатель за период. 1 плательщик: 300 тыс ₸; 2 получателя: 29,5 тыс ₸. Отдано дальше 10% наблюдаемого входа."
"100000002369443100","terminal",0.55,1,0.325572,"Гипотеза: конечный получатель за период. 1 плательщик: 50 тыс ₸; 0 получателей: 0 ₸. Отдано дальше 0% наблюдаемого входа."
"100000002369454100","peripheral",0.2,3,0.329957,"Гипотеза: роль не определена. Плательщиков: 1; получено 25 тыс ₸. Обрыв 4-го колена: исходящие неизвестны."
"100000002369510100","terminal",0.55,1,0.30203,"Гипотеза: конечный получатель за период. 1 плательщик: 37,15 тыс ₸; 0 получателей: 0 ₸. Отдано дальше 0% наблюдаемого входа."
"100000002369874100","terminal",0.55,8,0.859455,"Гипотеза: конечный получатель за период. 4 плательщика: 600 тыс ₸; 0 получателей: 0 ₸. Отдано дальше 0% наблюдаемого входа."
"100000002371751100","peripheral",0.2,60,0.318534,"Гипотеза: роль не определена. 1 плательщик: 200 тыс ₸; 1 получатель: 250 тыс ₸. Источник средств вне выборки."
"100000002371892100","peripheral",0.2,50,0.333064,"Гипотеза: роль не определена. Плательщиков: 1; получено 43,83 тыс ₸. Обрыв 4-го колена: исходящие неизвестны."
"100000002373144100","peripheral",0.2,0,0.47795,"Гипотеза: роль не определена. 1 плательщик: 46,47 тыс ₸; 1 получатель: 10,76 тыс ₸. Отдано дальше 23% наблюдаемого входа."
"100000002373386100","terminal",0.55,1,0.267766,"Гипотеза: конечный получатель за период. 1 плательщик: 24 тыс ₸; 0 получателей: 0 ₸. Отдано дальше 0% наблюдаемого входа."
"100000002380341100","terminal",0.55,0,0.355159,"Гипотеза: конечный получатель за период. 1 плательщик: 57,57 тыс ₸; 0 получателей: 0 ₸. Отдано дальше 0% наблюдаемого входа."
"100000002391278100","peripheral",0.2,26,0.273817,"Гипотеза: роль не определена. 1 плательщик: 30 тыс ₸; 1 получатель: 52,7 тыс ₸. Источник средств вне выборки."
"100000002394199100","peripheral",0.2,6,0.648026,"Гипотеза: роль не определена. 1 плательщик: 277,4 тыс ₸; 1 получатель: 76,78 тыс ₸. Отдано дальше 28% наблюдаемого входа."
"100000002398779100","consolidator",0.86,0,0.964838,"Гипотеза: признаки консолидации. 13 плательщиков: 1,1 млн ₸; 1 получатель: 66 тыс ₸. Отдано дальше 6% наблюдаемого входа."
"100000002404112100","peripheral",0.2,25,0.368506,"Гипотеза: роль не определена. Плательщиков: 1; получено 60 тыс ₸. Обрыв 4-го колена: исходящие неизвестны."
"100000002432143100","terminal",0.55,2,0.517979,"Гипотеза: конечный получатель за период. 1 плательщик: 81,31 тыс ₸; 0 получателей: 0 ₸. Отдано дальше 0% наблюдаемого входа."
"100000002433697100","transit",0.8,5,0.683793,"Гипотеза: транзит. 1 плательщик: 130 тыс ₸; 1 получатель: 110 тыс ₸. Отдано дальше 85% наблюдаемого входа."
"100000002435265100","terminal",0.55,0,0.466207,"Гипотеза: конечный получатель за период. 1 плательщик: 132,63 тыс ₸; 0 получателей: 0 ₸. Отдано дальше 0% наблюдаемого входа."
"100000002443664100","terminal",0.55,13,0.834432,"Гипотеза: конечный получатель за период. 3 плательщика: 556,88 тыс ₸; 0 получателей: 0 ₸. Отдано дальше 0% наблюдаемого входа."
"100000002445750100","terminal",0.55,0,0.649933,"Гипотеза: конечный получатель за период. 1 плательщик: 70 тыс ₸; 1 получатель: 10 тыс ₸. Отдано дальше 14% наблюдаемого входа."
"100000002448088100","peripheral",0.2,20,0.341611,"Гипотеза: роль не определена. 3 плательщика: 20 тыс ₸; 1 получатель: 25 тыс ₸. Источник средств вне выборки."
"100000002454724100","terminal",0.55,29,0.522835,"Гипотеза: конечный получатель за период. 1 плательщик: 125 тыс ₸; 0 получателей: 0 ₸. Отдано дальше 0% наблюдаемого входа."
"100000002457464100","terminal",0.55,2,0.461698,"Гипотеза: конечный получатель за период. 1 плательщик: 66,65 тыс ₸; 0 получателей: 0 ₸. Отдано дальше 0% наблюдаемого входа."
"100000002459093100","terminal",0.55,26,0.634847,"Гипотеза: конечный получатель за период. 1 плательщик: 500 тыс ₸; 1 получатель: 55 тыс ₸. Отдано дальше 11% наблюдаемого входа."
"100000002459163100","terminal",0.55,55,0.310655,"Гипотеза: конечный получатель за период. 1 плательщик: 20,18 тыс ₸; 0 получателей: 0 ₸. Отдано дальше 0% наблюдаемого входа."
"100000002459164100","terminal",0.55,0,0.326671,"Гипотеза: конечный получатель за период. 1 плательщик: 20 тыс ₸; 0 получателей: 0 ₸. Отдано дальше 0% наблюдаемого входа."
"100000002459240100","terminal",0.55,5,0.508715,"Гипотеза: конечный получатель за период. 1 плательщик: 150 тыс ₸; 0 получателей: 0 ₸. Отдано дальше 0% наблюдаемого входа."
"100000002459832100","terminal",0.55,3,0.737091,"Гипотеза: конечный получатель за период. 2 плательщика: 880,61 тыс ₸; 0 получателей: 0 ₸. Отдано дальше 0% наблюдаемого входа."
"100000002462183100","terminal",0.55,43,0.409175,"Гипотеза: конечный получатель за период. 1 плательщик: 107,5 тыс ₸; 0 получателей: 0 ₸. Отдано дальше 0% наблюдаемого входа."
"100000002469065100","terminal",0.55,4,0.586238,"Гипотеза: конечный получатель за период. 1 плательщик: 200 тыс ₸; 0 получателей: 0 ₸. Отдано дальше 0% наблюдаемого входа."
"100000002472632100","terminal",0.55,24,0.705451,"Гипотеза: конечный получатель за период. 2 плательщика: 502,4 тыс ₸; 1 получатель: 20 тыс ₸. Отдано дальше 4% наблюдаемого входа."
"100000002474570100","peripheral",0.2,7,0.215063,"Гипотеза: роль не определена. Плательщиков: 1; получено 6,75 тыс ₸. Обрыв 4-го колена: исходящие неизвестны."
"100000002475601100","terminal",0.55,3,0.417227,"Гипотеза: конечный получатель за период. 1 плательщик: 232,3 тыс ₸; 0 получателей: 0 ₸. Отдано дальше 0% наблюдаемого входа."
"100000002478829100","peripheral",0.2,20,0.436115,"Гипотеза: роль не определена. Плательщиков: 1; получено 34 тыс ₸. Обрыв 4-го колена: исходящие неизвестны."
"100000002479804100","peripheral",0.2,2,0.555821,"Гипотеза: роль не определена. 1 плательщик: 46 тыс ₸; 2 получателя: 35,3 тыс ₸. Отдано дальше 77% наблюдаемого входа."
"100000002480800100","terminal",0.55,2,0.819022,"Гипотеза: конечный получатель за период. 2 плательщика: 569,25 тыс ₸; 0 получателей: 0 ₸. Отдано дальше 0% наблюдаемого входа."
"100000002481735100","terminal",0.55,4,0.314715,"Гипотеза: конечный получатель за период. 1 плательщик: 22,44 тыс ₸; 0 получателей: 0 ₸. Отдано дальше 0% наблюдаемого входа."
"100000002481974100","peripheral",0.2,3,0.386031,"Гипотеза: роль не определена. 2 плательщика: 89,45 тыс ₸; 2 получателя: 318 тыс ₸. Источник средств вне выборки."
"100000002487222100","peripheral",0.2,5,0.51319,"Гипотеза: роль не определена. Плательщиков: 1; получено 90 тыс ₸. Обрыв 4-го колена: исходящие неизвестны."
"100000002488629100","terminal",0.55,6,0.355978,"Гипотеза: конечный получатель за период. 1 плательщик: 73,05 тыс ₸; 0 получателей: 0 ₸. Отдано дальше 0% наблюдаемого входа."
"100000002489253100","terminal",0.55,4,0.34234,"Гипотеза: конечный получатель за период. 1 плательщик: 51 тыс ₸; 0 получателей: 0 ₸. Отдано дальше 0% наблюдаемого входа."
"100000002492277100","terminal",0.55,2,0.487158,"Гипотеза: конечный получатель за период. 1 плательщик: 138,5 тыс ₸; 0 получателей: 0 ₸. Отдано дальше 0% наблюдаемого входа."
"100000002505277100","peripheral",0.2,0,0.47343,"Гипотеза: роль не определена. Плательщиков: 1; получено 60 тыс ₸. Обрыв 4-го колена: исходящие неизвестны."
"100000002506987100","peripheral",0.2,7,0.387696,"Гипотеза: роль не определена. Плательщиков: 1; получено 28,2 тыс ₸. Обрыв 4-го колена: исходящие неизвестны."
"100000002508637100","terminal",0.55,3,0.588493,"Гипотеза: конечный получатель за период. 1 плательщик: 306,41 тыс ₸; 1 получатель: 8 тыс ₸. Отдано дальше 3% наблюдаемого входа."
"100000002509598100","terminal",0.55,13,0.518136,"Гипотеза: конечный получатель за период. 1 плательщик: 305,55 тыс ₸; 0 получателей: 0 ₸. Отдано дальше 0% наблюдаемого входа."
"100000002511581100","peripheral",0.2,1,0.2452,"Гипотеза: роль не определена. 1 плательщик: 17,6 тыс ₸; 0 получателей: 0 ₸. Отдано дальше 0% наблюдаемого входа."
"100000002511825100","terminal",0.55,0,0.348654,"Гипотеза: конечный получатель за период. 1 плательщик: 65 тыс ₸; 0 получателей: 0 ₸. Отдано дальше 0% наблюдаемого входа."
"100000002512742100","peripheral",0.2,7,0.211519,"Гипотеза: роль не определена. Плательщиков: 1; получено 6 тыс ₸. Обрыв 4-го колена: исходящие неизвестны."
"100000002513028100","peripheral",0.2,58,0.329408,"Гипотеза: роль не определена. 1 плательщик: 9,5 тыс ₸; 3 получателя: 332,71 тыс ₸. Источник средств вне выборки."
"100000002514975100","peripheral",0.2,25,0.317272,"Гипотеза: роль не определена. Плательщиков: 1; получено 17,92 тыс ₸. Обрыв 4-го колена: исходящие неизвестны."
"100000002516862100","peripheral",0.2,58,0.386339,"Гипотеза: роль не определена. Плательщиков: 1; получено 81,71 тыс ₸. Обрыв 4-го колена: исходящие неизвестны."
"100000002521039100","terminal",0.55,0,0.527647,"Гипотеза: конечный получатель за период. 1 плательщик: 349,37 тыс ₸; 0 получателей: 0 ₸. Отдано дальше 0% наблюдаемого входа."
"100000002527114100","distributor",0.8999999999999999,1,0.739345,"Гипотеза: веерная раздача. 3 плательщика: 129 тыс ₸; 111 получателей: 3,29 млн ₸. Источник средств вне выборки."
"100000002528544100","terminal",0.55,3,0.404666,"Гипотеза: конечный получатель за период. 1 плательщик: 192,91 тыс ₸; 0 получателей: 0 ₸. Отдано дальше 0% наблюдаемого входа."
"100000002528978100","peripheral",0.2,7,0.343057,"Гипотеза: роль не определена. Плательщиков: 1; получено 15,9 тыс ₸. Обрыв 4-го колена: исходящие неизвестны."
"100000002529877100","peripheral",0.2,13,0.420525,"Гипотеза: роль не определена. Плательщиков: 1; получено 232 тыс ₸. Обрыв 4-го колена: исходящие неизвестны."
"100000002529880100","terminal",0.55,9,0.643024,"Гипотеза: конечный получатель за период. 2 плательщика: 147 тыс ₸; 0 получателей: 0 ₸. Отдано дальше 0% наблюдаемого входа."
"100000002530224100","terminal",0.55,8,0.365523,"Гипотеза: конечный получатель за период. 1 плательщик: 113 тыс ₸; 0 получателей: 0 ₸. Отдано дальше 0% наблюдаемого входа."
"100000002531406100","transit",0.65,3,0.634657,"Гипотеза: транзит. 1 плательщик: 520 тыс ₸; 1 получатель: 500 тыс ₸. Отдано дальше 96% наблюдаемого входа."
"100000002534091100","terminal",0.55,3,0.37279,"Гипотеза: конечный получатель за период. 1 плательщик: 22,2 тыс ₸; 0 получателей: 0 ₸. Отдано дальше 0% наблюдаемого входа."
"100000002537811100","peripheral",0.2,11,0.729026,"Гипотеза: роль не определена. 1 плательщик: 52 тыс ₸; 1 получатель: 15 тыс ₸. Отдано дальше 29% наблюдаемого входа."
"100000002539625100","terminal",0.55,9,0.394886,"Гипотеза: конечный получатель за период. 1 плательщик: 94,7 тыс ₸; 0 получателей: 0 ₸. Отдано дальше 0% наблюдаемого входа."
"100000002540033100","peripheral",0.2,17,0.299327,"Гипотеза: роль не определена. Плательщиков: 1; получено 10 тыс ₸. Обрыв 4-го колена: исходящие неизвестны."
"100000002540623100","terminal",0.55,7,0.395974,"Гипотеза: конечный получатель за период. 1 плательщик: 100 тыс ₸; 0 получателей: 0 ₸. Отдано дальше 0% наблюдаемого входа."
"100000002546921100","terminal",0.55,14,0.263504,"Гипотеза: конечный получатель за период. 1 плательщик: 20 тыс ₸; 0 получателей: 0 ₸. Отдано дальше 0% наблюдаемого входа."
"100000002547110100","consolidator",0.72,9,0.895951,"Гипотеза: признаки консолидации. 6 плательщиков: 1,5 млн ₸; 0 получателей: 0 ₸. Отдано дальше 0% наблюдаемого входа."
"100000002548759100","terminal",0.55,8,0.731774,"Гипотеза: конечный получатель за период. 2 плательщика: 375 тыс ₸; 0 получателей: 0 ₸. Отдано дальше 0% наблюдаемого входа."
"100000002550141100","terminal",0.55,3,0.384724,"Гипотеза: конечный получатель за период. 1 плательщик: 100,59 тыс ₸; 0 получателей: 0 ₸. Отдано дальше 0% наблюдаемого входа."
"100000002554175100","terminal",0.55,7,0.284634,"Гипотеза: конечный получатель за период. 1 плательщик: 24,62 тыс ₸; 0 получателей: 0 ₸. Отдано дальше 0% наблюдаемого входа."
"100000002556775100","terminal",0.55,5,0.553376,"Гипотеза: конечный получатель за период. 1 плательщик: 300 тыс ₸; 0 получателей: 0 ₸. Отдано дальше 0% наблюдаемого входа."
"100000002558173100","peripheral",0.2,31,0.238425,"Гипотеза: роль не определена. 1 плательщик: 9,3 тыс ₸; 0 получателей: 0 ₸. Отдано дальше 0% наблюдаемого входа."
"100000002559089100","terminal",0.55,13,0.64105,"Гипотеза: конечный получатель за период. 2 плательщика: 715 тыс ₸; 0 получателей: 0 ₸. Отдано дальше 0% наблюдаемого входа."
"100000002565277100","terminal",0.55,2,0.63755,"Гипотеза: конечный получатель за период. 1 плательщик: 483,32 тыс ₸; 0 получателей: 0 ₸. Отдано дальше 0% наблюдаемого входа."
"100000002566204100","terminal",0.55,7,0.378757,"Гипотеза: конечный получатель за период. 1 плательщик: 80,81 тыс ₸; 0 получателей: 0 ₸. Отдано дальше 0% наблюдаемого входа."
"100000002567887100","terminal",0.55,5,0.442003,"Гипотеза: конечный получатель за период. 1 плательщик: 50,91 тыс ₸; 0 получателей: 0 ₸. Отдано дальше 0% наблюдаемого входа."
"100000002570206100","terminal",0.55,16,0.659724,"Гипотеза: конечный получатель за период. 2 плательщика: 166,96 тыс ₸; 0 получателей: 0 ₸. Отдано дальше 0% наблюдаемого входа."
"100000002575080100","transit",0.8,15,0.633659,"Гипотеза: транзит. 1 плательщик: 13 тыс ₸; 1 получатель: 12,5 тыс ₸. Отдано дальше 96% наблюдаемого входа."
"100000002578405100","distributor",0.8999999999999999,1,0.803544,"Гипотеза: веерная раздача. 2 плательщика: 1,2 млн ₸; 116 получателей: 3,11 млн ₸. Источник средств вне выборки."
"100000002578653100","terminal",0.55,44,0.290915,"Гипотеза: конечный получатель за период. 1 плательщик: 20 тыс ₸; 0 получателей: 0 ₸. Отдано дальше 0% наблюдаемого входа."
"100000002580377100","terminal",0.55,4,0.54769,"Гипотеза: конечный получатель за период. 1 плательщик: 37,75 тыс ₸; 1 получатель: 5 тыс ₸. Отдано дальше 13% наблюдаемого входа."
"100000002581346100","terminal",0.55,5,0.516768,"Гипотеза: конечный получатель за период. 1 плательщик: 166,4 тыс ₸; 0 получателей: 0 ₸. Отдано дальше 0% наблюдаемого входа."
"100000002589019100","terminal",0.55,10,0.298318,"Гипотеза: конечный получатель за период. 1 плательщик: 34,71 тыс ₸; 0 получателей: 0 ₸. Отдано дальше 0% наблюдаемого входа."
"100000002591469100","terminal",0.55,6,0.413437,"Гипотеза: конечный получатель за период. 1 плательщик: 235,67 тыс ₸; 0 получателей: 0 ₸. Отдано дальше 0% наблюдаемого входа."
"100000002592567100","peripheral",0.2,4,0.298839,"Гипотеза: роль не определена. 1 плательщик: 5,3 тыс ₸; 2 получателя: 48,6 тыс ₸. Источник средств вне выборки."
"100000002593038100","terminal",0.55,10,0.518461,"Гипотеза: конечный получатель за период. 1 плательщик: 28,5 тыс ₸; 0 получателей: 0 ₸. Отдано дальше 0% наблюдаемого входа."
"100000002593344100","terminal",0.55,8,0.755619,"Гипотеза: конечный получатель за период. 2 плательщика: 431 тыс ₸; 0 получателей: 0 ₸. Отдано дальше 0% наблюдаемого входа."
"100000002594214100","peripheral",0.2,37,0.626514,"Гипотеза: роль не определена. Плательщиков: 1; получено 1 млн ₸. Обрыв 4-го колена: исходящие неизвестны."
"100000002596035100","terminal",0.55,11,0.604812,"Гипотеза: конечный получатель за период. 1 плательщик: 231,57 тыс ₸; 0 получателей: 0 ₸. Отдано дальше 0% наблюдаемого входа."
"100000002596039100","peripheral",0.2,3,0.427355,"Гипотеза: роль не определена. Плательщиков: 1; получено 280 тыс ₸. Обрыв 4-го колена: исходящие неизвестны."
"100000002597003100","peripheral",0.2,0,0.431539,"Гипотеза: роль не определена. 1 плательщик: 17,7 тыс ₸; 1 получатель: 11 тыс ₸. Отдано дальше 62% наблюдаемого входа."
"100000002597074100","peripheral",0.2,0,0.343203,"Гипотеза: роль не определена. Плательщиков: 1; получено 8 тыс ₸. Обрыв 4-го колена: исходящие неизвестны."
"100000002597623100","peripheral",0.2,0,0.326346,"Гипотеза: роль не определена. 1 плательщик: 16,42 тыс ₸; 0 получателей: 0 ₸. Отдано дальше 0% наблюдаемого входа."
"100000002599729100","peripheral",0.2,0,0.482088,"Гипотеза: роль не определена. Плательщиков: 1; получено 65 тыс ₸. Обрыв 4-го колена: исходящие неизвестны."
"100000002600345100","terminal",0.55,4,0.579733,"Гипотеза: конечный получатель за период. 2 плательщика: 52,4 тыс ₸; 0 получателей: 0 ₸. Отдано дальше 0% наблюдаемого входа."
"100000002603371100","peripheral",0.2,0,0.221288,"Гипотеза: роль не определена. 1 плательщик: 9,3 тыс ₸; 0 получателей: 0 ₸. Отдано дальше 0% наблюдаемого входа."
"100000002603478100","terminal",0.55,10,0.266117,"Гипотеза: конечный получатель за период. 1 плательщик: 23,5 тыс ₸; 0 получателей: 0 ₸. Отдано дальше 0% наблюдаемого входа."
"100000002603769100","terminal",0.55,0,0.846377,"Гипотеза: конечный получатель за период. 3 плательщика: 1,19 млн ₸; 0 получателей: 0 ₸. Отдано дальше 0% наблюдаемого входа."
"100000002605184100","terminal",0.55,15,0.420615,"Гипотеза: конечный получатель за период. 1 плательщик: 140 тыс ₸; 0 получателей: 0 ₸. Отдано дальше 0% наблюдаемого входа."
"100000002605308100","terminal",0.55,14,0.894572,"Гипотеза: конечный получатель за период. 3 плательщика: 2,57 млн ₸; 0 получателей: 0 ₸. Отдано дальше 0% наблюдаемого входа."
"100000002605548100","terminal",0.55,11,0.726929,"Гипотеза: конечный получатель за период. 2 плательщика: 116,69 тыс ₸; 0 получателей: 0 ₸. Отдано дальше 0% наблюдаемого входа."
"100000002606567100","peripheral",0.2,0,0.239031,"Гипотеза: роль не определена. 1 плательщик: 14,1 тыс ₸; 1 получатель: 53 тыс ₸. Источник средств вне выборки."
"100000002609774100","peripheral",0.2,7,0.263094,"Гипотеза: роль не определена. 1 плательщик: 7,7 тыс ₸; 1 получатель: 27,5 тыс ₸. Источник средств вне выборки."
"100000002611334100","peripheral",0.2,0,0.510296,"Гипотеза: роль не определена. 1 плательщик: 48,29 тыс ₸; 1 получатель: 15,5 тыс ₸. Отдано дальше 32% наблюдаемого входа."
"100000002612809100","peripheral",0.2,35,0.324293,"Гипотеза: роль не определена. 1 плательщик: 30 тыс ₸; 3 получателя: 114 тыс ₸. Источник средств вне выборки."
"100000002613776100","terminal",0.55,2,0.400146,"Гипотеза: конечный получатель за период. 1 плательщик: 30 тыс ₸; 0 получателей: 0 ₸. Отдано дальше 0% наблюдаемого входа."
"100000002613929100","terminal",0.55,8,0.358255,"Гипотеза: конечный получатель за период. 1 плательщик: 28,56 тыс ₸; 0 получателей: 0 ₸. Отдано дальше 0% наблюдаемого входа."
"100000002614095100","peripheral",0.2,1,0.200561,"Гипотеза: роль не определена. 1 плательщик: 5,3 тыс ₸; 0 получателей: 0 ₸. Отдано дальше 0% наблюдаемого входа."
"100000002615479100","terminal",0.55,8,0.42076,"Гипотеза: конечный получатель за период. 1 плательщик: 220 тыс ₸; 0 получателей: 0 ₸. Отдано дальше 0% наблюдаемого входа."
"100000002618492100","terminal",0.55,11,0.784085,"Гипотеза: конечный получатель за период. 2 плательщика: 296,5 тыс ₸; 0 получателей: 0 ₸. Отдано дальше 0% наблюдаемого входа."
"100000002621434100","terminal",0.55,8,0.338863,"Гипотеза: конечный получатель за период. 1 плательщик: 81 тыс ₸; 0 получателей: 0 ₸. Отдано дальше 0% наблюдаемого входа."
"100000002621915100","peripheral",0.2,4,0.276335,"Гипотеза: роль не определена. 1 плательщик: 5 тыс ₸; 0 получателей: 0 ₸. Отдано дальше 0% наблюдаемого входа."
"100000002621949100","terminal",0.55,2,0.576492,"Гипотеза: конечный получатель за период. 1 плательщик: 164,61 тыс ₸; 0 получателей: 0 ₸. Отдано дальше 0% наблюдаемого входа."
"100000002622822100","peripheral",0.2,17,0.513504,"Гипотеза: роль не определена. Плательщиков: 1; получено 750 тыс ₸. Обрыв 4-го колена: исходящие неизвестны."
"100000002628146100","terminal",0.55,31,0.324697,"Гипотеза: конечный получатель за период. 1 плательщик: 30,5 тыс ₸; 0 получателей: 0 ₸. Отдано дальше 0% наблюдаемого входа."
"100000002628576100","peripheral",0.2,5,0.835162,"Гипотеза: роль не определена. 2 плательщика: 727,88 тыс ₸; 2 получателя: 539 тыс ₸. Отдано дальше 74% наблюдаемого входа."
"100000002632742100","terminal",0.55,9,0.719011,"Гипотеза: конечный получатель за период. 2 плательщика: 235,5 тыс ₸; 0 получателей: 0 ₸. Отдано дальше 0% наблюдаемого входа."
"100000002633108100","terminal",0.55,14,0.457582,"Гипотеза: конечный получатель за период. 1 плательщик: 320 тыс ₸; 0 получателей: 0 ₸. Отдано дальше 0% наблюдаемого входа."
"100000002633701100","terminal",0.55,8,0.430642,"Гипотеза: конечный получатель за период. 1 плательщик: 266,85 тыс ₸; 0 получателей: 0 ₸. Отдано дальше 0% наблюдаемого входа."
"100000002635746100","peripheral",0.2,7,0.207649,"Гипотеза: роль не определена. Плательщиков: 1; получено 5,3 тыс ₸. Обрыв 4-го колена: исходящие неизвестны."
"100000002635780100","terminal",0.55,6,0.445962,"Гипотеза: конечный получатель за период. 1 плательщик: 163 тыс ₸; 0 получателей: 0 ₸. Отдано дальше 0% наблюдаемого входа."
"100000002644285100","terminal",0.55,13,0.547073,"Гипотеза: конечный получатель за период. 1 плательщик: 500 тыс ₸; 0 получателей: 0 ₸. Отдано дальше 0% наблюдаемого входа."
"100000002645046100","peripheral",0.2,7,0.240287,"Гипотеза: роль не определена. Плательщиков: 1; получено 12 тыс ₸. Обрыв 4-го колена: исходящие неизвестны."
"100000002645609100","terminal",0.55,0,0.789468,"Гипотеза: конечный получатель за период. 4 плательщика: 546,82 тыс ₸; 0 получателей: 0 ₸. Отдано дальше 0% наблюдаемого входа."
"100000002645993100","peripheral",0.2,0,0.358978,"Гипотеза: роль не определена. 2 плательщика: 49,65 тыс ₸; 5 получателей: 86,98 тыс ₸. Источник средств вне выборки."
"100000002646745100","peripheral",0.2,1,0.22463,"Гипотеза: роль не определена. 1 плательщик: 12,3 тыс ₸; 0 получателей: 0 ₸. Отдано дальше 0% наблюдаемого входа."
"100000002646887100","terminal",0.55,9,0.285105,"Гипотеза: конечный получатель за период. 1 плательщик: 24,35 тыс ₸; 0 получателей: 0 ₸. Отдано дальше 0% наблюдаемого входа."
"100000002648315100","peripheral",0.2,6,0.596994,"Гипотеза: роль не определена. 1 плательщик: 132 тыс ₸; 2 получателя: 76 тыс ₸. Отдано дальше 58% наблюдаемого входа."
"100000002653187100","peripheral",0.2,10,0.302075,"Гипотеза: роль не определена. Плательщиков: 1; получено 15 тыс ₸. Обрыв 4-го колена: исходящие неизвестны."
"100000002653948100","terminal",0.55,5,0.471927,"Гипотеза: конечный получатель за период. 1 плательщик: 85,2 тыс ₸; 0 получателей: 0 ₸. Отдано дальше 0% наблюдаемого входа."
"100000002659103100","peripheral",0.2,42,0.423811,"Гипотеза: роль не определена. Плательщиков: 1; получено 165 тыс ₸. Обрыв 4-го колена: исходящие неизвестны."
"100000002659265100","peripheral",0.2,8,0.406068,"Гипотеза: роль не определена. Плательщиков: 1; получено 141 тыс ₸. Обрыв 4-го колена: исходящие неизвестны."
"100000002660298100","peripheral",0.2,7,0.396355,"Гипотеза: роль не определена. Плательщиков: 1; получено 30,9 тыс ₸. Обрыв 4-го колена: исходящие неизвестны."
"100000002662768100","terminal",0.55,2,0.370368,"Гипотеза: конечный получатель за период. 1 плательщик: 84,3 тыс ₸; 0 получателей: 0 ₸. Отдано дальше 0% наблюдаемого входа."
"100000002663511100","terminal",0.55,0,0.430126,"Гипотеза: конечный получатель за период. 1 плательщик: 268,94 тыс ₸; 0 получателей: 0 ₸. Отдано дальше 0% наблюдаемого входа."
"100000002666248100","terminal",0.55,2,0.5179,"Гипотеза: конечный получатель за период. 1 плательщик: 70,03 тыс ₸; 0 получателей: 0 ₸. Отдано дальше 0% наблюдаемого входа."
"100000002670463100","peripheral",0.2,7,0.313795,"Гипотеза: роль не определена. Плательщиков: 1; получено 31,5 тыс ₸. Обрыв 4-го колена: исходящие неизвестны."
"100000002670860100","terminal",0.55,13,0.739524,"Гипотеза: конечный получатель за период. 2 плательщика: 450 тыс ₸; 0 получателей: 0 ₸. Отдано дальше 0% наблюдаемого входа."
"100000002670960100","terminal",0.55,13,0.543932,"Гипотеза: конечный получатель за период. 1 плательщик: 480,31 тыс ₸; 0 получателей: 0 ₸. Отдано дальше 0% наблюдаемого входа."
"100000002671326100","peripheral",0.2,9,0.515792,"Гипотеза: роль не определена. Плательщиков: 1; получено 1,05 млн ₸. Обрыв 4-го колена: исходящие неизвестны."
"100000002671806100","peripheral",0.2,10,0.225594,"Гипотеза: роль не определена. 1 плательщик: 12,44 тыс ₸; 0 получателей: 0 ₸. Отдано дальше 0% наблюдаемого входа."
"100000002677201100","peripheral",0.2,9,0.57786,"Гипотеза: роль не определена. 1 плательщик: 150 тыс ₸; 1 получатель: 87,75 тыс ₸. Отдано дальше 58% наблюдаемого входа."
"100000002679516100","terminal",0.55,10,0.758008,"Гипотеза: конечный получатель за период. 3 плательщика: 102,33 тыс ₸; 0 получателей: 0 ₸. Отдано дальше 0% наблюдаемого входа."
"100000002680477100","terminal",0.55,13,0.285969,"Гипотеза: конечный получатель за период. 1 плательщик: 25 тыс ₸; 0 получателей: 0 ₸. Отдано дальше 0% наблюдаемого входа."
"100000002681449100","peripheral",0.2,9,0.314132,"Гипотеза: роль не определена. 2 плательщика: 94,64 тыс ₸; 2 получателя: 133 тыс ₸. Источник средств вне выборки."
"100000002681544100","terminal",0.55,6,0.574293,"Гипотеза: конечный получатель за период. 2 плательщика: 166,07 тыс ₸; 0 получателей: 0 ₸. Отдано дальше 0% наблюдаемого входа."
"100000002686226100","peripheral",0.2,16,0.492194,"Гипотеза: роль не определена. Плательщиков: 1; получено 430 тыс ₸. Обрыв 4-го колена: исходящие неизвестны."
"100000002689717100","peripheral",0.2,7,0.428544,"Гипотеза: роль не определена. Плательщиков: 1; получено 47,5 тыс ₸. Обрыв 4-го колена: исходящие неизвестны."
"100000002691583100","terminal",0.55,25,0.449372,"Гипотеза: конечный получатель за период. 1 плательщик: 285,2 тыс ₸; 0 получателей: 0 ₸. Отдано дальше 0% наблюдаемого входа."
"100000002691858100","terminal",0.55,31,0.363762,"Гипотеза: конечный получатель за период. 1 плательщик: 51,5 тыс ₸; 0 получателей: 0 ₸. Отдано дальше 0% наблюдаемого входа."
"100000002692044100","terminal",0.55,10,0.375426,"Гипотеза: конечный получатель за период. 1 плательщик: 97 тыс ₸; 0 получателей: 0 ₸. Отдано дальше 0% наблюдаемого входа."
"100000002692750100","peripheral",0.2,6,0.824349,"Гипотеза: роль не определена. 3 плательщика: 112,83 тыс ₸; 1 получатель: 77 тыс ₸. Отдано дальше 68% наблюдаемого входа."
"100000002695812100","peripheral",0.2,7,0.480148,"Гипотеза: роль не определена. Плательщиков: 1; получено 95 тыс ₸. Обрыв 4-го колена: исходящие неизвестны."
"100000002696152100","peripheral",0.2,11,0.359146,"Гипотеза: роль не определена. 1 плательщик: 21,8 тыс ₸; 2 получателя: 69 тыс ₸. Источник средств вне выборки."
"100000002697752100","terminal",0.55,3,0.669527,"Гипотеза: конечный получатель за период. 2 плательщика: 190,78 тыс ₸; 0 получателей: 0 ₸. Отдано дальше 0% наблюдаемого входа."
"100000002700161100","peripheral",0.2,48,0.37786,"Гипотеза: роль не определена. Плательщиков: 1; получено 39 тыс ₸. Обрыв 4-го колена: исходящие неизвестны."
"100000002702968100","peripheral",0.2,7,0.398329,"Гипотеза: роль не определена. Плательщиков: 1; получено 31,6 тыс ₸. Обрыв 4-го колена: исходящие неизвестны."
"100000002703376100","terminal",0.55,0,0.408917,"Гипотеза: конечный получатель за период. 1 плательщик: 46,5 тыс ₸; 0 получателей: 0 ₸. Отдано дальше 0% наблюдаемого входа."
"100000002704875100","terminal",0.55,3,0.803937,"Гипотеза: конечный получатель за период. 3 плательщика: 244,89 тыс ₸; 0 получателей: 0 ₸. Отдано дальше 0% наблюдаемого входа."
"100000002705460100","terminal",0.55,4,0.4202,"Гипотеза: конечный получатель за период. 1 плательщик: 95 тыс ₸; 0 получателей: 0 ₸. Отдано дальше 0% наблюдаемого входа."
"100000002706810100","peripheral",0.2,7,0.337853,"Гипотеза: роль не определена. Плательщиков: 1; получено 45 тыс ₸. Обрыв 4-го колена: исходящие неизвестны."
"100000002707106100","peripheral",0.2,14,0.229441,"Гипотеза: роль не определена. Плательщиков: 1; получено 15 тыс ₸. Обрыв 4-го колена: исходящие неизвестны."
"100000002708624100","terminal",0.55,24,0.314098,"Гипотеза: конечный получатель за период. 1 плательщик: 25 тыс ₸; 0 получателей: 0 ₸. Отдано дальше 0% наблюдаемого входа."
"100000002710570100","terminal",0.55,30,0.549047,"Гипотеза: конечный получатель за период. 1 плательщик: 225,01 тыс ₸; 0 получателей: 0 ₸. Отдано дальше 0% наблюдаемого входа."
"100000002712416100","terminal",0.55,13,0.702826,"Гипотеза: конечный получатель за период. 2 плательщика: 116,8 тыс ₸; 0 получателей: 0 ₸. Отдано дальше 0% наблюдаемого входа."
"100000002713074100","peripheral",0.2,16,0.699888,"Гипотеза: роль не определена. 2 плательщика: 700 тыс ₸; 1 получатель: 430 тыс ₸. Отдано дальше 61% наблюдаемого входа."
"100000002713974100","peripheral",0.2,3,0.356797,"Гипотеза: роль не определена. Плательщиков: 1; получено 50 тыс ₸. Обрыв 4-го колена: исходящие неизвестны."
"100000002718366100","consolidator",0.72,8,0.946646,"Гипотеза: признаки консолидации. 6 плательщиков: 2,52 млн ₸; 0 получателей: 0 ₸. Отдано дальше 0% наблюдаемого входа."
"100000002720627100","terminal",0.55,11,0.594919,"Гипотеза: конечный получатель за период. 1 плательщик: 199,3 тыс ₸; 0 получателей: 0 ₸. Отдано дальше 0% наблюдаемого входа."
"100000002721825100","peripheral",0.2,0,0.29677,"Гипотеза: роль не определена. 1 плательщик: 11 тыс ₸; 0 получателей: 0 ₸. Отдано дальше 0% наблюдаемого входа."
"100000002722108100","terminal",0.55,13,0.56688,"Гипотеза: конечный получатель за период. 1 плательщик: 800 тыс ₸; 0 получателей: 0 ₸. Отдано дальше 0% наблюдаемого входа."
"100000002723439100","peripheral",0.2,11,0.323004,"Гипотеза: роль не определена. Плательщиков: 1; получено 18 тыс ₸. Обрыв 4-го колена: исходящие неизвестны."
"100000002723538100","coordinator",0.7959297153024911,3,0.828253,"Гипотеза: координация. 3 плательщика: 105,65 тыс ₸; 12 получателей: 560,5 тыс ₸. В 4 хаба направлено 25% выхода. Источник средств вне выборки."
"100000002723674100","peripheral",0.2,20,0.325617,"Гипотеза: роль не определена. Плательщиков: 1; получено 30 тыс ₸. Обрыв 4-го колена: исходящие неизвестны."
"100000002726055100","peripheral",0.2,20,0.271602,"Гипотеза: роль не определена. Плательщиков: 1; получено 10 тыс ₸. Обрыв 4-го колена: исходящие неизвестны."
"100000002727288100","peripheral",0.2,15,0.432324,"Гипотеза: роль не определена. 1 плательщик: 16 тыс ₸; 0 получателей: 0 ₸. Отдано дальше 0% наблюдаемого входа."
"100000002728246100","peripheral",0.2,5,0.429464,"Гипотеза: роль не определена. Плательщиков: 1; получено 10 тыс ₸. Обрыв 4-го колена: исходящие неизвестны."
"100000002729875100","peripheral",0.2,7,0.46255,"Гипотеза: роль не определена. Плательщиков: 1; получено 76 тыс ₸. Обрыв 4-го колена: исходящие неизвестны."
"100000002731501100","peripheral",0.2,23,0.38367,"Гипотеза: роль не определена. 3 плательщика: 570,37 тыс ₸; 7 получателей: 833,96 тыс ₸. Источник средств вне выборки."
"100000002733083100","peripheral",0.2,7,0.339861,"Гипотеза: роль не определена. Плательщиков: 1; получено 15,2 тыс ₸. Обрыв 4-го колена: исходящие неизвестны."
"100000002733905100","peripheral",0.2,1,0.378017,"Гипотеза: роль не определена. 3 плательщика: 100 тыс ₸; 2 получателя: 717,84 тыс ₸. Источник средств вне выборки."
"100000002734815100","peripheral",0.2,8,0.391072,"Гипотеза: роль не определена. Плательщиков: 1; получено 110 тыс ₸. Обрыв 4-го колена: исходящие неизвестны."
"100000002736033100","peripheral",0.2,16,0.475774,"Гипотеза: роль не определена. 1 плательщик: 34,53 тыс ₸; 1 получатель: 11 тыс ₸. Отдано дальше 32% наблюдаемого входа."
"100000002736316100","terminal",0.55,0,0.785879,"Гипотеза: конечный получатель за период. 3 плательщика: 266,92 тыс ₸; 0 получателей: 0 ₸. Отдано дальше 0% наблюдаемого входа."
"100000002737980100","terminal",0.55,4,0.396512,"Гипотеза: конечный получатель за период. 1 плательщик: 32,9 тыс ₸; 0 получателей: 0 ₸. Отдано дальше 0% наблюдаемого входа."
"100000002738256100","transit",0.8,51,0.622521,"Гипотеза: транзит. 1 плательщик: 150,2 тыс ₸; 1 получатель: 175 тыс ₸. Отдано дальше 117% наблюдаемого входа."
"100000002741024100","consolidator",0.7,0,0.926256,"Гипотеза: признаки консолидации. 5 плательщиков: 817,98 тыс ₸; 6 получателей: 434,99 тыс ₸. Отдано дальше 53% наблюдаемого входа."
"100000002742067100","peripheral",0.2,15,0.370222,"Гипотеза: роль не определена. 1 плательщик: 12,73 тыс ₸; 0 получателей: 0 ₸. Отдано дальше 0% наблюдаемого входа."
"100000002744581100","peripheral",0.2,6,0.27371,"Гипотеза: роль не определена. 1 плательщик: 12 тыс ₸; 0 получателей: 0 ₸. Отдано дальше 0% наблюдаемого входа."
"100000002748040100","peripheral",0.2,7,0.3524,"Гипотеза: роль не определена. Плательщиков: 1; получено 18 тыс ₸. Обрыв 4-го колена: исходящие неизвестны."
"100000002748180100","distributor",0.6599999999999999,13,0.680395,"Гипотеза: веерная раздача. 1 плательщик: 9,9 тыс ₸; 8 получателей: 679,74 тыс ₸. Источник средств вне выборки."
"100000002748511100","peripheral",0.2,4,0.329677,"Гипотеза: роль не определена. Плательщиков: 1; получено 20 тыс ₸. Обрыв 4-го колена: исходящие неизвестны."
"100000002748532100","peripheral",0.2,17,0.4417,"Гипотеза: роль не определена. 3 плательщика: 355,57 тыс ₸; 2 получателя: 646,68 тыс ₸. Источник средств вне выборки."
"100000002748581100","terminal",0.55,14,0.320121,"Гипотеза: конечный получатель за период. 1 плательщик: 41,18 тыс ₸; 0 получателей: 0 ₸. Отдано дальше 0% наблюдаемого входа."
"100000002748761100","terminal",0.55,13,0.566678,"Гипотеза: конечный получатель за период. 1 плательщик: 796,8 тыс ₸; 0 получателей: 0 ₸. Отдано дальше 0% наблюдаемого входа."
"100000002750332100","peripheral",0.2,8,0.220413,"Гипотеза: роль не определена. 1 плательщик: 11,36 тыс ₸; 0 получателей: 0 ₸. Отдано дальше 0% наблюдаемого входа."
"100000002750956100","terminal",0.55,0,0.32389,"Гипотеза: конечный получатель за период. 1 плательщик: 47,42 тыс ₸; 0 получателей: 0 ₸. Отдано дальше 0% наблюдаемого входа."
"100000002752565100","peripheral",0.2,3,0.459388,"Гипотеза: роль не определена. Плательщиков: 1; получено 57 тыс ₸. Обрыв 4-го колена: исходящие неизвестны."
"100000002753146100","terminal",0.55,13,0.567194,"Гипотеза: конечный получатель за период. 1 плательщик: 803,54 тыс ₸; 0 получателей: 0 ₸. Отдано дальше 0% наблюдаемого входа."
"100000002755292100","terminal",0.55,5,0.530585,"Гипотеза: конечный получатель за период. 1 плательщик: 203,4 тыс ₸; 0 получателей: 0 ₸. Отдано дальше 0% наблюдаемого входа."
"100000002757240100","terminal",0.55,2,0.489984,"Гипотеза: конечный получатель за период. 1 плательщик: 51,18 тыс ₸; 0 получателей: 0 ₸. Отдано дальше 0% наблюдаемого входа."
"100000002757791100","terminal",0.55,26,0.367104,"Гипотеза: конечный получатель за период. 1 плательщик: 73,05 тыс ₸; 0 получателей: 0 ₸. Отдано дальше 0% наблюдаемого входа."
"100000002757797100","terminal",0.55,10,0.378118,"Гипотеза: конечный получатель за период. 1 плательщик: 100 тыс ₸; 0 получателей: 0 ₸. Отдано дальше 0% наблюдаемого входа."
"100000002760175100","terminal",0.55,11,0.590545,"Гипотеза: конечный получатель за период. 1 плательщик: 187,41 тыс ₸; 0 получателей: 0 ₸. Отдано дальше 0% наблюдаемого входа."
"100000002762076100","peripheral",0.2,6,0.689962,"Гипотеза: роль не определена. 2 плательщика: 140,35 тыс ₸; 1 получатель: 30 тыс ₸. Отдано дальше 21% наблюдаемого входа."
"100000002769809100","terminal",0.55,18,0.411866,"Гипотеза: конечный получатель за период. 1 плательщик: 113,42 тыс ₸; 0 получателей: 0 ₸. Отдано дальше 0% наблюдаемого входа."
"100000002773323100","peripheral",0.2,9,0.410874,"Гипотеза: роль не определена. 2 плательщика: 285 тыс ₸; 1 получатель: 1,17 млн ₸. Источник средств вне выборки."
"100000002774456100","terminal",0.55,11,0.501133,"Гипотеза: конечный получатель за период. 1 плательщик: 50,36 тыс ₸; 0 получателей: 0 ₸. Отдано дальше 0% наблюдаемого входа."
"100000002778085100","terminal",0.55,4,0.431146,"Гипотеза: конечный получатель за период. 1 плательщик: 66,21 тыс ₸; 0 получателей: 0 ₸. Отдано дальше 0% наблюдаемого входа."
"100000002779485100","terminal",0.55,3,0.415882,"Гипотеза: конечный получатель за период. 1 плательщик: 91 тыс ₸; 0 получателей: 0 ₸. Отдано дальше 0% наблюдаемого входа."
"100000002781227100","transit",0.77,61,0.73441,"Гипотеза: транзит. 2 плательщика: 191,17 тыс ₸; 3 получателя: 212,42 тыс ₸. Отдано дальше 111% наблюдаемого входа."
"100000002784085100","terminal",0.55,8,0.415399,"Гипотеза: конечный получатель за период. 1 плательщик: 200 тыс ₸; 0 получателей: 0 ₸. Отдано дальше 0% наблюдаемого входа."
"100000002791494100","peripheral",0.2,7,0.471501,"Гипотеза: роль не определена. Плательщиков: 1; получено 85,86 тыс ₸. Обрыв 4-го колена: исходящие неизвестны."
"100000002793851100","peripheral",0.2,4,0.31107,"Гипотеза: роль не определена. 1 плательщик: 11,05 тыс ₸; 0 получателей: 0 ₸. Отдано дальше 0% наблюдаемого входа."
"100000002793881100","terminal",0.55,8,0.848766,"Гипотеза: конечный получатель за период. 3 плательщика: 785,6 тыс ₸; 0 получателей: 0 ₸. Отдано дальше 0% наблюдаемого входа."
"100000002794197100","terminal",0.55,6,0.276133,"Гипотеза: конечный получатель за период. 1 плательщик: 30,1 тыс ₸; 0 получателей: 0 ₸. Отдано дальше 0% наблюдаемого входа."
"100000002794374100","peripheral",0.2,45,0.408479,"Гипотеза: роль не определена. Плательщиков: 1; получено 111 тыс ₸. Обрыв 4-го колена: исходящие неизвестны."
"100000002796853100","peripheral",0.2,61,0.632683,"Гипотеза: роль не определена. 1 плательщик: 199 тыс ₸; 1 получатель: 46,17 тыс ₸. Отдано дальше 23% наблюдаемого входа."
"100000002799941100","terminal",0.55,18,0.483188,"Гипотеза: конечный получатель за период. 1 плательщик: 600 тыс ₸; 0 получателей: 0 ₸. Отдано дальше 0% наблюдаемого входа."
"100000002807334100","terminal",0.55,5,0.447387,"Гипотеза: конечный получатель за период. 1 плательщик: 54,72 тыс ₸; 0 получателей: 0 ₸. Отдано дальше 0% наблюдаемого входа."
"100000002809568100","peripheral",0.2,0,0.216779,"Гипотеза: роль не определена. 1 плательщик: 10 тыс ₸; 0 получателей: 0 ₸. Отдано дальше 0% наблюдаемого входа."
"100000002809896100","terminal",0.55,7,0.319695,"Гипотеза: конечный получатель за период. 1 плательщик: 38 тыс ₸; 0 получателей: 0 ₸. Отдано дальше 0% наблюдаемого входа."
"100000002810870100","terminal",0.55,1,0.300269,"Гипотеза: конечный получатель за период. 1 плательщик: 33,68 тыс ₸; 0 получателей: 0 ₸. Отдано дальше 0% наблюдаемого входа."
"100000002812641100","peripheral",0.2,8,0.62168,"Гипотеза: роль не определена. 1 плательщик: 10 тыс ₸; 1 получатель: 7,02 тыс ₸. Отдано дальше 70% наблюдаемого входа."
"100000002815005100","terminal",0.55,8,0.551178,"Гипотеза: конечный получатель за период. 1 плательщик: 476,5 тыс ₸; 0 получателей: 0 ₸. Отдано дальше 0% наблюдаемого входа."
"100000002818726100","peripheral",0.2,12,0.366027,"Гипотеза: роль не определена. 1 плательщик: 10,88 тыс ₸; 0 получателей: 0 ₸. Отдано дальше 0% наблюдаемого входа."
"100000002820010100","terminal",0.55,6,0.289816,"Гипотеза: конечный получатель за период. 1 плательщик: 30 тыс ₸; 0 получателей: 0 ₸. Отдано дальше 0% наблюдаемого входа."
"100000002821425100","terminal",0.55,13,0.510206,"Гипотеза: конечный получатель за период. 1 плательщик: 275 тыс ₸; 0 получателей: 0 ₸. Отдано дальше 0% наблюдаемого входа."
"100000002822472100","terminal",0.55,13,0.720716,"Гипотеза: конечный получатель за период. 2 плательщика: 266,72 тыс ₸; 0 получателей: 0 ₸. Отдано дальше 0% наблюдаемого входа."
"100000002824176100","terminal",0.55,6,0.503892,"Гипотеза: конечный получатель за период. 1 плательщик: 144 тыс ₸; 0 получателей: 0 ₸. Отдано дальше 0% наблюдаемого входа."
"100000002826669100","terminal",0.55,0,0.570704,"Гипотеза: конечный получатель за период. 1 плательщик: 159,9 тыс ₸; 0 получателей: 0 ₸. Отдано дальше 0% наблюдаемого входа."
"100000002830055100","peripheral",0.2,1,0.232604,"Гипотеза: роль не определена. 1 плательщик: 14 тыс ₸; 0 получателей: 0 ₸. Отдано дальше 0% наблюдаемого входа."
"100000002831727100","peripheral",0.2,18,0.248845,"Гипотеза: роль не определена. 1 плательщик: 6 тыс ₸; 1 получатель: 77 тыс ₸. Источник средств вне выборки."
"100000002832753100","peripheral",0.2,15,0.311777,"Гипотеза: роль не определена. Плательщиков: 1; получено 12,5 тыс ₸. Обрыв 4-го колена: исходящие неизвестны."
"100000002835874100","peripheral",0.2,8,0.426738,"Гипотеза: роль не определена. Плательщиков: 1; получено 58,7 тыс ₸. Обрыв 4-го колена: исходящие неизвестны."
"100000002836052100","peripheral",0.2,3,0.449551,"Гипотеза: роль не определена. 1 плательщик: 15 тыс ₸; 0 получателей: 0 ₸. Отдано дальше 0% наблюдаемого входа."
"100000002836736100","terminal",0.55,6,0.773587,"Гипотеза: конечный получатель за период. 2 плательщика: 509 тыс ₸; 0 получателей: 0 ₸. Отдано дальше 0% наблюдаемого входа."
"100000002838519100","terminal",0.55,14,0.328802,"Гипотеза: конечный получатель за период. 1 плательщик: 46,9 тыс ₸; 0 получателей: 0 ₸. Отдано дальше 0% наблюдаемого входа."
"100000002838861100","consolidator",0.7,8,0.918596,"Гипотеза: признаки консолидации. 5 плательщиков: 554,52 тыс ₸; 1 получатель: 10 тыс ₸. Отдано дальше 2% наблюдаемого входа."
"100000002842321100","terminal",0.55,5,0.514009,"Гипотеза: конечный получатель за период. 1 плательщик: 160 тыс ₸; 0 получателей: 0 ₸. Отдано дальше 0% наблюдаемого входа."
"100000002842337100","terminal",0.55,6,0.365321,"Гипотеза: конечный получатель за период. 1 плательщик: 50 тыс ₸; 0 получателей: 0 ₸. Отдано дальше 0% наблюдаемого входа."
"100000002844652100","terminal",0.55,6,0.324921,"Гипотеза: конечный получатель за период. 1 плательщик: 61,36 тыс ₸; 0 получателей: 0 ₸. Отдано дальше 0% наблюдаемого входа."
"100000002844897100","peripheral",0.2,8,0.218955,"Гипотеза: роль не определена. 1 плательщик: 10,8 тыс ₸; 0 получателей: 0 ₸. Отдано дальше 0% наблюдаемого входа."
"100000002845605100","terminal",0.55,0,0.341319,"Гипотеза: конечный получатель за период. 1 плательщик: 57,57 тыс ₸; 0 получателей: 0 ₸. Отдано дальше 0% наблюдаемого входа."
"100000002847207100","terminal",0.55,2,0.484634,"Гипотеза: конечный получатель за период. 1 плательщик: 46,24 тыс ₸; 0 получателей: 0 ₸. Отдано дальше 0% наблюдаемого входа."
"100000002849158100","peripheral",0.2,8,0.426901,"Гипотеза: роль не определена. 3 плательщика: 723 тыс ₸; 1 получатель: 1,31 млн ₸. Источник средств вне выборки."
"100000002852402100","terminal",0.55,15,0.363706,"Гипотеза: конечный получатель за период. 1 плательщик: 55 тыс ₸; 0 получателей: 0 ₸. Отдано дальше 0% наблюдаемого входа."
"100000002858835100","terminal",0.55,1,0.273822,"Гипотеза: конечный получатель за период. 1 плательщик: 24,4 тыс ₸; 0 получателей: 0 ₸. Отдано дальше 0% наблюдаемого входа."
"100000002860934100","peripheral",0.2,27,0.471703,"Гипотеза: роль не определена. Плательщиков: 1; получено 279,5 тыс ₸. Обрыв 4-го колена: исходящие неизвестны."
"100000002861485100","terminal",0.55,4,0.368899,"Гипотеза: конечный получатель за период. 1 плательщик: 29,32 тыс ₸; 0 получателей: 0 ₸. Отдано дальше 0% наблюдаемого входа."
"100000002862113100","terminal",0.55,14,0.330911,"Гипотеза: конечный получатель за период. 1 плательщик: 47,41 тыс ₸; 0 получателей: 0 ₸. Отдано дальше 0% наблюдаемого входа."
"100000002863356100","peripheral",0.2,1,0.507066,"Гипотеза: роль не определена. 1 плательщик: 45 тыс ₸; 1 получатель: 20 тыс ₸. Отдано дальше 44% наблюдаемого входа."
"100000002864256100","terminal",0.55,2,0.562203,"Гипотеза: конечный получатель за период. 1 плательщик: 135,78 тыс ₸; 0 получателей: 0 ₸. Отдано дальше 0% наблюдаемого входа."
"100000002864680100","terminal",0.55,10,0.337685,"Гипотеза: конечный получатель за период. 1 плательщик: 55,93 тыс ₸; 0 получателей: 0 ₸. Отдано дальше 0% наблюдаемого входа."
"100000002870463100","terminal",0.55,6,0.786597,"Гипотеза: конечный получатель за период. 3 плательщика: 207 тыс ₸; 1 получатель: 10 тыс ₸. Отдано дальше 5% наблюдаемого входа."
"100000002870937100","terminal",0.55,6,0.343158,"Гипотеза: конечный получатель за период. 1 плательщик: 83,7 тыс ₸; 0 получателей: 0 ₸. Отдано дальше 0% наблюдаемого входа."
"100000002871199100","terminal",0.55,14,0.274249,"Гипотеза: конечный получатель за период. 1 плательщик: 23,19 тыс ₸; 0 получателей: 0 ₸. Отдано дальше 0% наблюдаемого входа."
"100000002872399100","terminal",0.55,6,0.518192,"Гипотеза: конечный получатель за период. 1 плательщик: 1,09 млн ₸; 0 получателей: 0 ₸. Отдано дальше 0% наблюдаемого входа."
"100000002876914100","peripheral",0.2,7,0.240287,"Гипотеза: роль не определена. Плательщиков: 1; получено 12 тыс ₸. Обрыв 4-го колена: исходящие неизвестны."
"100000002877262100","terminal",0.55,9,0.510633,"Гипотеза: конечный получатель за период. 1 плательщик: 100 тыс ₸; 0 получателей: 0 ₸. Отдано дальше 0% наблюдаемого входа."
"100000002878467100","terminal",0.55,9,0.666016,"Гипотеза: конечный получатель за период. 2 плательщика: 200 тыс ₸; 0 получателей: 0 ₸. Отдано дальше 0% наблюдаемого входа."
"100000002878483100","peripheral",0.2,7,0.211519,"Гипотеза: роль не определена. Плательщиков: 1; получено 6 тыс ₸. Обрыв 4-го колена: исходящие неизвестны."
"100000002881669100","peripheral",0.2,10,0.249563,"Гипотеза: роль не определена. 1 плательщик: 18,6 тыс ₸; 0 получателей: 0 ₸. Отдано дальше 0% наблюдаемого входа."
"100000002883402100","terminal",0.55,8,0.788179,"Гипотеза: конечный получатель за период. 3 плательщика: 300 тыс ₸; 0 получателей: 0 ₸. Отдано дальше 0% наблюдаемого входа."
"100000002884708100","peripheral",0.2,9,0.514356,"Гипотеза: роль не определена. Плательщиков: 1; получено 1,17 млн ₸. Обрыв 4-го колена: исходящие неизвестны."
"100000002886166100","terminal",0.55,23,0.421837,"Гипотеза: конечный получатель за период. 1 плательщик: 185 тыс ₸; 0 получателей: 0 ₸. Отдано дальше 0% наблюдаемого входа."
"100000002890167100","terminal",0.55,4,0.471815,"Гипотеза: конечный получатель за период. 1 плательщик: 118,15 тыс ₸; 0 получателей: 0 ₸. Отдано дальше 0% наблюдаемого входа."
"100000002891765100","terminal",0.55,14,0.34751,"Гипотеза: конечный получатель за период. 1 плательщик: 55,58 тыс ₸; 0 получателей: 0 ₸. Отдано дальше 0% наблюдаемого входа."
"100000002893020100","peripheral",0.2,7,0.262607,"Гипотеза: роль не определена. 1 плательщик: 18,34 тыс ₸; 0 получателей: 0 ₸. Отдано дальше 0% наблюдаемого входа."
"100000002894076100","terminal",0.55,6,0.896467,"Гипотеза: конечный получатель за период. 4 плательщика: 1,12 млн ₸; 0 получателей: 0 ₸. Отдано дальше 0% наблюдаемого входа."
"100000002896506100","peripheral",0.2,5,0.476514,"Гипотеза: роль не определена. Плательщиков: 1; получено 45 тыс ₸. Обрыв 4-го колена: исходящие неизвестны."
"100000002901457100","peripheral",0.2,0,0.786306,"Гипотеза: роль не определена. 1 плательщик: 340 тыс ₸; 3 получателя: 119 тыс ₸. Отдано дальше 35% наблюдаемого входа."
"100000002904919100","terminal",0.55,0,0.488134,"Гипотеза: конечный получатель за период. 1 плательщик: 60,33 тыс ₸; 1 получатель: 5,5 тыс ₸. Отдано дальше 9% наблюдаемого входа."
"100000002906470100","terminal",0.55,18,0.394695,"Гипотеза: конечный получатель за период. 1 плательщик: 130 тыс ₸; 0 получателей: 0 ₸. Отдано дальше 0% наблюдаемого входа."
"100000002908521100","terminal",0.55,1,0.313829,"Гипотеза: конечный получатель за период. 1 плательщик: 44,5 тыс ₸; 0 получателей: 0 ₸. Отдано дальше 0% наблюдаемого входа."
"100000002911170100","terminal",0.55,29,0.578297,"Гипотеза: конечный получатель за период. 1 плательщик: 300 тыс ₸; 0 получателей: 0 ₸. Отдано дальше 0% наблюдаемого входа."
"100000002913340100","terminal",0.55,1,0.265624,"Гипотеза: конечный получатель за период. 1 плательщик: 23,6 тыс ₸; 0 получателей: 0 ₸. Отдано дальше 0% наблюдаемого входа."
"100000002914245100","terminal",0.55,3,0.382817,"Гипотеза: конечный получатель за период. 1 плательщик: 140,61 тыс ₸; 0 получателей: 0 ₸. Отдано дальше 0% наблюдаемого входа."
"100000002916006100","peripheral",0.2,19,0.071994,"Гипотеза: роль не определена. 0 плательщиков: 0 ₸; 1 получатель: 32 тыс ₸. Источник средств вне выборки."
"100000002921047100","peripheral",0.2,6,0.796489,"Гипотеза: роль не определена. 2 плательщика: 338 тыс ₸; 1 получатель: 163 тыс ₸. Отдано дальше 48% наблюдаемого входа."
"100000002922000100","peripheral",0.2,42,0.478286,"Гипотеза: роль не определена. Плательщиков: 1; получено 448 тыс ₸. Обрыв 4-го колена: исходящие неизвестны."
"100000002926970100","terminal",0.55,7,0.379083,"Гипотеза: конечный получатель за период. 1 плательщик: 85 тыс ₸; 0 получателей: 0 ₸. Отдано дальше 0% наблюдаемого входа."
"100000002933386100","peripheral",0.2,2,0.281472,"Гипотеза: роль не определена. 1 плательщик: 15 тыс ₸; 1 получатель: 58 тыс ₸. Источник средств вне выборки."
"100000002934441100","terminal",0.55,0,0.506864,"Гипотеза: конечный получатель за период. 2 плательщика: 60,85 тыс ₸; 0 получателей: 0 ₸. Отдано дальше 0% наблюдаемого входа."
"100000002936322100","terminal",0.55,3,0.73063,"Гипотеза: конечный получатель за период. 2 плательщика: 787,13 тыс ₸; 0 получателей: 0 ₸. Отдано дальше 0% наблюдаемого входа."
"100000002938501100","peripheral",0.2,4,0.468988,"Гипотеза: роль не определена. 1 плательщик: 8,39 тыс ₸; 1 получатель: 5 тыс ₸. Отдано дальше 60% наблюдаемого входа."
"100000002939838100","terminal",0.55,4,0.86024,"Гипотеза: конечный получатель за период. 3 плательщика: 571,23 тыс ₸; 0 получателей: 0 ₸. Отдано дальше 0% наблюдаемого входа."
"100000002941114100","terminal",0.55,11,0.823856,"Гипотеза: конечный получатель за период. 2 плательщика: 128,51 тыс ₸; 1 получатель: 15 тыс ₸. Отдано дальше 12% наблюдаемого входа."
"100000002943472100","terminal",0.55,9,0.545783,"Гипотеза: конечный получатель за период. 1 плательщик: 170 тыс ₸; 0 получателей: 0 ₸. Отдано дальше 0% наблюдаемого входа."
"100000002945031100","peripheral",0.2,12,0.381875,"Гипотеза: роль не определена. 1 плательщик: 15 тыс ₸; 0 получателей: 0 ₸. Отдано дальше 0% наблюдаемого входа."
"100000002945626100","terminal",0.55,8,0.834881,"Гипотеза: конечный получатель за период. 3 плательщика: 584 тыс ₸; 0 получателей: 0 ₸. Отдано дальше 0% наблюдаемого входа."
"100000002947299100","terminal",0.55,2,0.521826,"Гипотеза: конечный получатель за период. 1 плательщик: 85 тыс ₸; 0 получателей: 0 ₸. Отдано дальше 0% наблюдаемого входа."
"100000002948492100","terminal",0.55,14,0.275886,"Гипотеза: конечный получатель за период. 1 плательщик: 23,66 тыс ₸; 0 получателей: 0 ₸. Отдано дальше 0% наблюдаемого входа."
"100000002951898100","terminal",0.55,14,0.317183,"Гипотеза: конечный получатель за период. 1 плательщик: 39,99 тыс ₸; 0 получателей: 0 ₸. Отдано дальше 0% наблюдаемого входа."
"100000002952631100","terminal",0.55,4,0.405799,"Гипотеза: конечный получатель за период. 1 плательщик: 48,05 тыс ₸; 0 получателей: 0 ₸. Отдано дальше 0% наблюдаемого входа."
"100000002952756100","terminal",0.55,7,0.359993,"Гипотеза: конечный получатель за период. 1 плательщик: 47 тыс ₸; 0 получателей: 0 ₸. Отдано дальше 0% наблюдаемого входа."
"100000002954780100","terminal",0.55,8,0.3738,"Гипотеза: конечный получатель за период. 1 плательщик: 133,4 тыс ₸; 0 получателей: 0 ₸. Отдано дальше 0% наблюдаемого входа."
"100000002956769100","terminal",0.55,13,0.824596,"Гипотеза: конечный получатель за период. 3 плательщика: 840 тыс ₸; 0 получателей: 0 ₸. Отдано дальше 0% наблюдаемого входа."
"100000002956779100","terminal",0.55,2,0.471164,"Гипотеза: конечный получатель за период. 1 плательщик: 411 тыс ₸; 0 получателей: 0 ₸. Отдано дальше 0% наблюдаемого входа."
"100000002956898100","terminal",0.55,15,0.742856,"Гипотеза: конечный получатель за период. 2 плательщика: 290,24 тыс ₸; 0 получателей: 0 ₸. Отдано дальше 0% наблюдаемого входа."
"100000002957306100","terminal",0.55,11,0.795794,"Гипотеза: конечный получатель за период. 2 плательщика: 398,49 тыс ₸; 0 получателей: 0 ₸. Отдано дальше 0% наблюдаемого входа."
"100000002957787100","distributor",0.855,0,0.954307,"Гипотеза: веерная раздача. 4 плательщика: 84,96 тыс ₸; 34 получателя: 1,28 млн ₸. Источник средств вне выборки."
"100000002958139100","terminal",0.55,8,0.501649,"Гипотеза: конечный получатель за период. 1 плательщик: 209,5 тыс ₸; 0 получателей: 0 ₸. Отдано дальше 0% наблюдаемого входа."
"100000002958286100","terminal",0.55,8,0.431157,"Гипотеза: конечный получатель за период. 1 плательщик: 257 тыс ₸; 0 получателей: 0 ₸. Отдано дальше 0% наблюдаемого входа."
"100000002958343100","peripheral",0.2,6,0.729946,"Гипотеза: роль не определена. 1 плательщик: 2,9 млн ₸; 2 получателя: 1,39 млн ₸. Отдано дальше 48% наблюдаемого входа."
"100000002958345100","terminal",0.55,13,0.518338,"Гипотеза: конечный получатель за период. 1 плательщик: 307 тыс ₸; 0 получателей: 0 ₸. Отдано дальше 0% наблюдаемого входа."
"100000002963189100","peripheral",0.2,14,0.384982,"Гипотеза: роль не определена. 1 плательщик: 490 тыс ₸; 7 получателей: 5,22 млн ₸. Источник средств вне выборки."
"100000002964966100","terminal",0.55,2,0.531741,"Гипотеза: конечный получатель за период. 1 плательщик: 200 тыс ₸; 0 получателей: 0 ₸. Отдано дальше 0% наблюдаемого входа."
"100000002968096100","peripheral",0.2,3,0.506662,"Гипотеза: роль не определена. Плательщиков: 1; получено 70 тыс ₸. Обрыв 4-го колена: исходящие неизвестны."
"100000002969048100","terminal",0.55,6,0.385756,"Гипотеза: конечный получатель за период. 1 плательщик: 108,47 тыс ₸; 0 получателей: 0 ₸. Отдано дальше 0% наблюдаемого входа."
"100000002970466100","peripheral",0.2,0,0.319701,"Гипотеза: роль не определена. 1 плательщик: 23,32 тыс ₸; 2 получателя: 93 тыс ₸. Источник средств вне выборки."
"100000002971593100","peripheral",0.2,5,0.512225,"Гипотеза: роль не определена. Плательщиков: 1; получено 49,05 тыс ₸. Обрыв 4-го колена: исходящие неизвестны."
"100000002973903100","terminal",0.55,10,0.746142,"Гипотеза: конечный получатель за период. 3 плательщика: 92,88 тыс ₸; 0 получателей: 0 ₸. Отдано дальше 0% наблюдаемого входа."
"100000002974256100","peripheral",0.2,10,0.284477,"Гипотеза: роль не определена. 1 плательщик: 7,2 тыс ₸; 0 получателей: 0 ₸. Отдано дальше 0% наблюдаемого входа."
"100000002975287100","peripheral",0.2,16,0.239468,"Гипотеза: роль не определена. 1 плательщик: 15 тыс ₸; 0 получателей: 0 ₸. Отдано дальше 0% наблюдаемого входа."
"100000002975437100","terminal",0.55,30,0.644123,"Гипотеза: конечный получатель за период. 1 плательщик: 530 тыс ₸; 1 получатель: 8,5 тыс ₸. Отдано дальше 2% наблюдаемого входа."
"100000002981489100","peripheral",0.2,5,0.355888,"Гипотеза: роль не определена. Плательщиков: 1; получено 10 тыс ₸. Обрыв 4-го колена: исходящие неизвестны."
"100000002981527100","terminal",0.55,8,0.404542,"Гипотеза: конечный получатель за период. 1 плательщик: 168 тыс ₸; 0 получателей: 0 ₸. Отдано дальше 0% наблюдаемого входа."
"100000002982252100","terminal",0.55,1,0.262382,"Гипотеза: конечный получатель за период. 1 плательщик: 20,32 тыс ₸; 0 получателей: 0 ₸. Отдано дальше 0% наблюдаемого входа."
"100000002983426100","terminal",0.55,7,0.382324,"Гипотеза: конечный получатель за период. 1 плательщик: 88,94 тыс ₸; 0 получателей: 0 ₸. Отдано дальше 0% наблюдаемого входа."
"100000002983879100","terminal",0.55,2,0.751817,"Гипотеза: конечный получатель за период. 2 плательщика: 200,05 тыс ₸; 0 получателей: 0 ₸. Отдано дальше 0% наблюдаемого входа."
"100000002984403100","peripheral",0.2,24,0.249389,"Гипотеза: роль не определена. 1 плательщик: 20 тыс ₸; 1 получатель: 25 тыс ₸. Источник средств вне выборки."
"100000002986245100","peripheral",0.2,7,0.210139,"Гипотеза: роль не определена. Плательщиков: 1; получено 5,75 тыс ₸. Обрыв 4-го колена: исходящие неизвестны."
"100000002988894100","peripheral",0.2,2,0.845132,"Гипотеза: роль не определена. 1 плательщик: 306,12 тыс ₸; 3 получателя: 77,5 тыс ₸. Отдано дальше 25% наблюдаемого входа."
"100000002989353100","peripheral",0.2,13,0.758042,"Гипотеза: роль не определена. 1 плательщик: 500 тыс ₸; 2 получателя: 321,16 тыс ₸. Отдано дальше 64% наблюдаемого входа."
"100000002990675100","terminal",0.55,5,0.442766,"Гипотеза: конечный получатель за период. 1 плательщик: 51,14 тыс ₸; 0 получателей: 0 ₸. Отдано дальше 0% наблюдаемого входа."
"100000002991079100","terminal",0.55,4,0.719628,"Гипотеза: конечный получатель за период. 2 плательщика: 148,9 тыс ₸; 1 получатель: 11 тыс ₸. Отдано дальше 7% наблюдаемого входа."
"100000002992171100","peripheral",0.2,1,0.234679,"Гипотеза: роль не определена. 1 плательщик: 14,63 тыс ₸; 0 получателей: 0 ₸. Отдано дальше 0% наблюдаемого входа."
"100000002994441100","peripheral",0.2,3,0.280866,"Гипотеза: роль не определена. Плательщиков: 1; получено 5 тыс ₸. Обрыв 4-го колена: исходящие неизвестны."
"100000002999140100","peripheral",0.2,10,0.225751,"Гипотеза: роль не определена. Плательщиков: 1; получено 10 тыс ₸. Обрыв 4-го колена: исходящие неизвестны."
"100000003001138100","peripheral",0.2,27,0.321355,"Гипотеза: роль не определена. Плательщиков: 1; получено 30 тыс ₸. Обрыв 4-го колена: исходящие неизвестны."
"100000003001564100","peripheral",0.2,4,0.312287,"Гипотеза: роль не определена. 1 плательщик: 23,52 тыс ₸; 1 получатель: 180 тыс ₸. Источник средств вне выборки."
"100000003001661100","peripheral",0.2,27,0.37011,"Гипотеза: роль не определена. 1 плательщик: 110 тыс ₸; 5 получателей: 439,5 тыс ₸. Источник средств вне выборки."
"100000003003821100","terminal",0.55,2,0.52122,"Гипотеза: конечный получатель за период. 1 плательщик: 40 тыс ₸; 0 получателей: 0 ₸. Отдано дальше 0% наблюдаемого входа."
"100000003004487100","peripheral",0.2,30,0.40069,"Гипотеза: роль не определена. 4 плательщика: 183,7 тыс ₸; 2 получателя: 265,01 тыс ₸. Источник средств вне выборки."
"100000003005167100","peripheral",0.2,7,0.216779,"Гипотеза: роль не определена. Плательщиков: 1; получено 7 тыс ₸. Обрыв 4-го колена: исходящие неизвестны."
"100000003006633100","peripheral",0.2,33,0.237012,"Гипотеза: роль не определена. 1 плательщик: 10 тыс ₸; 0 получателей: 0 ₸. Отдано дальше 0% наблюдаемого входа."
"100000003009900100","peripheral",0.2,7,0.252131,"Гипотеза: роль не определена. 1 плательщик: 16 тыс ₸; 0 получателей: 0 ₸. Отдано дальше 0% наблюдаемого входа."
"100000003010908100","peripheral",0.2,7,0.30378,"Гипотеза: роль не определена. Плательщиков: 1; получено 17 тыс ₸. Обрыв 4-го колена: исходящие неизвестны."
"100000003014659100","terminal",0.55,11,0.615343,"Гипотеза: конечный получатель за период. 1 плательщик: 280 тыс ₸; 0 получателей: 0 ₸. Отдано дальше 0% наблюдаемого входа."
"100000003016438100","peripheral",0.2,9,0.307492,"Гипотеза: роль не определена. 1 плательщик: 200 тыс ₸; 1 получатель: 300 тыс ₸. Источник средств вне выборки."
"100000003016635100","distributor",0.8999999999999999,4,0.949518,"Гипотеза: веерная раздача. Также признаки консолидации: 8 плательщиков. Получено 586,98 тыс ₸; 73 получателя: 9,41 млн ₸. Источник средств вне выборки."
"100000003016773100","terminal",0.55,9,0.34419,"Гипотеза: конечный получатель за период. 1 плательщик: 46,55 тыс ₸; 0 получателей: 0 ₸. Отдано дальше 0% наблюдаемого входа."
"100000003022835100","terminal",0.55,2,0.558042,"Гипотеза: конечный получатель за период. 1 плательщик: 125 тыс ₸; 0 получателей: 0 ₸. Отдано дальше 0% наблюдаемого входа."
"100000003024542100","peripheral",0.2,2,0.420839,"Гипотеза: роль не определена. 1 плательщик: 8,5 тыс ₸; 0 получателей: 0 ₸. Отдано дальше 0% наблюдаемого входа."
"100000003025903100","peripheral",0.2,5,0.612281,"Гипотеза: роль не определена. Плательщиков: 1; получено 386,3 тыс ₸. Обрыв 4-го колена: исходящие неизвестны."
"100000003031003100","terminal",0.55,13,0.794841,"Гипотеза: конечный получатель за период. 3 плательщика: 280,09 тыс ₸; 0 получателей: 0 ₸. Отдано дальше 0% наблюдаемого входа."
"100000003031633100","terminal",0.55,8,0.542833,"Гипотеза: конечный получатель за период. 1 плательщик: 414 тыс ₸; 0 получателей: 0 ₸. Отдано дальше 0% наблюдаемого входа."
"100000003031761100","terminal",0.55,3,0.458434,"Гипотеза: конечный получатель за период. 1 плательщик: 460,41 тыс ₸; 0 получателей: 0 ₸. Отдано дальше 0% наблюдаемого входа."
"100000003031890100","terminal",0.55,23,0.442575,"Гипотеза: конечный получатель за период. 1 плательщик: 215 тыс ₸; 0 получателей: 0 ₸. Отдано дальше 0% наблюдаемого входа."
"100000003034546100","terminal",0.55,8,0.465164,"Гипотеза: конечный получатель за период. 1 плательщик: 486,71 тыс ₸; 0 получателей: 0 ₸. Отдано дальше 0% наблюдаемого входа."
"100000003035737100","terminal",0.55,5,0.823116,"Гипотеза: конечный получатель за период. 2 плательщика: 809,17 тыс ₸; 1 получатель: 6,54 тыс ₸. Отдано дальше 1% наблюдаемого входа."
"100000003036198100","peripheral",0.2,2,0.324473,"Гипотеза: роль не определена. 1 плательщик: 15 тыс ₸; 0 получателей: 0 ₸. Отдано дальше 0% наблюдаемого входа."
"100000003037476100","peripheral",0.2,8,0.76716,"Гипотеза: роль не определена. Плательщиков: 3; получено 555 тыс ₸. Обрыв 4-го колена: исходящие неизвестны."
"100000003037660100","terminal",0.55,2,0.499092,"Гипотеза: конечный получатель за период. 1 плательщик: 53 тыс ₸; 0 получателей: 0 ₸. Отдано дальше 0% наблюдаемого входа."
"100000003039473100","terminal",0.55,4,0.434634,"Гипотеза: конечный получатель за период. 1 плательщик: 23 тыс ₸; 0 получателей: 0 ₸. Отдано дальше 0% наблюдаемого входа."
"100000003040087100","peripheral",0.2,7,0.389895,"Гипотеза: роль не определена. Плательщиков: 1; получено 29 тыс ₸. Обрыв 4-го колена: исходящие неизвестны."
"100000003042994100","terminal",0.55,4,0.528454,"Гипотеза: конечный получатель за период. 1 плательщик: 286,09 тыс ₸; 0 получателей: 0 ₸. Отдано дальше 0% наблюдаемого входа."
"100000003044431100","terminal",0.55,2,0.641083,"Гипотеза: конечный получатель за период. 2 плательщика: 60 тыс ₸; 0 получателей: 0 ₸. Отдано дальше 0% наблюдаемого входа."
"100000003044518100","terminal",0.55,6,0.28284,"Гипотеза: конечный получатель за период. 1 плательщик: 34,42 тыс ₸; 0 получателей: 0 ₸. Отдано дальше 0% наблюдаемого входа."
"100000003047800100","peripheral",0.2,13,0.285419,"Гипотеза: роль не определена. Плательщиков: 1; получено 12,21 тыс ₸. Обрыв 4-го колена: исходящие неизвестны."
"100000003050771100","terminal",0.55,12,0.577557,"Гипотеза: конечный получатель за период. 1 плательщик: 229 тыс ₸; 0 получателей: 0 ₸. Отдано дальше 0% наблюдаемого входа."
"100000003054328100","peripheral",0.2,13,0.324888,"Гипотеза: роль не определена. 1 плательщик: 140 тыс ₸; 2 получателя: 193,72 тыс ₸. Источник средств вне выборки."
"100000003057225100","terminal",0.55,4,0.516476,"Гипотеза: конечный получатель за период. 1 плательщик: 236 тыс ₸; 0 получателей: 0 ₸. Отдано дальше 0% наблюдаемого входа."
"100000003060187100","terminal",0.55,18,0.372454,"Гипотеза: конечный получатель за период. 1 плательщик: 93,05 тыс ₸; 0 получателей: 0 ₸. Отдано дальше 0% наблюдаемого входа."
"100000003060517100","terminal",0.55,16,0.45489,"Гипотеза: конечный получатель за период. 1 плательщик: 315,95 тыс ₸; 0 получателей: 0 ₸. Отдано дальше 0% наблюдаемого входа."
"100000003061115100","peripheral",0.2,0,0.46393,"Гипотеза: роль не определена. Плательщиков: 1; получено 45 тыс ₸. Обрыв 4-го колена: исходящие неизвестны."
"100000003062895100","terminal",0.55,9,0.70692,"Гипотеза: конечный получатель за период. 2 плательщика: 328,44 тыс ₸; 0 получателей: 0 ₸. Отдано дальше 0% наблюдаемого входа."
"100000003066385100","terminal",0.55,0,0.418327,"Гипотеза: конечный получатель за период. 2 плательщика: 20 тыс ₸; 0 получателей: 0 ₸. Отдано дальше 0% наблюдаемого входа."
"100000003068941100","peripheral",0.2,0,0.75876,"Гипотеза: роль не определена. 3 плательщика: 94 тыс ₸; 1 получатель: 25 тыс ₸. Отдано дальше 27% наблюдаемого входа."
"100000003069463100","peripheral",0.2,25,0.430193,"Гипотеза: роль не определена. 1 плательщик: 11,5 тыс ₸; 1 получатель: 17,92 тыс ₸."
"100000003071649100","terminal",0.55,8,0.397376,"Гипотеза: конечный получатель за период. 1 плательщик: 189,5 тыс ₸; 0 получателей: 0 ₸. Отдано дальше 0% наблюдаемого входа."
"100000003071930100","terminal",0.55,8,0.865983,"Гипотеза: конечный получатель за период. 3 плательщика: 477,61 тыс ₸; 1 получатель: 5 тыс ₸. Отдано дальше 1% наблюдаемого входа."
"100000003072205100","peripheral",0.2,8,0.702591,"Гипотеза: роль не определена. Плательщиков: 2; получено 163 тыс ₸. Обрыв 4-го колена: исходящие неизвестны."
"100000003072676100","terminal",0.55,16,0.298878,"Гипотеза: конечный получатель за период. 1 плательщик: 31,55 тыс ₸; 0 получателей: 0 ₸. Отдано дальше 0% наблюдаемого входа."
"100000003073398100","terminal",0.55,6,0.374159,"Гипотеза: конечный получатель за период. 1 плательщик: 92,96 тыс ₸; 0 получателей: 0 ₸. Отдано дальше 0% наблюдаемого входа."
"100000003073635100","terminal",0.55,3,0.397218,"Гипотеза: конечный получатель за период. 1 плательщик: 129,23 тыс ₸; 0 получателей: 0 ₸. Отдано дальше 0% наблюдаемого входа."
"100000003074515100","peripheral",0.2,8,0.468226,"Гипотеза: роль не определена. Плательщиков: 1; получено 105 тыс ₸. Обрыв 4-го колена: исходящие неизвестны."
"100000003078839100","peripheral",0.2,3,0.273766,"Гипотеза: роль не определена. Плательщиков: 1; получено 14 тыс ₸. Обрыв 4-го колена: исходящие неизвестны."
"100000003083865100","peripheral",0.2,7,0.337775,"Гипотеза: роль не определена. Плательщиков: 1; получено 15 тыс ₸. Обрыв 4-го колена: исходящие неизвестны."
"100000003084870100","peripheral",0.2,13,0.263078,"Гипотеза: роль не определена. Плательщиков: 1; получено 6,5 тыс ₸. Обрыв 4-го колена: исходящие неизвестны."
"100000003086040100","peripheral",0.2,0,0.390814,"Гипотеза: роль не определена. 1 плательщик: 10,5 тыс ₸; 0 получателей: 0 ₸. Отдано дальше 0% наблюдаемого входа."
"100000003087877100","terminal",0.55,3,0.354868,"Гипотеза: конечный получатель за период. 1 плательщик: 91,49 тыс ₸; 0 получателей: 0 ₸. Отдано дальше 0% наблюдаемого входа."
"100000003089018100","terminal",0.55,8,0.420917,"Гипотеза: конечный получатель за период. 1 плательщик: 230 тыс ₸; 0 получателей: 0 ₸. Отдано дальше 0% наблюдаемого входа."
"100000003089553100","terminal",0.55,9,0.535677,"Гипотеза: конечный получатель за период. 1 плательщик: 150 тыс ₸; 0 получателей: 0 ₸. Отдано дальше 0% наблюдаемого входа."
"100000003091142100","peripheral",0.2,0,0.447342,"Гипотеза: роль не определена. Плательщиков: 1; получено 40 тыс ₸. Обрыв 4-го колена: исходящие неизвестны."
"100000003093299100","peripheral",0.2,0,0.319987,"Гипотеза: роль не определена. 1 плательщик: 15 тыс ₸; 0 получателей: 0 ₸. Отдано дальше 0% наблюдаемого входа."
"100000003095610100","terminal",0.55,7,0.281023,"Гипотеза: конечный получатель за период. 1 плательщик: 23,66 тыс ₸; 0 получателей: 0 ₸. Отдано дальше 0% наблюдаемого входа."
"100000003096787100","peripheral",0.2,7,0.345245,"Гипотеза: роль не определена. Плательщиков: 1; получено 16,4 тыс ₸. Обрыв 4-го колена: исходящие неизвестны."
"100000003097324100","terminal",0.55,17,0.731976,"Гипотеза: конечный получатель за период. 2 плательщика: 294 тыс ₸; 0 получателей: 0 ₸. Отдано дальше 0% наблюдаемого входа."
"100000003097947100","peripheral",0.2,3,0.35821,"Гипотеза: роль не определена. Плательщиков: 1; получено 52,98 тыс ₸. Обрыв 4-го колена: исходящие неизвестны."
"100000003102157100","terminal",0.55,0,0.377479,"Гипотеза: конечный получатель за период. 1 плательщик: 96,75 тыс ₸; 0 получателей: 0 ₸. Отдано дальше 0% наблюдаемого входа."
"100000003104347100","terminal",0.55,21,0.623385,"Гипотеза: конечный получатель за период. 1 плательщик: 418 тыс ₸; 1 получатель: 32 тыс ₸. Отдано дальше 8% наблюдаемого входа."
"100000003105089100","peripheral",0.2,20,0.247981,"Гипотеза: роль не определена. Плательщиков: 1; получено 10 тыс ₸. Обрыв 4-го колена: исходящие неизвестны."
"100000003105929100","peripheral",0.2,5,0.739738,"Гипотеза: роль не определена. 1 плательщик: 429,57 тыс ₸; 1 получатель: 156,35 тыс ₸. Отдано дальше 36% наблюдаемого входа."
"100000003109805100","terminal",0.55,16,0.301638,"Гипотеза: конечный получатель за период. 1 плательщик: 36,93 тыс ₸; 0 получателей: 0 ₸. Отдано дальше 0% наблюдаемого входа."
"100000003111305100","terminal",0.55,26,0.866308,"Гипотеза: конечный получатель за период. 4 плательщика: 509,34 тыс ₸; 0 получателей: 0 ₸. Отдано дальше 0% наблюдаемого входа."
"100000003112436100","terminal",0.55,4,0.540702,"Гипотеза: конечный получатель за период. 1 плательщик: 100 тыс ₸; 0 получателей: 0 ₸. Отдано дальше 0% наблюдаемого входа."
"100000003112578100","terminal",0.55,13,0.448127,"Гипотеза: конечный получатель за период. 1 плательщик: 101,08 тыс ₸; 0 получателей: 0 ₸. Отдано дальше 0% наблюдаемого входа."
"100000003115284100","consolidator",0.76,11,0.977142,"Гипотеза: признаки консолидации. 8 плательщиков: 2,16 млн ₸; 2 получателя: 517 тыс ₸. Отдано дальше 24% наблюдаемого входа."
"100000003116106100","terminal",0.55,5,0.583614,"Гипотеза: конечный получатель за период. 1 плательщик: 494,05 тыс ₸; 0 получателей: 0 ₸. Отдано дальше 0% наблюдаемого входа."
"100000003119550100","terminal",0.55,1,0.263728,"Гипотеза: конечный получатель за период. 1 плательщик: 21 тыс ₸; 0 получателей: 0 ₸. Отдано дальше 0% наблюдаемого входа."
"100000003122817100","terminal",0.55,25,0.473374,"Гипотеза: конечный получатель за период. 1 плательщик: 444,68 тыс ₸; 0 получателей: 0 ₸. Отдано дальше 0% наблюдаемого входа."
"100000003123296100","terminal",0.55,10,0.365478,"Гипотеза: конечный получатель за период. 1 плательщик: 86,2 тыс ₸; 0 получателей: 0 ₸. Отдано дальше 0% наблюдаемого входа."
"100000003125997100","peripheral",0.2,9,0.413167,"Гипотеза: роль не определена. Плательщиков: 1; получено 87,75 тыс ₸. Обрыв 4-го колена: исходящие неизвестны."
"100000003128638100","peripheral",0.2,8,0.451839,"Гипотеза: роль не определена. Плательщиков: 1; получено 300 тыс ₸. Обрыв 4-го колена: исходящие неизвестны."
"100000003131016100","peripheral",0.2,3,0.754228,"Гипотеза: роль не определена. 1 плательщик: 405,7 тыс ₸; 1 получатель: 126 тыс ₸. Отдано дальше 31% наблюдаемого входа."
"100000003131693100","terminal",0.55,2,0.620547,"Гипотеза: конечный получатель за период. 1 плательщик: 353,28 тыс ₸; 0 получателей: 0 ₸. Отдано дальше 0% наблюдаемого входа."
"100000003132484100","terminal",0.55,8,0.413291,"Гипотеза: конечный получатель за период. 1 плательщик: 90 тыс ₸; 0 получателей: 0 ₸. Отдано дальше 0% наблюдаемого входа."
"100000003133045100","peripheral",0.2,49,0.374787,"Гипотеза: роль не определена. Плательщиков: 1; получено 68 тыс ₸. Обрыв 4-го колена: исходящие неизвестны."
"100000003134474100","terminal",0.55,5,0.494347,"Гипотеза: конечный получатель за период. 1 плательщик: 116 тыс ₸; 0 получателей: 0 ₸. Отдано дальше 0% наблюдаемого входа."
"100000003134550100","peripheral",0.2,9,0.373138,"Гипотеза: роль не определена. Плательщиков: 1; получено 100 тыс ₸. Обрыв 4-го колена: исходящие неизвестны."
"100000003134934100","terminal",0.55,0,0.827737,"Гипотеза: конечный получатель за период. 4 плательщика: 379,35 тыс ₸; 0 получателей: 0 ₸. Отдано дальше 0% наблюдаемого входа."
"100000003134937100","peripheral",0.2,4,0.309477,"Гипотеза: роль не определена. 1 плательщик: 10,29 тыс ₸; 0 получателей: 0 ₸. Отдано дальше 0% наблюдаемого входа."
"100000003146511100","peripheral",0.2,12,0.350796,"Гипотеза: роль не определена. Плательщиков: 1; получено 10 тыс ₸. Обрыв 4-го колена: исходящие неизвестны."
"100000003147719100","terminal",0.55,8,0.356359,"Гипотеза: конечный получатель за период. 1 плательщик: 100 тыс ₸; 0 получателей: 0 ₸. Отдано дальше 0% наблюдаемого входа."
"100000003148220100","peripheral",0.2,57,0.295463,"Гипотеза: роль не определена. 1 плательщик: 5,65 тыс ₸; 2 получателя: 43,4 тыс ₸. Источник средств вне выборки."
"100000003149149100","terminal",0.55,5,0.541622,"Гипотеза: конечный получатель за период. 1 плательщик: 245 тыс ₸; 0 получателей: 0 ₸. Отдано дальше 0% наблюдаемого входа."
"100000003152964100","terminal",0.55,3,0.558771,"Гипотеза: конечный получатель за период. 1 плательщик: 141,85 тыс ₸; 1 получатель: 5,5 тыс ₸. Отдано дальше 4% наблюдаемого входа."
"100000003154105100","peripheral",0.2,20,0.369476,"Гипотеза: роль не определена. 1 плательщик: 60 тыс ₸; 7 получателей: 338 тыс ₸. Источник средств вне выборки."
"100000003157333100","terminal",0.55,6,0.289816,"Гипотеза: конечный получатель за период. 1 плательщик: 30 тыс ₸; 0 получателей: 0 ₸. Отдано дальше 0% наблюдаемого входа."
"100000003157679100","terminal",0.55,8,0.863975,"Гипотеза: конечный получатель за период. 4 плательщика: 541 тыс ₸; 0 получателей: 0 ₸. Отдано дальше 0% наблюдаемого входа."
"100000003158727100","terminal",0.55,6,0.807739,"Гипотеза: конечный получатель за период. 3 плательщика: 367,94 тыс ₸; 0 получателей: 0 ₸. Отдано дальше 0% наблюдаемого входа."
"100000003159641100","peripheral",0.2,15,0.411754,"Гипотеза: роль не определена. 4 плательщика: 64 тыс ₸; 1 получатель: 197,8 тыс ₸. Источник средств вне выборки."
"100000003163256100","transit",0.65,4,0.514435,"Гипотеза: транзит. 1 плательщик: 13,48 тыс ₸; 1 получатель: 15 тыс ₸. Отдано дальше 111% наблюдаемого входа."
"100000003163886100","terminal",0.55,54,0.592384,"Гипотеза: конечный получатель за период. 1 плательщик: 500 тыс ₸; 0 получателей: 0 ₸. Отдано дальше 0% наблюдаемого входа."
"100000003164661100","terminal",0.55,28,0.50249,"Гипотеза: конечный получатель за период. 1 плательщик: 596,2 тыс ₸; 0 получателей: 0 ₸. Отдано дальше 0% наблюдаемого входа."
"100000003166017100","peripheral",0.2,7,0.337775,"Гипотеза: роль не определена. Плательщиков: 1; получено 15 тыс ₸. Обрыв 4-го колена: исходящие неизвестны."
"100000003166755100","terminal",0.55,2,0.359814,"Гипотеза: конечный получатель за период. 1 плательщик: 24,01 тыс ₸; 0 получателей: 0 ₸. Отдано дальше 0% наблюдаемого входа."
"100000003171006100","terminal",0.55,8,0.75526,"Гипотеза: конечный получатель за период. 2 плательщика: 485 тыс ₸; 0 получателей: 0 ₸. Отдано дальше 0% наблюдаемого входа."
"100000003171587100","peripheral",0.2,5,0.837494,"Гипотеза: роль не определена. 2 плательщика: 700 тыс ₸; 2 получателя: 431,3 тыс ₸. Отдано дальше 62% наблюдаемого входа."
"100000003173783100","peripheral",0.2,29,0.313605,"Гипотеза: роль не определена. Плательщиков: 1; получено 23,5 тыс ₸. Обрыв 4-го колена: исходящие неизвестны."
"100000003177533100","peripheral",0.2,3,0.302714,"Гипотеза: роль не определена. Плательщиков: 1; получено 20 тыс ₸. Обрыв 4-го колена: исходящие неизвестны."
"100000003178549100","peripheral",0.2,16,0.698856,"Гипотеза: роль не определена. 2 плательщика: 250 тыс ₸; 4 получателя: 89,08 тыс ₸. Отдано дальше 36% наблюдаемого входа."
"100000003180305100","peripheral",0.2,0,0.567351,"Гипотеза: роль не определена. Плательщиков: 1; получено 144 тыс ₸. Обрыв 4-го колена: исходящие неизвестны."
"100000003180820100","peripheral",0.2,8,0.46605,"Гипотеза: роль не определена. Плательщиков: 1; получено 101 тыс ₸. Обрыв 4-го колена: исходящие неизвестны."
"100000003186579100","peripheral",0.2,3,0.420996,"Гипотеза: роль не определена. Плательщиков: 1; получено 110 тыс ₸. Обрыв 4-го колена: исходящие неизвестны."
"100000003187359100","peripheral",0.2,1,0.254509,"Гипотеза: роль не определена. 1 плательщик: 19,07 тыс ₸; 0 получателей: 0 ₸. Отдано дальше 0% наблюдаемого входа."
"100000003188607100","peripheral",0.2,6,0.455238,"Гипотеза: роль не определена. 1 плательщик: 18 тыс ₸; 1 получатель: 5 тыс ₸. Отдано дальше 28% наблюдаемого входа."
"100000003190207100","peripheral",0.2,19,0.339194,"Гипотеза: роль не определена. 1 плательщик: 5 тыс ₸; 1 получатель: 377 тыс ₸. Источник средств вне выборки."
"100000003191430100","terminal",0.55,4,0.44511,"Гипотеза: конечный получатель за период. 1 плательщик: 180 тыс ₸; 0 получателей: 0 ₸. Отдано дальше 0% наблюдаемого входа."
"100000003192220100","terminal",0.55,53,0.388919,"Гипотеза: конечный получатель за период. 1 плательщик: 60 тыс ₸; 0 получателей: 0 ₸. Отдано дальше 0% наблюдаемого входа."
"100000003192309100","peripheral",0.2,1,0.269213,"Гипотеза: роль не определена. 1 плательщик: 17,2 тыс ₸; 1 получатель: 213 тыс ₸. Источник средств вне выборки."
"100000003194831100","peripheral",0.2,7,0.220413,"Гипотеза: роль не определена. Плательщиков: 1; получено 6,26 тыс ₸. Обрыв 4-го колена: исходящие неизвестны."
"100000003199390100","peripheral",0.2,5,0.584803,"Гипотеза: роль не определена. Плательщиков: 1; получено 260 тыс ₸. Обрыв 4-го колена: исходящие неизвестны."
"100000003200071100","peripheral",0.2,66,0.070267,"Гипотеза: роль не определена. 0 плательщиков: 0 ₸; 1 получатель: 30 тыс ₸. Источник средств вне выборки."
"100000003204491100","peripheral",0.2,0,0.567115,"Гипотеза: роль не определена. 1 плательщик: 140 тыс ₸; 1 получатель: 100 тыс ₸. Отдано дальше 71% наблюдаемого входа."
"100000003205210100","terminal",0.55,2,0.562898,"Гипотеза: конечный получатель за период. 1 плательщик: 137,56 тыс ₸; 0 получателей: 0 ₸. Отдано дальше 0% наблюдаемого входа."
"100000003207060100","peripheral",0.2,0,0.468237,"Гипотеза: роль не определена. Плательщиков: 1; получено 53 тыс ₸. Обрыв 4-го колена: исходящие неизвестны."
"100000003213473100","distributor",0.6825,0,0.753241,"Гипотеза: веерная раздача. 1 плательщик: 57,5 тыс ₸; 11 получателей: 240 тыс ₸. Источник средств вне выборки."
"100000003214786100","peripheral",0.2,0,0.358468,"Гипотеза: роль не определена. Плательщиков: 1; получено 5 тыс ₸. Обрыв 4-го колена: исходящие неизвестны."
"100000003215448100","peripheral",0.2,3,0.307683,"Гипотеза: роль не определена. 1 плательщик: 91,31 тыс ₸; 2 получателя: 124 тыс ₸. Источник средств вне выборки."
"100000003216073100","peripheral",0.2,3,0.251514,"Гипотеза: роль не определена. 1 плательщик: 37 тыс ₸; 1 получатель: 70 тыс ₸. Источник средств вне выборки."
"100000003218308100","peripheral",0.2,0,0.309724,"Гипотеза: роль не определена. 1 плательщик: 11,16 тыс ₸; 0 получателей: 0 ₸. Отдано дальше 0% наблюдаемого входа."
"100000003219438100","terminal",0.55,32,0.348362,"Гипотеза: конечный получатель за период. 1 плательщик: 32 тыс ₸; 0 получателей: 0 ₸. Отдано дальше 0% наблюдаемого входа."
"100000003220685100","peripheral",0.2,5,0.646893,"Гипотеза: роль не определена. Плательщиков: 1; получено 1,31 млн ₸. Обрыв 4-го колена: исходящие неизвестны."
"100000003221384100","terminal",0.55,15,0.619998,"Гипотеза: конечный получатель за период. 1 плательщик: 511,2 тыс ₸; 0 получателей: 0 ₸. Отдано дальше 0% наблюдаемого входа."
"100000003221510100","peripheral",0.2,0,0.323727,"Гипотеза: роль не определена. 1 плательщик: 24 тыс ₸; 2 получателя: 120 тыс ₸. Источник средств вне выборки."
"100000003230328100","peripheral",0.2,0,0.659836,"Гипотеза: роль не определена. Плательщиков: 3; получено 26,57 тыс ₸. Обрыв 4-го колена: исходящие неизвестны."
"100000003230329100","peripheral",0.2,8,0.471344,"Гипотеза: роль не определена. Плательщиков: 1; получено 110 тыс ₸. Обрыв 4-го колена: исходящие неизвестны."
"100000003232675100","peripheral",0.2,12,0.450662,"Гипотеза: роль не определена. Плательщиков: 1; получено 44 тыс ₸. Обрыв 4-го колена: исходящие неизвестны."
"100000003235780100","terminal",0.55,0,0.579576,"Гипотеза: конечный получатель за период. 2 плательщика: 65 тыс ₸; 0 получателей: 0 ₸. Отдано дальше 0% наблюдаемого входа."
"100000003237045100","peripheral",0.2,4,0.631359,"Гипотеза: роль не определена. 1 плательщик: 340,2 тыс ₸; 1 получатель: 150 тыс ₸. Отдано дальше 44% наблюдаемого входа."
"100000003239379100","terminal",0.55,10,0.37122,"Гипотеза: конечный получатель за период. 1 плательщик: 92,5 тыс ₸; 0 получателей: 0 ₸. Отдано дальше 0% наблюдаемого входа."
"100000003239859100","peripheral",0.2,10,0.249563,"Гипотеза: роль не определена. 1 плательщик: 18,6 тыс ₸; 0 получателей: 0 ₸. Отдано дальше 0% наблюдаемого входа."
"100000003241965100","peripheral",0.2,7,0.246534,"Гипотеза: роль не определена. 1 плательщик: 15 тыс ₸; 0 получателей: 0 ₸. Отдано дальше 0% наблюдаемого входа."
"100000003242289100","distributor",0.7725,16,0.919616,"Гипотеза: веерная раздача. 3 плательщика: 550,79 тыс ₸; 23 получателя: 2,38 млн ₸. Источник средств вне выборки."
"100000003242795100","terminal",0.55,5,0.49142,"Гипотеза: конечный получатель за период. 1 плательщик: 111 тыс ₸; 0 получателей: 0 ₸. Отдано дальше 0% наблюдаемого входа."
"100000003246024100","terminal",0.55,3,0.580496,"Гипотеза: конечный получатель за период. 1 плательщик: 25 тыс ₸; 1 получатель: 5 тыс ₸. Отдано дальше 20% наблюдаемого входа."
"100000003247600100","peripheral",0.2,2,0.402826,"Гипотеза: роль не определена. Плательщиков: 1; получено 58 тыс ₸. Обрыв 4-го колена: исходящие неизвестны."
"100000003249054100","consolidator",0.74,2,0.808333,"Гипотеза: признаки консолидации. 7 плательщиков: 99,7 тыс ₸; 1 получатель: 15 тыс ₸. Отдано дальше 15% наблюдаемого входа."
"100000003252446100","peripheral",0.2,9,0.379453,"Гипотеза: роль не определена. Плательщиков: 1; получено 108,6 тыс ₸. Обрыв 4-го колена: исходящие неизвестны."
"100000003254277100","transit",0.8,0,0.587135,"Гипотеза: транзит. 1 плательщик: 49,2 тыс ₸; 1 получатель: 45 тыс ₸. Отдано дальше 91% наблюдаемого входа."
"100000003254723100","terminal",0.55,2,0.625796,"Гипотеза: конечный получатель за период. 1 плательщик: 269,85 тыс ₸; 0 получателей: 0 ₸. Отдано дальше 0% наблюдаемого входа."
"100000003265158100","transit",0.8,10,0.854307,"Гипотеза: транзит. 3 плательщика: 146,1 тыс ₸; 2 получателя: 154,2 тыс ₸. Отдано дальше 106% наблюдаемого входа."
"100000003265658100","peripheral",0.2,70,0.0,"Гипотеза: роль не определена. 0 плательщиков: 0 ₸; 0 получателей: 0 ₸. Входящие исходного клиента неполны."
"100000003270419100","terminal",0.55,12,0.539917,"Гипотеза: конечный получатель за период. 1 плательщик: 150 тыс ₸; 0 получателей: 0 ₸. Отдано дальше 0% наблюдаемого входа."
"100000003271151100","terminal",0.55,3,0.39659,"Гипотеза: конечный получатель за период. 1 плательщик: 127,29 тыс ₸; 0 получателей: 0 ₸. Отдано дальше 0% наблюдаемого входа."
"100000003275398100","terminal",0.55,23,0.617564,"Гипотеза: конечный получатель за период. 1 плательщик: 300 тыс ₸; 1 получатель: 20 тыс ₸. Отдано дальше 7% наблюдаемого входа."
"100000003278020100","terminal",0.55,0,0.423093,"Гипотеза: конечный получатель за период. 1 плательщик: 190 тыс ₸; 0 получателей: 0 ₸. Отдано дальше 0% наблюдаемого входа."
"100000003284932100","terminal",0.55,2,0.51642,"Гипотеза: конечный получатель за период. 1 плательщик: 69,92 тыс ₸; 0 получателей: 0 ₸. Отдано дальше 0% наблюдаемого входа."
"100000003286537100","terminal",0.55,8,0.685778,"Гипотеза: конечный получатель за период. 2 плательщика: 153 тыс ₸; 0 получателей: 0 ₸. Отдано дальше 0% наблюдаемого входа."
"100000003289281100","peripheral",0.2,0,0.372948,"Гипотеза: роль не определена. Плательщиков: 1; получено 40 тыс ₸. Обрыв 4-го колена: исходящие неизвестны."
"100000003289405100","terminal",0.55,2,0.454711,"Гипотеза: конечный получатель за период. 1 плательщик: 355 тыс ₸; 0 получателей: 0 ₸. Отдано дальше 0% наблюдаемого входа."
"100000003292191100","terminal",0.55,17,0.380653,"Гипотеза: конечный получатель за период. 1 плательщик: 112 тыс ₸; 0 получателей: 0 ₸. Отдано дальше 0% наблюдаемого входа."
"100000003292979100","terminal",0.55,2,0.516644,"Гипотеза: конечный получатель за период. 1 плательщик: 48,95 тыс ₸; 0 получателей: 0 ₸. Отдано дальше 0% наблюдаемого входа."
"100000003293377100","terminal",0.55,5,0.439468,"Гипотеза: конечный получатель за период. 1 плательщик: 50 тыс ₸; 0 получателей: 0 ₸. Отдано дальше 0% наблюдаемого входа."
"100000003299365100","transit",0.8,2,0.771983,"Гипотеза: транзит. 1 плательщик: 200 тыс ₸; 1 получатель: 200 тыс ₸. Отдано дальше 100% наблюдаемого входа."
"100000003321423100","terminal",0.55,11,0.590814,"Гипотеза: конечный получатель за период. 1 плательщик: 100 тыс ₸; 0 получателей: 0 ₸. Отдано дальше 0% наблюдаемого входа."
"100000003321895100","peripheral",0.2,50,0.330159,"Гипотеза: роль не определена. 1 плательщик: 24 тыс ₸; 2 получателя: 553,83 тыс ₸. Источник средств вне выборки."
"100000003336565100","peripheral",0.2,1,0.253275,"Гипотеза: роль не определена. 1 плательщик: 16,55 тыс ₸; 0 получателей: 0 ₸. Отдано дальше 0% наблюдаемого входа."
"100000003338583100","terminal",0.55,23,0.265657,"Гипотеза: конечный получатель за период. 1 плательщик: 21,77 тыс ₸; 0 получателей: 0 ₸. Отдано дальше 0% наблюдаемого входа."
"100000003345947100","peripheral",0.2,3,0.399664,"Гипотеза: роль не определена. Плательщиков: 1; получено 79,5 тыс ₸. Обрыв 4-го колена: исходящие неизвестны."
"100000003349739100","peripheral",0.2,71,0.0,"Гипотеза: роль не определена. 0 плательщиков: 0 ₸; 0 получателей: 0 ₸. Входящие исходного клиента неполны."
"100000003360542100","terminal",0.55,11,0.896815,"Гипотеза: конечный получатель за период. 2 плательщика: 317 тыс ₸; 2 получателя: 51,8 тыс ₸. Отдано дальше 16% наблюдаемого входа."
"100000003366154100","peripheral",0.2,2,0.417014,"Гипотеза: роль не определена. 1 плательщик: 125 тыс ₸; 3 получателя: 289,17 тыс ₸. Источник средств вне выборки."
"100000003366471100","terminal",0.55,3,0.748262,"Гипотеза: конечный получатель за период. 2 плательщика: 329,79 тыс ₸; 1 получатель: 20 тыс ₸. Отдано дальше 6% наблюдаемого входа."
"100000003370425100","peripheral",0.2,12,0.495491,"Гипотеза: роль не определена. Плательщиков: 1; получено 20 тыс ₸. Обрыв 4-го колена: исходящие неизвестны."
"100000003377795100","peripheral",0.2,6,0.204217,"Гипотеза: роль не определена. 1 плательщик: 7 тыс ₸; 0 получателей: 0 ₸. Отдано дальше 0% наблюдаемого входа."
"100000003390036100","peripheral",0.2,11,0.886967,"Гипотеза: роль не определена. 2 плательщика: 231,3 тыс ₸; 2 получателя: 62 тыс ₸. Отдано дальше 27% наблюдаемого входа."
"100000003404627100","terminal",0.55,9,0.916229,"Гипотеза: конечный получатель за период. 4 плательщика: 877,7 тыс ₸; 0 получателей: 0 ₸. Отдано дальше 0% наблюдаемого входа."
"100000003406094100","peripheral",0.2,4,0.752075,"Гипотеза: роль не определена. 1 плательщик: 70 тыс ₸; 3 получателя: 47 тыс ₸. Отдано дальше 67% наблюдаемого входа."
"100000003447411100","peripheral",0.2,3,0.432593,"Гипотеза: роль не определена. Плательщиков: 1; получено 302 тыс ₸. Обрыв 4-го колена: исходящие неизвестны."
"100000003448713100","peripheral",0.2,3,0.425101,"Гипотеза: роль не определена. Плательщиков: 1; получено 266,75 тыс ₸. Обрыв 4-го колена: исходящие неизвестны."
"100000003449074100","peripheral",0.2,0,0.216779,"Гипотеза: роль не определена. 1 плательщик: 10 тыс ₸; 0 получателей: 0 ₸. Отдано дальше 0% наблюдаемого входа."
"100000003457710100","peripheral",0.2,5,0.376991,"Гипотеза: роль не определена. 1 плательщик: 326,56 тыс ₸; 1 получатель: 1,31 млн ₸. Источник средств вне выборки."
"100000003470579100","peripheral",0.2,25,0.481584,"Гипотеза: роль не определена. Плательщиков: 1; получено 357 тыс ₸. Обрыв 4-го колена: исходящие неизвестны."
"100000003476560100","terminal",0.55,2,0.492867,"Гипотеза: конечный получатель за период. 1 плательщик: 50 тыс ₸; 0 получателей: 0 ₸. Отдано дальше 0% наблюдаемого входа."
"100000003481025100","peripheral",0.2,0,0.286945,"Гипотеза: роль не определена. Плательщиков: 1; получено 9 тыс ₸. Обрыв 4-го колена: исходящие неизвестны."
"100000003484058100","terminal",0.55,14,0.550617,"Гипотеза: конечный получатель за период. 1 плательщик: 110 тыс ₸; 1 получатель: 6 тыс ₸. Отдано дальше 5% наблюдаемого входа."
"100000003486846100","peripheral",0.2,4,0.343843,"Гипотеза: роль не определена. Плательщиков: 1; получено 27 тыс ₸. Обрыв 4-го колена: исходящие неизвестны."
"100000003486970100","terminal",0.55,5,0.508715,"Гипотеза: конечный получатель за период. 1 плательщик: 150 тыс ₸; 0 получателей: 0 ₸. Отдано дальше 0% наблюдаемого входа."
"100000003497735100","terminal",0.55,18,0.392564,"Гипотеза: конечный получатель за период. 1 плательщик: 125 тыс ₸; 0 получателей: 0 ₸. Отдано дальше 0% наблюдаемого входа."
"100000003500764100","peripheral",0.2,16,0.462618,"Гипотеза: роль не определена. Плательщиков: 1; получено 21 тыс ₸. Обрыв 4-го колена: исходящие неизвестны."
"100000003509750100","transit",0.74,6,0.701817,"Гипотеза: транзит. 3 плательщика: 82,29 тыс ₸; 3 получателя: 78,4 тыс ₸. Отдано дальше 95% наблюдаемого входа."
"100000003528285100","peripheral",0.2,2,0.416919,"Гипотеза: роль не определена. 4 плательщика: 118,87 тыс ₸; 4 получателя: 548 тыс ₸. Источник средств вне выборки."
"100000003557488100","peripheral",0.2,30,0.706909,"Гипотеза: роль не определена. 1 плательщик: 664,99 тыс ₸; 2 получателя: 138 тыс ₸. Отдано дальше 21% наблюдаемого входа."
"100000003561031100","peripheral",0.2,3,0.401032,"Гипотеза: роль не определена. 1 плательщик: 13,3 тыс ₸; 1 получатель: 5 тыс ₸. Отдано дальше 38% наблюдаемого входа."
"100000003567087100","terminal",0.55,1,0.348048,"Гипотеза: конечный получатель за период. 1 плательщик: 62,12 тыс ₸; 0 получателей: 0 ₸. Отдано дальше 0% наблюдаемого входа."
"100000003568904100","peripheral",0.2,12,0.468461,"Гипотеза: роль не определена. Плательщиков: 1; получено 49 тыс ₸. Обрыв 4-го колена: исходящие неизвестны."
"100000003574895100","peripheral",0.2,0,0.545009,"Гипотеза: роль не определена. 1 плательщик: 27,97 тыс ₸; 1 получатель: 20 тыс ₸. Отдано дальше 72% наблюдаемого входа."
"100000003581109100","terminal",0.55,0,0.386137,"Гипотеза: конечный получатель за период. 1 плательщик: 42,75 тыс ₸; 0 получателей: 0 ₸. Отдано дальше 0% наблюдаемого входа."
"100000003582677100","peripheral",0.2,2,0.298755,"Гипотеза: роль не определена. 2 плательщика: 29,76 тыс ₸; 4 получателя: 56 тыс ₸. Источник средств вне выборки."
"100000003589877100","peripheral",0.2,9,0.402473,"Гипотеза: роль не определена. 2 плательщика: 176 тыс ₸; 6 получателей: 416,13 тыс ₸. Источник средств вне выборки."
"100000003594472100","terminal",0.55,30,0.271579,"Гипотеза: конечный получатель за период. 1 плательщик: 20 тыс ₸; 0 получателей: 0 ₸. Отдано дальше 0% наблюдаемого входа."
"100000003603979100","terminal",0.55,23,0.448934,"Гипотеза: конечный получатель за период. 1 плательщик: 165 тыс ₸; 0 получателей: 0 ₸. Отдано дальше 0% наблюдаемого входа."
"100000003610172100","terminal",0.55,5,0.45978,"Гипотеза: конечный получатель за период. 1 плательщик: 70 тыс ₸; 0 получателей: 0 ₸. Отдано дальше 0% наблюдаемого входа."
"100000003616818100","peripheral",0.2,23,0.356225,"Гипотеза: роль не определена. 3 плательщика: 78 тыс ₸; 3 получателя: 240,1 тыс ₸. Источник средств вне выборки."
"100000003617552100","terminal",0.55,28,0.341913,"Гипотеза: конечный получатель за период. 1 плательщик: 25 тыс ₸; 0 получателей: 0 ₸. Отдано дальше 0% наблюдаемого входа."
"100000003622955100","peripheral",0.2,11,0.414513,"Гипотеза: роль не определена. Плательщиков: 1; получено 15 тыс ₸. Обрыв 4-го колена: исходящие неизвестны."
"100000003626268100","peripheral",0.2,3,0.275751,"Гипотеза: роль не определена. Плательщиков: 1; получено 5 тыс ₸. Обрыв 4-го колена: исходящие неизвестны."
"100000003631015100","peripheral",0.2,38,0.528926,"Гипотеза: роль не определена. Плательщиков: 1; получено 266 тыс ₸. Обрыв 4-го колена: исходящие неизвестны."
"100000003632533100","peripheral",0.2,5,0.419639,"Гипотеза: роль не определена. Плательщиков: 1; получено 10 тыс ₸. Обрыв 4-го колена: исходящие неизвестны."
"100000003635170100","transit",0.8,11,0.931146,"Гипотеза: транзит. 3 плательщика: 268,5 тыс ₸; 4 получателя: 253,5 тыс ₸. Отдано дальше 94% наблюдаемого входа."
"100000003635660100","peripheral",0.2,0,0.348576,"Гипотеза: роль не определена. 1 плательщик: 18,98 тыс ₸; 0 получателей: 0 ₸. Отдано дальше 0% наблюдаемого входа."
"100000003636627100","terminal",0.55,6,0.580843,"Гипотеза: конечный получатель за период. 1 плательщик: 77 тыс ₸; 1 получатель: 10 тыс ₸. Отдано дальше 13% наблюдаемого входа."
"100000003646145100","peripheral",0.2,31,0.285621,"Гипотеза: роль не определена. Плательщиков: 1; получено 5 тыс ₸. Обрыв 4-го колена: исходящие неизвестны."
"100000003647799100","terminal",0.55,5,0.48441,"Гипотеза: конечный получатель за период. 1 плательщик: 100 тыс ₸; 0 получателей: 0 ₸. Отдано дальше 0% наблюдаемого входа."
"100000003650146100","peripheral",0.2,4,0.35286,"Гипотеза: роль не определена. 1 плательщик: 14,4 тыс ₸; 0 получателей: 0 ₸. Отдано дальше 0% наблюдаемого входа."
"100000003664994100","peripheral",0.2,39,0.460924,"Гипотеза: роль не определена. Плательщиков: 1; получено 338,27 тыс ₸. Обрыв 4-го колена: исходящие неизвестны."
"100000003671721100","peripheral",0.2,7,0.281584,"Гипотеза: роль не определена. 1 плательщик: 5 тыс ₸; 0 получателей: 0 ₸. Отдано дальше 0% наблюдаемого входа."
"100000003677936100","terminal",0.55,6,0.525606,"Гипотеза: конечный получатель за период. 1 плательщик: 71 тыс ₸; 1 получатель: 13 тыс ₸. Отдано дальше 18% наблюдаемого входа."
"100000003684369100","distributor",0.8999999999999999,2,0.994269,"Гипотеза: веерная раздача. Также признаки консолидации: 24 плательщика. Получено 3,85 млн ₸; 62 получателя: 8,59 млн ₸. Источник средств вне выборки."
"100000003692843100","peripheral",0.2,50,0.489524,"Гипотеза: роль не определена. Плательщиков: 1; получено 510 тыс ₸. Обрыв 4-го колена: исходящие неизвестны."
"100000003696422100","peripheral",0.2,30,0.437135,"Гипотеза: роль не определена. Плательщиков: 1; получено 118 тыс ₸. Обрыв 4-го колена: исходящие неизвестны."
"100000003701161100","peripheral",0.2,21,0.918719,"Гипотеза: роль не определена. 4 плательщика: 1,53 млн ₸; 3 получателя: 349 тыс ₸. Отдано дальше 23% наблюдаемого входа."
"100000003711830100","terminal",0.55,3,0.330529,"Гипотеза: конечный получатель за период. 1 плательщик: 50 тыс ₸; 0 получателей: 0 ₸. Отдано дальше 0% наблюдаемого входа."
"100000003713616100","peripheral",0.2,4,0.326525,"Гипотеза: роль не определена. 1 плательщик: 15,89 тыс ₸; 0 получателей: 0 ₸. Отдано дальше 0% наблюдаемого входа."
"100000003718221100","peripheral",0.2,21,0.42505,"Гипотеза: роль не определена. 2 плательщика: 350 тыс ₸; 4 получателя: 423,5 тыс ₸. Источник средств вне выборки."
"100000003718715100","peripheral",0.2,12,0.510857,"Гипотеза: роль не определена. Плательщиков: 1; получено 915 тыс ₸. Обрыв 4-го колена: исходящие неизвестны."
"100000003724440100","terminal",0.55,2,0.661418,"Гипотеза: конечный получатель за период. 2 плательщика: 50 тыс ₸; 0 получателей: 0 ₸. Отдано дальше 0% наблюдаемого входа."
"100000003736419100","peripheral",0.2,0,0.542014,"Гипотеза: роль не определена. 1 плательщик: 23,3 тыс ₸; 1 получатель: 10 тыс ₸. Отдано дальше 43% наблюдаемого входа."
"100000003739818100","terminal",0.55,2,0.50489,"Гипотеза: конечный получатель за период. 1 плательщик: 57,29 тыс ₸; 0 получателей: 0 ₸. Отдано дальше 0% наблюдаемого входа."
"100000003741418100","consolidator",0.78,5,0.856606,"Гипотеза: признаки консолидации. 9 плательщиков: 151,9 тыс ₸; 3 получателя: 39,92 тыс ₸. Отдано дальше 26% наблюдаемого входа."
"100000003747133100","consolidator",0.7,44,0.860891,"Гипотеза: признаки консолидации. 5 плательщиков: 237,07 тыс ₸; 2 получателя: 250 тыс ₸. Отдано дальше 105% наблюдаемого входа."
"100000003760160100","terminal",0.55,5,0.488122,"Гипотеза: конечный получатель за период. 1 плательщик: 104,47 тыс ₸; 0 получателей: 0 ₸. Отдано дальше 0% наблюдаемого входа."
"100000003770083100","peripheral",0.2,72,0.0,"Гипотеза: роль не определена. 0 плательщиков: 0 ₸; 0 получателей: 0 ₸. Входящие исходного клиента неполны."
"100000003781406100","terminal",0.55,10,0.473934,"Гипотеза: конечный получатель за период. 1 плательщик: 45 тыс ₸; 0 получателей: 0 ₸. Отдано дальше 0% наблюдаемого входа."
"100000003782913100","peripheral",0.2,14,0.407144,"Гипотеза: роль не определена. Плательщиков: 1; получено 200 тыс ₸. Обрыв 4-го колена: исходящие неизвестны."
"100000003786516100","peripheral",0.2,0,0.356449,"Гипотеза: роль не определена. Плательщиков: 1; получено 5 тыс ₸. Обрыв 4-го колена: исходящие неизвестны."
"100000003792647100","peripheral",0.2,5,0.4107,"Гипотеза: роль не определена. Плательщиков: 1; получено 8 тыс ₸. Обрыв 4-го колена: исходящие неизвестны."
"100000003795588100","terminal",0.55,0,0.454262,"Гипотеза: конечный получатель за период. 1 плательщик: 400 тыс ₸; 0 получателей: 0 ₸. Отдано дальше 0% наблюдаемого входа."
"100000003796063100","distributor",0.7124999999999999,5,0.783154,"Гипотеза: веерная раздача. 1 плательщик: 35 тыс ₸; 15 получателей: 959,15 тыс ₸. Источник средств вне выборки."
"100000003798151100","terminal",0.55,4,0.480541,"Гипотеза: конечный получатель за период. 1 плательщик: 350 тыс ₸; 0 получателей: 0 ₸. Отдано дальше 0% наблюдаемого входа."
"100000003809101100","peripheral",0.2,11,0.836463,"Гипотеза: роль не определена. 2 плательщика: 166,05 тыс ₸; 2 получателя: 55,2 тыс ₸. Отдано дальше 33% наблюдаемого входа."
"100000003814002100","terminal",0.55,5,0.407616,"Гипотеза: конечный получатель за период. 1 плательщик: 30 тыс ₸; 0 получателей: 0 ₸. Отдано дальше 0% наблюдаемого входа."
"100000003819173100","peripheral",0.2,3,0.382728,"Гипотеза: роль не определена. Плательщиков: 1; получено 143,78 тыс ₸. Обрыв 4-го колена: исходящие неизвестны."
"100000003823811100","peripheral",0.2,19,0.378561,"Гипотеза: роль не определена. 1 плательщик: 30 тыс ₸; 3 получателя: 66,13 тыс ₸. Источник средств вне выборки."
"100000003824464100","terminal",0.55,21,0.42592,"Гипотеза: конечный получатель за период. 1 плательщик: 200 тыс ₸; 0 получателей: 0 ₸. Отдано дальше 0% наблюдаемого входа."
"100000003831201100","terminal",0.55,0,0.459017,"Гипотеза: конечный получатель за период. 1 плательщик: 40,5 тыс ₸; 0 получателей: 0 ₸. Отдано дальше 0% наблюдаемого входа."
"100000003831324100","terminal",0.55,6,0.728096,"Гипотеза: конечный получатель за период. 2 плательщика: 300 тыс ₸; 0 получателей: 0 ₸. Отдано дальше 0% наблюдаемого входа."
"100000003832231100","terminal",0.55,2,0.464906,"Гипотеза: конечный получатель за период. 1 плательщик: 35 тыс ₸; 0 получателей: 0 ₸. Отдано дальше 0% наблюдаемого входа."
"100000003834495100","terminal",0.55,0,0.81854,"Гипотеза: конечный получатель за период. 3 плательщика: 602,44 тыс ₸; 1 получатель: 20 тыс ₸. Отдано дальше 3% наблюдаемого входа."
"100000003835149100","peripheral",0.2,22,0.35904,"Гипотеза: роль не определена. 1 плательщик: 248,5 тыс ₸; 2 получателя: 4,6 млн ₸. Источник средств вне выборки."
"100000003838587100","peripheral",0.2,14,0.285924,"Гипотеза: роль не определена. Плательщиков: 1; получено 6 тыс ₸. Обрыв 4-го колена: исходящие неизвестны."
"100000003843844100","peripheral",0.2,12,0.346226,"Гипотеза: роль не определена. 1 плательщик: 16,68 тыс ₸; 1 получатель: 238 тыс ₸. Источник средств вне выборки."
"100000003854444100","distributor",0.705,18,0.779498,"Гипотеза: веерная раздача. 1 плательщик: 210 тыс ₸; 14 получателей: 2,32 млн ₸. Источник средств вне выборки."
"100000003865939100","terminal",0.55,67,0.40295,"Гипотеза: конечный получатель за период. 1 плательщик: 81,47 тыс ₸; 0 получателей: 0 ₸. Отдано дальше 0% наблюдаемого входа."
"100000003873332100","peripheral",0.2,18,0.320469,"Гипотеза: роль не определена. 1 плательщик: 23,47 тыс ₸; 4 получателя: 286 тыс ₸. Источник средств вне выборки."
"100000003877908100","terminal",0.55,2,0.474092,"Гипотеза: конечный получатель за период. 1 плательщик: 40 тыс ₸; 0 получателей: 0 ₸. Отдано дальше 0% наблюдаемого входа."
"100000003880331100","distributor",0.72,3,0.754666,"Гипотеза: веерная раздача. 1 плательщик: 100 тыс ₸; 16 получателей: 3,9 млн ₸. Источник средств вне выборки."
"100000003886323100","terminal",0.55,4,0.716207,"Гипотеза: конечный получатель за период. 2 плательщика: 78,17 тыс ₸; 1 получатель: 7,65 тыс ₸. Отдано дальше 10% наблюдаемого входа."
"100000003888197100","terminal",0.55,5,0.469415,"Гипотеза: конечный получатель за период. 1 плательщик: 83,17 тыс ₸; 0 получателей: 0 ₸. Отдано дальше 0% наблюдаемого входа."
"100000003888271100","peripheral",0.2,41,0.251267,"Гипотеза: роль не определена. 1 плательщик: 12,18 тыс ₸; 2 получателя: 25,59 тыс ₸. Источник средств вне выборки."
"100000003888527100","terminal",0.55,39,0.335083,"Гипотеза: конечный получатель за период. 1 плательщик: 30 тыс ₸; 0 получателей: 0 ₸. Отдано дальше 0% наблюдаемого входа."
"100000003896956100","peripheral",0.2,4,0.267783,"Гипотеза: роль не определена. 1 плательщик: 10 тыс ₸; 1 получатель: 27 тыс ₸. Источник средств вне выборки."
"100000003899325100","terminal",0.55,3,0.333804,"Гипотеза: конечный получатель за период. 1 плательщик: 50,12 тыс ₸; 0 получателей: 0 ₸. Отдано дальше 0% наблюдаемого входа."
"100000003899899100","terminal",0.55,4,0.756113,"Гипотеза: конечный получатель за период. 2 плательщика: 218,5 тыс ₸; 1 получатель: 10 тыс ₸. Отдано дальше 5% наблюдаемого входа."
"100000003900547100","terminal",0.55,4,0.352165,"Гипотеза: конечный получатель за период. 1 плательщик: 23,7 тыс ₸; 0 получателей: 0 ₸. Отдано дальше 0% наблюдаемого входа."
"100000003904497100","peripheral",0.2,8,0.363089,"Гипотеза: роль не определена. Плательщиков: 1; получено 10 тыс ₸. Обрыв 4-го колена: исходящие неизвестны."
"100000003917461100","peripheral",0.2,10,0.358059,"Гипотеза: роль не определена. 1 плательщик: 10 тыс ₸; 2 получателя: 140 тыс ₸. Источник средств вне выборки."
"100000003920950100","terminal",0.55,6,0.459915,"Гипотеза: конечный получатель за период. 1 плательщик: 323,29 тыс ₸; 0 получателей: 0 ₸. Отдано дальше 0% наблюдаемого входа."
"100000003922499100","terminal",0.55,10,0.381472,"Гипотеза: конечный получатель за период. 1 плательщик: 50 тыс ₸; 0 получателей: 0 ₸. Отдано дальше 0% наблюдаемого входа."
"100000003923946100","peripheral",0.2,6,0.409741,"Гипотеза: роль не определена. 1 плательщик: 282 тыс ₸; 4 получателя: 675 тыс ₸. Источник средств вне выборки."
"100000003927792100","peripheral",0.2,15,0.371904,"Гипотеза: роль не определена. 1 плательщик: 13,07 тыс ₸; 0 получателей: 0 ₸. Отдано дальше 0% наблюдаемого входа."
"100000003934614100","peripheral",0.2,32,0.514424,"Гипотеза: роль не определена. 2 плательщика: 17 тыс ₸; 1 получатель: 11,5 тыс ₸. Отдано дальше 68% наблюдаемого входа."
"100000003942602100","transit",0.8,1,0.486967,"Гипотеза: транзит. 1 плательщик: 30 тыс ₸; 1 получатель: 30 тыс ₸. Отдано дальше 100% наблюдаемого входа."
"100000003943247100","terminal",0.55,0,0.382739,"Гипотеза: конечный получатель за период. 1 плательщик: 40 тыс ₸; 0 получателей: 0 ₸. Отдано дальше 0% наблюдаемого входа."
"100000003943483100","peripheral",0.2,10,0.359455,"Гипотеза: роль не определена. 1 плательщик: 10 тыс ₸; 0 получателей: 0 ₸. Отдано дальше 0% наблюдаемого входа."
"100000003946524100","transit",0.65,2,0.825819,"Гипотеза: транзит. 2 плательщика: 133,76 тыс ₸; 2 получателя: 144,75 тыс ₸. Отдано дальше 108% наблюдаемого входа."
"100000003950749100","peripheral",0.2,4,0.271063,"Гипотеза: роль не определена. Плательщиков: 1; получено 7 тыс ₸. Обрыв 4-го колена: исходящие неизвестны."
"100000003951827100","peripheral",0.2,0,0.551447,"Гипотеза: роль не определена. 1 плательщик: 9 тыс ₸; 2 получателя: 17 тыс ₸."
"100000003962994100","peripheral",0.2,36,0.287573,"Гипотеза: роль не определена. 1 плательщик: 10 тыс ₸; 0 получателей: 0 ₸. Отдано дальше 0% наблюдаемого входа."
"100000003964910100","terminal",0.55,16,0.657032,"Гипотеза: конечный получатель за период. 2 плательщика: 1 млн ₸; 0 получателей: 0 ₸. Отдано дальше 0% наблюдаемого входа."
"100000003968044100","peripheral",0.2,3,0.369858,"Гипотеза: роль не определена. 1 плательщик: 40 тыс ₸; 3 получателя: 311 тыс ₸. Источник средств вне выборки."
"100000003970394100","terminal",0.55,10,0.364098,"Гипотеза: конечный получатель за период. 1 плательщик: 85 тыс ₸; 0 получателей: 0 ₸. Отдано дальше 0% наблюдаемого входа."
"100000003971049100","terminal",0.55,0,0.427355,"Гипотеза: конечный получатель за период. 1 плательщик: 55,9 тыс ₸; 0 получателей: 0 ₸. Отдано дальше 0% наблюдаемого входа."
"100000003975102100","peripheral",0.2,4,0.211876,"Гипотеза: роль не определена. 1 плательщик: 25,65 тыс ₸; 2 получателя: 88,5 тыс ₸. Источник средств вне выборки."
"100000003977183100","peripheral",0.2,6,0.253589,"Гипотеза: роль не определена. 2 плательщика: 123,8 тыс ₸; 4 получателя: 766 тыс ₸. Источник средств вне выборки."
"100000003980083100","terminal",0.55,66,0.348273,"Гипотеза: конечный получатель за период. 1 плательщик: 30 тыс ₸; 0 получателей: 0 ₸. Отдано дальше 0% наблюдаемого входа."
"100000003985389100","peripheral",0.2,3,0.613784,"Гипотеза: роль не определена. Плательщиков: 1; получено 422,7 тыс ₸. Обрыв 4-го колена: исходящие неизвестны."
"100000003986141100","peripheral",0.2,16,0.201727,"Гипотеза: роль не определена. 1 плательщик: 5,29 тыс ₸; 0 получателей: 0 ₸. Отдано дальше 0% наблюдаемого входа."
"100000003988112100","peripheral",0.2,19,0.725763,"Гипотеза: роль не определена. 1 плательщик: 92 тыс ₸; 1 получатель: 64 тыс ₸. Отдано дальше 70% наблюдаемого входа."
"100000003989033100","peripheral",0.2,7,0.484679,"Гипотеза: роль не определена. Плательщиков: 1; получено 373,4 тыс ₸. Обрыв 4-го колена: исходящие неизвестны."
"100000003996562100","peripheral",0.2,0,0.260913,"Гипотеза: роль не определена. 1 плательщик: 7,7 тыс ₸; 0 получателей: 0 ₸. Отдано дальше 0% наблюдаемого входа."
"100000004004621100","terminal",0.55,12,0.737248,"Гипотеза: конечный получатель за период. 3 плательщика: 75,39 тыс ₸; 0 получателей: 0 ₸. Отдано дальше 0% наблюдаемого входа."
"100000004005964100","peripheral",0.2,23,0.677905,"Гипотеза: роль не определена. 3 плательщика: 97,9 тыс ₸; 3 получателя: 72 тыс ₸. Отдано дальше 74% наблюдаемого входа."
"100000004006327100","peripheral",0.2,9,0.473239,"Гипотеза: роль не определена. Плательщиков: 1; получено 300 тыс ₸. Обрыв 4-го колена: исходящие неизвестны."
"100000004007116100","peripheral",0.2,23,0.485713,"Гипотеза: роль не определена. 3 плательщика: 764,7 тыс ₸; 4 получателя: 148 тыс ₸. Входящие исходного клиента неполны."
"100000004007197100","peripheral",0.2,23,0.221243,"Гипотеза: роль не определена. 1 плательщик: 10,05 тыс ₸; 0 получателей: 0 ₸. Отдано дальше 0% наблюдаемого входа."
"100000004013952100","peripheral",0.2,0,0.280305,"Гипотеза: роль не определена. Плательщиков: 1; получено 5,5 тыс ₸. Обрыв 4-го колена: исходящие неизвестны."
"100000004015047100","consolidator",0.78,6,0.963493,"Гипотеза: признаки консолидации. 9 плательщиков: 919,1 тыс ₸; 1 получатель: 69,19 тыс ₸. Отдано дальше 8% наблюдаемого входа."
"100000004017410100","peripheral",0.2,32,0.389143,"Гипотеза: роль не определена. 2 плательщика: 193,65 тыс ₸; 5 получателей: 1,33 млн ₸. Источник средств вне выборки."
"100000004019056100","peripheral",0.2,12,0.473991,"Гипотеза: роль не определена. Плательщиков: 1; получено 50 тыс ₸. Обрыв 4-го колена: исходящие неизвестны."
"100000004019124100","peripheral",0.2,4,0.586623,"Гипотеза: роль не определена. 3 плательщика: 193 тыс ₸; 0 получателей: 0 ₸. Входящие исходного клиента неполны."
"100000004021459100","peripheral",0.2,73,0.0,"Гипотеза: роль не определена. 0 плательщиков: 0 ₸; 0 получателей: 0 ₸. Входящие исходного клиента неполны."
"100000004030553100","peripheral",0.2,3,0.397656,"Гипотеза: роль не определена. Плательщиков: 1; получено 70 тыс ₸. Обрыв 4-го колена: исходящие неизвестны."
"100000004035925100","peripheral",0.2,62,0.502086,"Гипотеза: роль не определена. Плательщиков: 1; получено 1,11 млн ₸. Обрыв 4-го колена: исходящие неизвестны."
"100000004041163100","peripheral",0.2,19,0.31553,"Гипотеза: роль не определена. 1 плательщик: 50 тыс ₸; 2 получателя: 866 тыс ₸. Источник средств вне выборки."
"100000004041294100","peripheral",0.2,24,0.275684,"Гипотеза: роль не определена. Плательщиков: 1; получено 17,8 тыс ₸. Обрыв 4-го колена: исходящие неизвестны."
"100000004047887100","peripheral",0.2,37,0.411878,"Гипотеза: роль не определена. Плательщиков: 1; получено 30 тыс ₸. Обрыв 4-го колена: исходящие неизвестны."
"100000004049912100","peripheral",0.2,18,0.26707,"Гипотеза: роль не определена. Плательщиков: 1; получено 10 тыс ₸. Обрыв 4-го колена: исходящие неизвестны."
"100000004058740100","terminal",0.55,1,0.291319,"Гипотеза: конечный получатель за период. 1 плательщик: 30 тыс ₸; 0 получателей: 0 ₸. Отдано дальше 0% наблюдаемого входа."
"100000004064431100","peripheral",0.2,23,0.453219,"Гипотеза: роль не определена. 1 плательщик: 26 тыс ₸; 1 получатель: 10 тыс ₸. Отдано дальше 38% наблюдаемого входа."
"100000004066370100","peripheral",0.2,35,0.402131,"Гипотеза: роль не определена. Плательщиков: 1; получено 65 тыс ₸. Обрыв 4-го колена: исходящие неизвестны."
"100000004066647100","terminal",0.55,18,0.330361,"Гипотеза: конечный получатель за период. 1 плательщик: 51 тыс ₸; 0 получателей: 0 ₸. Отдано дальше 0% наблюдаемого входа."
"100000004070318100","coordinator",0.7992660142348755,0,0.831079,"Гипотеза: координация. 4 плательщика: 207,25 тыс ₸; 19 получателей: 551,86 тыс ₸. В 8 хабов направлено 45% выхода. Источник средств вне выборки."
"100000004070530100","peripheral",0.2,37,0.383098,"Гипотеза: роль не определена. Плательщиков: 1; получено 20 тыс ₸. Обрыв 4-го колена: исходящие неизвестны."
"100000004071070100","terminal",0.55,0,0.680552,"Гипотеза: конечный получатель за период. 2 плательщика: 41 тыс ₸; 1 получатель: 6 тыс ₸. Отдано дальше 15% наблюдаемого входа."
"100000004071080100","consolidator",0.78,0,0.835812,"Гипотеза: признаки консолидации. 9 плательщиков: 238,6 тыс ₸; 2 получателя: 46,5 тыс ₸. Отдано дальше 19% наблюдаемого входа."
"100000004071444100","peripheral",0.2,0,0.591835,"Гипотеза: роль не определена. 1 плательщик: 247,35 тыс ₸; 1 получатель: 100 тыс ₸. Отдано дальше 40% наблюдаемого входа."
"100000004076740100","peripheral",0.2,32,0.362203,"Гипотеза: роль не определена. 3 плательщика: 93,25 тыс ₸; 6 получателей: 125 тыс ₸. Источник средств вне выборки."
"100000004077081100","peripheral",0.2,2,0.403202,"Гипотеза: роль не определена. 1 плательщик: 140 тыс ₸; 4 получателя: 615 тыс ₸. Источник средств вне выборки."
"100000004094958100","transit",0.8,46,0.545267,"Гипотеза: транзит. 1 плательщик: 39 тыс ₸; 1 получатель: 40 тыс ₸. Отдано дальше 103% наблюдаемого входа."
"100000004096559100","terminal",0.55,6,0.387663,"Гипотеза: конечный получатель за период. 1 плательщик: 46,2 тыс ₸; 0 получателей: 0 ₸. Отдано дальше 0% наблюдаемого входа."
"100000004097972100","terminal",0.55,0,0.690837,"Гипотеза: конечный получатель за период. 1 плательщик: 118,88 тыс ₸; 2 получателя: 10 тыс ₸. Отдано дальше 8% наблюдаемого входа."
"100000004099450100","terminal",0.55,0,0.303836,"Гипотеза: конечный получатель за период. 1 плательщик: 31 тыс ₸; 0 получателей: 0 ₸. Отдано дальше 0% наблюдаемого входа."
"100000004105288100","terminal",0.55,2,0.781393,"Гипотеза: конечный получатель за период. 2 плательщика: 215 тыс ₸; 0 получателей: 0 ₸. Отдано дальше 0% наблюдаемого входа."
"100000004107228100","peripheral",0.2,2,0.297476,"Гипотеза: роль не определена. Плательщиков: 1; получено 5 тыс ₸. Обрыв 4-го колена: исходящие неизвестны."
"100000004114962100","terminal",0.55,5,0.74179,"Гипотеза: конечный получатель за период. 2 плательщика: 165 тыс ₸; 0 получателей: 0 ₸. Отдано дальше 0% наблюдаемого входа."
"100000004130144100","terminal",0.55,6,0.403937,"Гипотеза: конечный получатель за период. 1 плательщик: 200 тыс ₸; 0 получателей: 0 ₸. Отдано дальше 0% наблюдаемого входа."
"100000004134060100","terminal",0.55,17,0.548564,"Гипотеза: конечный получатель за период. 1 плательщик: 88,18 тыс ₸; 0 получателей: 0 ₸. Отдано дальше 0% наблюдаемого входа."
"100000004135268100","transit",0.7625,51,0.77039,"Гипотеза: транзит. 2 плательщика: 1,24 млн ₸; 3 получателя: 1 млн ₸. Отдано дальше 81% наблюдаемого входа."
"100000004140487100","distributor",0.6749999999999999,2,0.662472,"Гипотеза: веерная раздача. 1 плательщик: 24,51 тыс ₸; 10 получателей: 262,6 тыс ₸. Источник средств вне выборки."
"100000004140994100","peripheral",0.2,1,0.248721,"Гипотеза: роль не определена. 1 плательщик: 18,65 тыс ₸; 0 получателей: 0 ₸. Отдано дальше 0% наблюдаемого входа."
"100000004144536100","terminal",0.55,23,0.680182,"Гипотеза: конечный получатель за период. 4 плательщика: 168 тыс ₸; 0 получателей: 0 ₸. Отдано дальше 0% наблюдаемого входа."
"100000004150593100","distributor",0.6825,4,0.867799,"Гипотеза: веерная раздача. 1 плательщик: 57 тыс ₸; 11 получателей: 871,16 тыс ₸. Источник средств вне выборки."
"100000004156082100","distributor",0.7949999999999999,15,0.967205,"Гипотеза: веерная раздача. Также признаки консолидации: 5 плательщиков. Получено 377,37 тыс ₸; 26 получателей: 2,32 млн ₸. Источник средств вне выборки."
"100000004158362100","peripheral",0.2,0,0.330114,"Гипотеза: роль не определена. 1 плательщик: 12 тыс ₸; 0 получателей: 0 ₸. Отдано дальше 0% наблюдаемого входа."
"100000004159526100","peripheral",0.2,14,0.876593,"Гипотеза: роль не определена. 4 плательщика: 275,04 тыс ₸; 4 получателя: 68 тыс ₸. Отдано дальше 25% наблюдаемого входа."
"100000004160650100","distributor",0.6749999999999999,23,0.762382,"Гипотеза: веерная раздача. 2 плательщика: 75,1 тыс ₸; 10 получателей: 1,49 млн ₸. Источник средств вне выборки."
"100000004167082100","peripheral",0.2,12,0.380664,"Гипотеза: роль не определена. Плательщиков: 1; получено 13,3 тыс ₸. Обрыв 4-го колена: исходящие неизвестны."
"100000004174835100","peripheral",0.2,74,0.0,"Гипотеза: роль не определена. 0 плательщиков: 0 ₸; 0 получателей: 0 ₸. Входящие исходного клиента неполны."
"100000004177936100","peripheral",0.2,3,0.27057,"Гипотеза: роль не определена. Плательщиков: 1; получено 10 тыс ₸. Обрыв 4-го колена: исходящие неизвестны."
"100000004180097100","peripheral",0.2,0,0.694863,"Гипотеза: роль не определена. 3 плательщика: 104,85 тыс ₸; 3 получателя: 47,8 тыс ₸. Отдано дальше 46% наблюдаемого входа."
"100000004183610100","peripheral",0.2,12,0.364766,"Гипотеза: роль не определена. 1 плательщик: 22 тыс ₸; 1 получатель: 915 тыс ₸. Источник средств вне выборки."
"100000004184158100","terminal",0.55,0,0.414401,"Гипотеза: конечный получатель за период. 1 плательщик: 203,81 тыс ₸; 0 получателей: 0 ₸. Отдано дальше 0% наблюдаемого входа."
"100000004185681100","peripheral",0.2,2,0.29336,"Гипотеза: роль не определена. 1 плательщик: 10 тыс ₸; 0 получателей: 0 ₸. Отдано дальше 0% наблюдаемого входа."
"100000004186824100","terminal",0.55,4,0.763291,"Гипотеза: конечный получатель за период. 2 плательщика: 451,7 тыс ₸; 1 получатель: 7 тыс ₸. Отдано дальше 2% наблюдаемого входа."
"100000004188160100","peripheral",0.2,4,0.396697,"Гипотеза: роль не определена. 2 плательщика: 87,86 тыс ₸; 5 получателей: 133,85 тыс ₸. Источник средств вне выборки."
"100000004192107100","terminal",0.55,2,0.3845,"Гипотеза: конечный получатель за период. 1 плательщик: 25 тыс ₸; 0 получателей: 0 ₸. Отдано дальше 0% наблюдаемого входа."
"100000004192865100","terminal",0.55,28,0.401368,"Гипотеза: конечный получатель за период. 1 плательщик: 66,67 тыс ₸; 0 получателей: 0 ₸. Отдано дальше 0% наблюдаемого входа."
"100000004193835100","peripheral",0.2,4,0.467499,"Гипотеза: роль не определена. 1 плательщик: 47 тыс ₸; 1 получатель: 5 тыс ₸. Входящие исходного клиента неполны."
"100000004200745100","peripheral",0.2,10,0.528712,"Гипотеза: роль не определена. Плательщиков: 1; получено 130 тыс ₸. Обрыв 4-го колена: исходящие неизвестны."
"100000004206046100","peripheral",0.2,4,0.311227,"Гипотеза: роль не определена. 1 плательщик: 11,07 тыс ₸; 0 получателей: 0 ₸. Отдано дальше 0% наблюдаемого входа."
"100000004209339100","peripheral",0.2,11,0.425959,"Гипотеза: роль не определена. 1 плательщик: 138,5 тыс ₸; 2 получателя: 238,5 тыс ₸. Источник средств вне выборки."
"100000004213658100","terminal",0.55,1,0.278376,"Гипотеза: конечный получатель за период. 1 плательщик: 25,35 тыс ₸; 0 получателей: 0 ₸. Отдано дальше 0% наблюдаемого входа."
"100000004217419100","terminal",0.55,3,0.726211,"Гипотеза: конечный получатель за период. 2 плательщика: 118,2 тыс ₸; 1 получатель: 7,7 тыс ₸. Отдано дальше 7% наблюдаемого входа."
"100000004218576100","terminal",0.55,1,0.280182,"Гипотеза: конечный получатель за период. 1 плательщик: 26,14 тыс ₸; 0 получателей: 0 ₸. Отдано дальше 0% наблюдаемого входа."
"100000004221668100","peripheral",0.2,26,0.785038,"Гипотеза: роль не определена. 4 плательщика: 1,13 млн ₸; 3 получателя: 731,44 тыс ₸. Отдано дальше 65% наблюдаемого входа."
"100000004222274100","peripheral",0.2,0,0.312427,"Гипотеза: роль не определена. Плательщиков: 1; получено 15,5 тыс ₸. Обрыв 4-го колена: исходящие неизвестны."
"100000004225615100","terminal",0.55,8,0.358244,"Гипотеза: конечный получатель за период. 1 плательщик: 90 тыс ₸; 0 получателей: 0 ₸. Отдано дальше 0% наблюдаемого входа."
"100000004226848100","terminal",0.55,2,0.6131,"Гипотеза: конечный получатель за период. 1 плательщик: 301,87 тыс ₸; 0 получателей: 0 ₸. Отдано дальше 0% наблюдаемого входа."
"100000004232712100","peripheral",0.2,5,0.434242,"Гипотеза: роль не определена. Плательщиков: 1; получено 12,5 тыс ₸. Обрыв 4-го колена: исходящие неизвестны."
"100000004235471100","peripheral",0.2,5,0.562775,"Гипотеза: роль не определена. Плательщиков: 1; получено 180 тыс ₸. Обрыв 4-го колена: исходящие неизвестны."
"100000004241142100","peripheral",0.2,0,0.434825,"Гипотеза: роль не определена. Плательщиков: 1; получено 27,1 тыс ₸. Обрыв 4-го колена: исходящие неизвестны."
"100000004254434100","terminal",0.55,1,0.319044,"Гипотеза: конечный получатель за период. 1 плательщик: 44,45 тыс ₸; 0 получателей: 0 ₸. Отдано дальше 0% наблюдаемого входа."
"100000004257714100","terminal",0.55,1,0.330664,"Гипотеза: конечный получатель за период. 1 плательщик: 52,22 тыс ₸; 0 получателей: 0 ₸. Отдано дальше 0% наблюдаемого входа."
"100000004260869100","peripheral",0.2,4,0.304845,"Гипотеза: роль не определена. Плательщиков: 1; получено 10 тыс ₸. Обрыв 4-го колена: исходящие неизвестны."
"100000004261340100","peripheral",0.2,0,0.449327,"Гипотеза: роль не определена. Плательщиков: 1; получено 48,5 тыс ₸. Обрыв 4-го колена: исходящие неизвестны."
"100000004263867100","peripheral",0.2,7,0.224159,"Гипотеза: роль не определена. Плательщиков: 1; получено 9 тыс ₸. Обрыв 4-го колена: исходящие неизвестны."
"100000004265639100","peripheral",0.2,3,0.296501,"Гипотеза: роль не определена. Плательщиков: 1; получено 10 тыс ₸. Обрыв 4-го колена: исходящие неизвестны."
"100000004268036100","peripheral",0.2,7,0.208838,"Гипотеза: роль не определена. Плательщиков: 1; получено 5,5 тыс ₸. Обрыв 4-го колена: исходящие неизвестны."
"100000004269433100","peripheral",0.2,59,0.126598,"Гипотеза: роль не определена. 0 плательщиков: 0 ₸; 1 получатель: 1,37 млн ₸. Источник средств вне выборки."
"100000004272302100","peripheral",0.2,44,0.217811,"Гипотеза: роль не определена. Плательщиков: 1; получено 10 тыс ₸. Обрыв 4-го колена: исходящие неизвестны."
"100000004278574100","peripheral",0.2,5,0.573071,"Гипотеза: роль не определена. 1 плательщик: 25 тыс ₸; 1 получатель: 12,5 тыс ₸. Отдано дальше 50% наблюдаемого входа."
"100000004285800100","peripheral",0.2,0,0.620435,"Гипотеза: роль не определена. 1 плательщик: 5 тыс ₸; 1 получатель: 15 тыс ₸."
"100000004286573100","peripheral",0.2,10,0.242127,"Гипотеза: роль не определена. 1 плательщик: 16,59 тыс ₸; 0 получателей: 0 ₸. Отдано дальше 0% наблюдаемого входа."
"100000004291560100","terminal",0.55,0,0.3941,"Гипотеза: конечный получатель за период. 1 плательщик: 47,19 тыс ₸; 0 получателей: 0 ₸. Отдано дальше 0% наблюдаемого входа."
"100000004291663100","peripheral",0.2,0,0.39603,"Гипотеза: роль не определена. Плательщиков: 1; получено 25 тыс ₸. Обрыв 4-го колена: исходящие неизвестны."
"100000004292885100","terminal",0.55,1,0.385464,"Гипотеза: конечный получатель за период. 1 плательщик: 112,7 тыс ₸; 0 получателей: 0 ₸. Отдано дальше 0% наблюдаемого входа."
"100000004299488100","consolidator",0.72,0,0.924865,"Гипотеза: признаки консолидации. 6 плательщиков: 1,75 млн ₸; 2 получателя: 345 тыс ₸. Отдано дальше 20% наблюдаемого входа."
"100000004315838100","peripheral",0.2,2,0.710823,"Гипотеза: роль не определена. 2 плательщика: 50 тыс ₸; 1 получатель: 18 тыс ₸. Отдано дальше 36% наблюдаемого входа."
"100000004318918100","terminal",0.55,11,0.52814,"Гипотеза: конечный получатель за период. 1 плательщик: 75,6 тыс ₸; 0 получателей: 0 ₸. Отдано дальше 0% наблюдаемого входа."
"100000004321983100","peripheral",0.2,26,0.274518,"Гипотеза: роль не определена. 1 плательщик: 10,84 тыс ₸; 2 получателя: 36,2 тыс ₸. Источник средств вне выборки."
"100000004325327100","transit",0.8,0,0.673609,"Гипотеза: транзит. 2 плательщика: 70,82 тыс ₸; 1 получатель: 70 тыс ₸. Отдано дальше 99% наблюдаемого входа."
"100000004326224100","peripheral",0.2,5,0.528477,"Гипотеза: роль не определена. Плательщиков: 1; получено 60 тыс ₸. Обрыв 4-го колена: исходящие неизвестны."
"100000004330371100","peripheral",0.2,4,0.805305,"Гипотеза: роль не определена. 2 плательщика: 264,17 тыс ₸; 2 получателя: 90,68 тыс ₸. Отдано дальше 34% наблюдаемого входа."
"100000004331458100","terminal",0.55,46,0.631225,"Гипотеза: конечный получатель за период. 2 плательщика: 250 тыс ₸; 0 получателей: 0 ₸. Отдано дальше 0% наблюдаемого входа."
"100000004336228100","terminal",0.55,3,0.334343,"Гипотеза: конечный получатель за период. 1 плательщик: 51,41 тыс ₸; 0 получателей: 0 ₸. Отдано дальше 0% наблюдаемого входа."
"100000004336312100","transit",0.7000000000000001,32,0.686765,"Гипотеза: транзит. 3 плательщика: 90,42 тыс ₸; 2 получателя: 72,65 тыс ₸. Отдано дальше 80% наблюдаемого входа."
"100000004340038100","peripheral",0.2,12,0.306309,"Гипотеза: роль не определена. 1 плательщик: 9,98 тыс ₸; 1 получатель: 49 тыс ₸. Источник средств вне выборки."
"100000004350094100","peripheral",0.2,18,0.337618,"Гипотеза: роль не определена. Плательщиков: 1; получено 20 тыс ₸. Обрыв 4-го колена: исходящие неизвестны."
"100000004351795100","coordinator",0.7985320284697509,0,0.888212,"Гипотеза: координация. 3 плательщика: 118,33 тыс ₸; 14 получателей: 1,72 млн ₸. В 4 хаба направлено 30% выхода. Источник средств вне выборки."
"100000004356593100","terminal",0.55,2,0.582335,"Гипотеза: конечный получатель за период. 1 плательщик: 50 тыс ₸; 1 получатель: 10 тыс ₸. Отдано дальше 20% наблюдаемого входа."
"100000004358004100","distributor",0.6825,2,0.618371,"Гипотеза: веерная раздача. 0 плательщиков: 0 ₸; 11 получателей: 980,85 тыс ₸. Источник средств вне выборки."
"100000004360785100","terminal",0.55,4,0.455933,"Гипотеза: конечный получатель за период. 1 плательщик: 94,7 тыс ₸; 0 получателей: 0 ₸. Отдано дальше 0% наблюдаемого входа."
"100000004368189100","terminal",0.55,13,0.733546,"Гипотеза: конечный получатель за период. 1 плательщик: 384,6 тыс ₸; 2 получателя: 28,2 тыс ₸. Отдано дальше 7% наблюдаемого входа."
"100000004377043100","peripheral",0.2,27,0.264715,"Гипотеза: роль не определена. Плательщиков: 1; получено 5,7 тыс ₸. Обрыв 4-го колена: исходящие неизвестны."
"100000004379306100","peripheral",0.2,3,0.307279,"Гипотеза: роль не определена. Плательщиков: 1; получено 15 тыс ₸. Обрыв 4-го колена: исходящие неизвестны."
"100000004386258100","peripheral",0.2,10,0.800594,"Гипотеза: роль не определена. 3 плательщика: 61,7 тыс ₸; 3 получателя: 40 тыс ₸. Отдано дальше 65% наблюдаемого входа."
"100000004386286100","peripheral",0.2,10,0.398733,"Гипотеза: роль не определена. Плательщиков: 1; получено 12,5 тыс ₸. Обрыв 4-го колена: исходящие неизвестны."
"100000004386331100","transit",0.65,10,0.650191,"Гипотеза: транзит. 1 плательщик: 20 тыс ₸; 2 получателя: 17,5 тыс ₸. Отдано дальше 88% наблюдаемого входа."
"100000004388209100","peripheral",0.2,1,0.224697,"Гипотеза: роль не определена. 1 плательщик: 11,8 тыс ₸; 0 получателей: 0 ₸. Отдано дальше 0% наблюдаемого входа."
"100000004388353100","terminal",0.55,11,0.704699,"Гипотеза: конечный получатель за период. 2 плательщика: 62,96 тыс ₸; 0 получателей: 0 ₸. Отдано дальше 0% наблюдаемого входа."
"100000004388983100","peripheral",0.2,63,0.171443,"Гипотеза: роль не определена. 0 плательщиков: 0 ₸; 2 получателя: 450,82 тыс ₸. Источник средств вне выборки."
"100000004390333100","distributor",0.6675,0,0.796624,"Гипотеза: веерная раздача. 2 плательщика: 64,56 тыс ₸; 9 получателей: 506,5 тыс ₸. Источник средств вне выборки."
"100000004394765100","terminal",0.55,4,0.855642,"Гипотеза: конечный получатель за период. 3 плательщика: 603,84 тыс ₸; 2 получателя: 82,5 тыс ₸. Отдано дальше 14% наблюдаемого входа."
"100000004398811100","peripheral",0.2,2,0.358401,"Гипотеза: роль не определена. 1 плательщик: 426 тыс ₸; 3 получателя: 1,04 млн ₸. Источник средств вне выборки."
"100000004399686100","terminal",0.55,22,0.507447,"Гипотеза: конечный получатель за период. 1 плательщик: 806 тыс ₸; 0 получателей: 0 ₸. Отдано дальше 0% наблюдаемого входа."
"100000004400305100","distributor",0.8999999999999999,0,0.877041,"Гипотеза: веерная раздача. Также признаки консолидации: 7 плательщиков. Получено 222,8 тыс ₸; 82 получателя: 5,83 млн ₸. Источник средств вне выборки."
"100000004400361100","peripheral",0.2,4,0.378735,"Гипотеза: роль не определена. 1 плательщик: 10 тыс ₸; 0 получателей: 0 ₸. Отдано дальше 0% наблюдаемого входа."
"100000004400480100","peripheral",0.2,13,0.324989,"Гипотеза: роль не определена. Плательщиков: 1; получено 21,7 тыс ₸. Обрыв 4-го колена: исходящие неизвестны."
"100000004403548100","peripheral",0.2,3,0.26162,"Гипотеза: роль не определена. Плательщиков: 1; получено 5 тыс ₸. Обрыв 4-го колена: исходящие неизвестны."
"100000004403641100","peripheral",0.2,13,0.402243,"Гипотеза: роль не определена. Плательщиков: 1; получено 171,5 тыс ₸. Обрыв 4-го колена: исходящие неизвестны."
"100000004403675100","peripheral",0.2,19,0.444532,"Гипотеза: роль не определена. 4 плательщика: 182,98 тыс ₸; 5 получателей: 264,7 тыс ₸. Источник средств вне выборки."
"100000004407753100","peripheral",0.2,27,0.641375,"Гипотеза: роль не определена. 1 плательщик: 250 тыс ₸; 1 получатель: 100 тыс ₸. Отдано дальше 40% наблюдаемого входа."
"100000004408683100","terminal",0.55,4,0.657055,"Гипотеза: конечный получатель за период. 2 плательщика: 112,92 тыс ₸; 0 получателей: 0 ₸. Отдано дальше 0% наблюдаемого входа."
"100000004410489100","terminal",0.55,2,0.447746,"Гипотеза: конечный получатель за период. 1 плательщик: 54 тыс ₸; 0 получателей: 0 ₸. Отдано дальше 0% наблюдаемого входа."
"100000004417753100","terminal",0.55,2,0.682537,"Гипотеза: конечный получатель за период. 2 плательщика: 192,1 тыс ₸; 0 получателей: 0 ₸. Отдано дальше 0% наблюдаемого входа."
"100000004418967100","peripheral",0.2,9,0.412259,"Гипотеза: роль не определена. Плательщиков: 1; получено 100 тыс ₸. Обрыв 4-го колена: исходящие неизвестны."
"100000004420041100","peripheral",0.2,10,0.355271,"Гипотеза: роль не определена. 1 плательщик: 69,64 тыс ₸; 7 получателей: 651,83 тыс ₸. Источник средств вне выборки."
"100000004424023100","peripheral",0.2,6,0.389025,"Гипотеза: роль не определена. 1 плательщик: 50 тыс ₸; 1 получатель: 100 тыс ₸. Источник средств вне выборки."
"100000004433250100","peripheral",0.2,0,0.340287,"Гипотеза: роль не определена. Плательщиков: 1; получено 8 тыс ₸. Обрыв 4-го колена: исходящие неизвестны."
"100000004435304100","terminal",0.55,1,0.290276,"Гипотеза: конечный получатель за период. 1 плательщик: 26,2 тыс ₸; 0 получателей: 0 ₸. Отдано дальше 0% наблюдаемого входа."
"100000004441291100","terminal",0.55,2,0.490287,"Гипотеза: конечный получатель за период. 1 плательщик: 20 тыс ₸; 0 получателей: 0 ₸. Отдано дальше 0% наблюдаемого входа."
"100000004445291100","peripheral",0.2,24,0.293562,"Гипотеза: роль не определена. 1 плательщик: 19,5 тыс ₸; 0 получателей: 0 ₸. Отдано дальше 0% наблюдаемого входа."
"100000004449824100","peripheral",0.2,7,0.224159,"Гипотеза: роль не определена. Плательщиков: 1; получено 9 тыс ₸. Обрыв 4-го колена: исходящие неизвестны."
"100000004450649100","peripheral",0.2,5,0.772353,"Гипотеза: роль не определена. 2 плательщика: 192,53 тыс ₸; 2 получателя: 46,53 тыс ₸. Отдано дальше 24% наблюдаемого входа."
"100000004451012100","peripheral",0.2,18,0.621288,"Гипотеза: роль не определена. 1 плательщик: 91,25 тыс ₸; 3 получателя: 65,74 тыс ₸. Отдано дальше 72% наблюдаемого входа."
"100000004456564100","peripheral",0.2,14,0.416117,"Гипотеза: роль не определена. 1 плательщик: 10 тыс ₸; 0 получателей: 0 ₸. Отдано дальше 0% наблюдаемого входа."
"100000004463277100","terminal",0.55,28,0.369123,"Гипотеза: конечный получатель за период. 1 плательщик: 35 тыс ₸; 0 получателей: 0 ₸. Отдано дальше 0% наблюдаемого входа."
"100000004467157100","peripheral",0.2,32,0.485476,"Гипотеза: роль не определена. 1 плательщик: 20 тыс ₸; 1 получатель: 7 тыс ₸. Отдано дальше 35% наблюдаемого входа."
"100000004472936100","peripheral",0.2,12,0.367373,"Гипотеза: роль не определена. Плательщиков: 1; получено 5 тыс ₸. Обрыв 4-го колена: исходящие неизвестны."
"100000004475818100","peripheral",0.2,5,0.292799,"Гипотеза: роль не определена. 1 плательщик: 13 тыс ₸; 3 получателя: 53,99 тыс ₸. Источник средств вне выборки."
"100000004479404100","peripheral",0.2,42,0.818226,"Гипотеза: роль не определена. 2 плательщика: 1,49 млн ₸; 1 получатель: 300 тыс ₸. Отдано дальше 20% наблюдаемого входа."
"100000004480280100","peripheral",0.2,2,0.407896,"Гипотеза: роль не определена. 1 плательщик: 146,69 тыс ₸; 2 получателя: 295,85 тыс ₸. Источник средств вне выборки."
"100000004486525100","consolidator",0.76,0,0.904296,"Гипотеза: признаки консолидации. 8 плательщиков: 360,92 тыс ₸; 2 получателя: 271,05 тыс ₸. Отдано дальше 75% наблюдаемого входа."
"100000004488265100","terminal",0.55,3,0.309197,"Гипотеза: конечный получатель за период. 1 плательщик: 38,74 тыс ₸; 0 получателей: 0 ₸. Отдано дальше 0% наблюдаемого входа."
"100000004491749100","terminal",0.55,6,0.362001,"Гипотеза: конечный получатель за период. 1 плательщик: 50 тыс ₸; 0 получателей: 0 ₸. Отдано дальше 0% наблюдаемого входа."
"100000004491881100","peripheral",0.2,1,0.246916,"Гипотеза: роль не определена. 1 плательщик: 17,14 тыс ₸; 0 получателей: 0 ₸. Отдано дальше 0% наблюдаемого входа."
"100000004493586100","peripheral",0.2,0,0.2143,"Гипотеза: роль не определена. 1 плательщик: 7,5 тыс ₸; 0 получателей: 0 ₸. Отдано дальше 0% наблюдаемого входа."
"100000004494983100","terminal",0.55,1,0.302995,"Гипотеза: конечный получатель за период. 1 плательщик: 35 тыс ₸; 0 получателей: 0 ₸. Отдано дальше 0% наблюдаемого входа."
"100000004497606100","peripheral",0.2,1,0.240523,"Гипотеза: роль не определена. 1 плательщик: 15,53 тыс ₸; 0 получателей: 0 ₸. Отдано дальше 0% наблюдаемого входа."
"100000004500444100","peripheral",0.2,14,0.655316,"Гипотеза: роль не определена. 2 плательщика: 180 тыс ₸; 1 получатель: 74 тыс ₸. Отдано дальше 41% наблюдаемого входа."
"100000004500781100","peripheral",0.2,14,0.410689,"Гипотеза: роль не определена. Плательщиков: 1; получено 74 тыс ₸. Обрыв 4-го колена: исходящие неизвестны."
"100000004502048100","peripheral",0.2,18,0.282279,"Гипотеза: роль не определена. Плательщиков: 1; получено 13,89 тыс ₸. Обрыв 4-го колена: исходящие неизвестны."
"100000004508696100","peripheral",0.2,36,0.320396,"Гипотеза: роль не определена. 1 плательщик: 7 тыс ₸; 3 получателя: 111 тыс ₸. Источник средств вне выборки."
"100000004509286100","terminal",0.55,2,0.474092,"Гипотеза: конечный получатель за период. 1 плательщик: 40 тыс ₸; 0 получателей: 0 ₸. Отдано дальше 0% наблюдаемого входа."
"100000004526651100","peripheral",0.2,8,0.38247,"Гипотеза: роль не определена. Плательщиков: 1; получено 33 тыс ₸. Обрыв 4-го колена: исходящие неизвестны."
"100000004527381100","peripheral",0.2,15,0.309601,"Гипотеза: роль не определена. 1 плательщик: 119,33 тыс ₸; 1 получатель: 273,87 тыс ₸. Источник средств вне выборки."
"100000004539443100","terminal",0.55,2,0.652232,"Гипотеза: конечный получатель за период. 2 плательщика: 61,99 тыс ₸; 0 получателей: 0 ₸. Отдано дальше 0% наблюдаемого входа."
"100000004544958100","terminal",0.55,11,0.826066,"Гипотеза: конечный получатель за период. 1 плательщик: 168 тыс ₸; 2 получателя: 23,2 тыс ₸. Отдано дальше 14% наблюдаемого входа."
"100000004549591100","peripheral",0.2,36,0.370873,"Гипотеза: роль не определена. Плательщиков: 1; получено 49 тыс ₸. Обрыв 4-го колена: исходящие неизвестны."
"100000004552204100","peripheral",0.2,31,0.567788,"Гипотеза: роль не определена. 1 плательщик: 22,5 тыс ₸; 2 получателя: 10 тыс ₸. Отдано дальше 44% наблюдаемого входа."
"100000004553349100","peripheral",0.2,5,0.24188,"Гипотеза: роль не определена. 1 плательщик: 7,75 тыс ₸; 0 получателей: 0 ₸. Отдано дальше 0% наблюдаемого входа."
"100000004559194100","terminal",0.55,4,0.527669,"Гипотеза: конечный получатель за период. 1 плательщик: 282,14 тыс ₸; 0 получателей: 0 ₸. Отдано дальше 0% наблюдаемого входа."
"100000004564736100","peripheral",0.2,21,0.384814,"Гипотеза: роль не определена. 1 плательщик: 15 тыс ₸; 0 получателей: 0 ₸. Отдано дальше 0% наблюдаемого входа."
"100000004569484100","peripheral",0.2,7,0.384943,"Гипотеза: роль не определена. 2 плательщика: 98,31 тыс ₸; 4 получателя: 156 тыс ₸. Источник средств вне выборки."
"100000004569637100","peripheral",0.2,3,0.284298,"Гипотеза: роль не определена. Плательщиков: 1; получено 5,5 тыс ₸. Обрыв 4-го колена: исходящие неизвестны."
"100000004571634100","peripheral",0.2,11,0.309847,"Гипотеза: роль не определена. Плательщиков: 1; получено 20 тыс ₸. Обрыв 4-го колена: исходящие неизвестны."
"100000004573782100","peripheral",0.2,6,0.273318,"Гипотеза: роль не определена. 1 плательщик: 15 тыс ₸; 0 получателей: 0 ₸. Отдано дальше 0% наблюдаемого входа."
"100000004580202100","peripheral",0.2,21,0.337556,"Гипотеза: роль не определена. 1 плательщик: 9 тыс ₸; 3 получателя: 45 тыс ₸. Источник средств вне выборки."
"100000004580254100","terminal",0.55,16,0.466712,"Гипотеза: конечный получатель за период. 2 плательщика: 27,94 тыс ₸; 0 получателей: 0 ₸. Отдано дальше 0% наблюдаемого входа."
"100000004584730100","peripheral",0.2,42,0.33635,"Гипотеза: роль не определена. Плательщиков: 1; получено 47 тыс ₸. Обрыв 4-го колена: исходящие неизвестны."
"100000004586598100","peripheral",0.2,65,0.502198,"Гипотеза: роль не определена. Плательщиков: 1; получено 761,25 тыс ₸. Обрыв 4-го колена: исходящие неизвестны."
"100000004587414100","terminal",0.55,5,0.751806,"Гипотеза: конечный получатель за период. 2 плательщика: 533,6 тыс ₸; 0 получателей: 0 ₸. Отдано дальше 0% наблюдаемого входа."
"100000004588479100","terminal",0.55,4,0.498553,"Гипотеза: конечный получатель за период. 1 плательщик: 177,63 тыс ₸; 0 получателей: 0 ₸. Отдано дальше 0% наблюдаемого входа."
"100000004591973100","peripheral",0.2,10,0.328864,"Гипотеза: роль не определена. 1 плательщик: 10 тыс ₸; 1 получатель: 100 тыс ₸. Источник средств вне выборки."
"100000004592467100","peripheral",0.2,2,0.206101,"Гипотеза: роль не определена. 1 плательщик: 7 тыс ₸; 0 получателей: 0 ₸. Отдано дальше 0% наблюдаемого входа."
"100000004596284100","peripheral",0.2,4,0.357021,"Гипотеза: роль не определена. Плательщиков: 1; получено 30 тыс ₸. Обрыв 4-го колена: исходящие неизвестны."
"100000004601193100","peripheral",0.2,11,0.4143,"Гипотеза: роль не определена. Плательщиков: 1; получено 84 тыс ₸. Обрыв 4-го колена: исходящие неизвестны."
"100000004603109100","terminal",0.55,22,0.86596,"Гипотеза: конечный получатель за период. 3 плательщика: 2,73 млн ₸; 2 получателя: 400 тыс ₸. Отдано дальше 15% наблюдаемого входа."
"100000004610802100","peripheral",0.2,58,0.454879,"Гипотеза: роль не определена. Плательщиков: 1; получено 241 тыс ₸. Обрыв 4-го колена: исходящие неизвестны."
"100000004611571100","terminal",0.55,0,0.344628,"Гипотеза: конечный получатель за период. 1 плательщик: 22,55 тыс ₸; 0 получателей: 0 ₸. Отдано дальше 0% наблюдаемого входа."
"100000004613582100","peripheral",0.2,6,0.463156,"Гипотеза: роль не определена. 1 плательщик: 5 тыс ₸; 1 получатель: 9,5 тыс ₸."
"100000004616845100","peripheral",0.2,56,0.257571,"Гипотеза: роль не определена. Плательщиков: 1; получено 20,2 тыс ₸. Обрыв 4-го колена: исходящие неизвестны."
"100000004622227100","peripheral",0.2,0,0.528959,"Гипотеза: роль не определена. 1 плательщик: 24,93 тыс ₸; 3 получателя: 19 тыс ₸. Отдано дальше 76% наблюдаемого входа."
"100000004629688100","peripheral",0.2,15,0.600729,"Гипотеза: роль не определена. 1 плательщик: 5 тыс ₸; 1 получатель: 15 тыс ₸."
"100000004634420100","terminal",0.55,1,0.275841,"Гипотеза: конечный получатель за период. 1 плательщик: 26,15 тыс ₸; 0 получателей: 0 ₸. Отдано дальше 0% наблюдаемого входа."
"100000004635886100","terminal",0.55,4,0.365702,"Гипотеза: конечный получатель за период. 1 плательщик: 23 тыс ₸; 0 получателей: 0 ₸. Отдано дальше 0% наблюдаемого входа."
"100000004644615100","peripheral",0.2,7,0.334085,"Гипотеза: роль не определена. 1 плательщик: 50,81 тыс ₸; 2 получателя: 379,67 тыс ₸. Источник средств вне выборки."
"100000004652395100","peripheral",0.2,0,0.733188,"Гипотеза: роль не определена. Плательщиков: 3; получено 101,53 тыс ₸. Обрыв 4-го колена: исходящие неизвестны."
"100000004655046100","peripheral",0.2,7,0.339906,"Гипотеза: роль не определена. Плательщиков: 1; получено 24 тыс ₸. Обрыв 4-го колена: исходящие неизвестны."
"100000004657034100","terminal",0.55,5,0.504789,"Гипотеза: конечный получатель за период. 1 плательщик: 141,25 тыс ₸; 0 получателей: 0 ₸. Отдано дальше 0% наблюдаемого входа."
"100000004659919100","peripheral",0.2,48,0.691218,"Гипотеза: роль не определена. 1 плательщик: 110 тыс ₸; 1 получатель: 39 тыс ₸. Отдано дальше 35% наблюдаемого входа."
"100000004662806100","peripheral",0.2,10,0.71937,"Гипотеза: роль не определена. 2 плательщика: 106,58 тыс ₸; 2 получателя: 59,9 тыс ₸. Отдано дальше 56% наблюдаемого входа."
"100000004664515100","terminal",0.55,0,0.306371,"Гипотеза: конечный получатель за период. 1 плательщик: 37,69 тыс ₸; 0 получателей: 0 ₸. Отдано дальше 0% наблюдаемого входа."
"100000004664905100","terminal",0.55,4,0.707481,"Гипотеза: конечный получатель за период. 2 плательщика: 329,02 тыс ₸; 0 получателей: 0 ₸. Отдано дальше 0% наблюдаемого входа."
"100000004666651100","terminal",0.55,64,0.639143,"Гипотеза: конечный получатель за период. 1 плательщик: 429,25 тыс ₸; 0 получателей: 0 ₸. Отдано дальше 0% наблюдаемого входа."
"100000004670388100","peripheral",0.2,47,0.350112,"Гипотеза: роль не определена. 1 плательщик: 160,35 тыс ₸; 2 получателя: 720 тыс ₸. Источник средств вне выборки."
"100000004671609100","terminal",0.55,13,0.375606,"Гипотеза: конечный получатель за период. 1 плательщик: 100 тыс ₸; 0 получателей: 0 ₸. Отдано дальше 0% наблюдаемого входа."
"100000004673335100","peripheral",0.2,29,0.399854,"Гипотеза: роль не определена. Плательщиков: 1; получено 80 тыс ₸. Обрыв 4-го колена: исходящие неизвестны."
"100000004674178100","peripheral",0.2,24,0.284186,"Гипотеза: роль не определена. Плательщиков: 1; получено 20 тыс ₸. Обрыв 4-го колена: исходящие неизвестны."
"100000004674389100","peripheral",0.2,11,0.289244,"Гипотеза: роль не определена. Плательщиков: 1; получено 15 тыс ₸. Обрыв 4-го колена: исходящие неизвестны."
"100000004674412100","peripheral",0.2,11,0.369145,"Гипотеза: роль не определена. Плательщиков: 1; получено 46 тыс ₸. Обрыв 4-го колена: исходящие неизвестны."
"100000004674799100","terminal",0.55,0,0.579733,"Гипотеза: конечный получатель за период. 1 плательщик: 140 тыс ₸; 0 получателей: 0 ₸. Отдано дальше 0% наблюдаемого входа."
"100000004676985100","transit",0.65,0,0.560285,"Гипотеза: транзит. 1 плательщик: 32,26 тыс ₸; 1 получатель: 27,1 тыс ₸. Отдано дальше 84% наблюдаемого входа."
"100000004677680100","peripheral",0.2,11,0.422695,"Гипотеза: роль не определена. 2 плательщика: 63 тыс ₸; 1 получатель: 168 тыс ₸. Источник средств вне выборки."
"100000004679953100","coordinator",0.7961298932384342,3,0.790814,"Гипотеза: координация. 3 плательщика: 343,54 тыс ₸; 3 получателя: 34,1 тыс ₸. В 3 хаба направлено 100% выхода. Отдано дальше 10% наблюдаемого входа."
"100000004687099100","terminal",0.55,6,0.32777,"Гипотеза: конечный получатель за период. 1 плательщик: 30 тыс ₸; 0 получателей: 0 ₸. Отдано дальше 0% наблюдаемого входа."
"100000004687282100","terminal",0.55,4,0.301144,"Гипотеза: конечный получатель за период. 1 плательщик: 20 тыс ₸; 0 получателей: 0 ₸. Отдано дальше 0% наблюдаемого входа."
"100000004689658100","terminal",0.55,3,0.627927,"Гипотеза: конечный получатель за период. 1 плательщик: 456,1 тыс ₸; 1 получатель: 7,09 тыс ₸. Отдано дальше 2% наблюдаемого входа."
"100000004691350100","peripheral",0.2,47,0.315601,"Гипотеза: роль не определена. Плательщиков: 1; получено 13,3 тыс ₸. Обрыв 4-го колена: исходящие неизвестны."
"100000004692798100","terminal",0.55,10,0.679206,"Гипотеза: конечный получатель за период. 2 плательщика: 240,31 тыс ₸; 1 получатель: 15 тыс ₸. Отдано дальше 6% наблюдаемого входа."
"100000004697956100","transit",0.65,6,0.471983,"Гипотеза: транзит. 1 плательщик: 10 тыс ₸; 1 получатель: 10 тыс ₸. Отдано дальше 100% наблюдаемого входа."
"100000004698193100","terminal",0.55,6,0.71079,"Гипотеза: конечный получатель за период. 2 плательщика: 222,7 тыс ₸; 3 получателя: 38 тыс ₸. Отдано дальше 17% наблюдаемого входа."
"100000004707703100","transit",0.775,4,0.837427,"Гипотеза: транзит. 2 плательщика: 239,3 тыс ₸; 5 получателей: 231,65 тыс ₸. Отдано дальше 97% наблюдаемого входа."
"100000004713684100","terminal",0.55,0,0.379172,"Гипотеза: конечный получатель за период. 1 плательщик: 37,5 тыс ₸; 0 получателей: 0 ₸. Отдано дальше 0% наблюдаемого входа."
"100000004714705100","peripheral",0.2,19,0.074114,"Гипотеза: роль не определена. 0 плательщиков: 0 ₸; 1 получатель: 36,55 тыс ₸. Источник средств вне выборки."
"100000004715209100","peripheral",0.2,49,0.322364,"Гипотеза: роль не определена. 1 плательщик: 5 тыс ₸; 5 получателей: 350,45 тыс ₸. Источник средств вне выборки."
"100000004717647100","peripheral",0.2,42,0.388807,"Гипотеза: роль не определена. 1 плательщик: 300 тыс ₸; 5 получателей: 2,24 млн ₸. Источник средств вне выборки."
"100000004722630100","peripheral",0.2,47,0.469235,"Гипотеза: роль не определена. Плательщиков: 1; получено 340 тыс ₸. Обрыв 4-го колена: исходящие неизвестны."
"100000004722765100","peripheral",0.2,44,0.374092,"Гипотеза: роль не определена. 1 плательщик: 230 тыс ₸; 3 получателя: 2,28 млн ₸. Источник средств вне выборки."
"100000004723755100","peripheral",0.2,2,0.093055,"Гипотеза: роль не определена. 0 плательщиков: 0 ₸; 1 получатель: 95 тыс ₸. Источник средств вне выборки."
"100000004726132100","terminal",0.55,0,0.601839,"Гипотеза: конечный получатель за период. 1 плательщик: 349 тыс ₸; 1 получатель: 24 тыс ₸. Отдано дальше 7% наблюдаемого входа."
"100000004732589100","terminal",0.55,7,0.444975,"Гипотеза: конечный получатель за период. 1 плательщик: 227,52 тыс ₸; 0 получателей: 0 ₸. Отдано дальше 0% наблюдаемого входа."
"100000004737477100","transit",0.7000000000000001,0,0.644897,"Гипотеза: транзит. 2 плательщика: 49,6 тыс ₸; 1 получатель: 40,5 тыс ₸. Отдано дальше 82% наблюдаемого входа."
"100000004737764100","terminal",0.55,2,0.50526,"Гипотеза: конечный получатель за период. 1 плательщик: 600 тыс ₸; 0 получателей: 0 ₸. Отдано дальше 0% наблюдаемого входа."
"100000004739664100","transit",0.65,1,0.410375,"Гипотеза: транзит. 1 плательщик: 12 тыс ₸; 1 получатель: 10 тыс ₸. Отдано дальше 83% наблюдаемого входа."
"100000004741837100","terminal",0.55,4,0.359679,"Гипотеза: конечный получатель за период. 1 плательщик: 25,6 тыс ₸; 0 получателей: 0 ₸. Отдано дальше 0% наблюдаемого входа."
"100000004744306100","peripheral",0.2,19,0.384741,"Гипотеза: роль не определена. 1 плательщик: 69 тыс ₸; 2 получателя: 92 тыс ₸. Источник средств вне выборки."
"100000004746397100","terminal",0.55,5,0.688885,"Гипотеза: конечный получатель за период. 1 плательщик: 219,52 тыс ₸; 1 получатель: 7,5 тыс ₸. Отдано дальше 3% наблюдаемого входа."
"100000004747154100","peripheral",0.2,49,0.374204,"Гипотеза: роль не определена. Плательщиков: 1; получено 67 тыс ₸. Обрыв 4-го колена: исходящие неизвестны."
"100000004750321100","terminal",0.55,7,0.639289,"Гипотеза: конечный получатель за период. 2 плательщика: 50,19 тыс ₸; 0 получателей: 0 ₸. Отдано дальше 0% наблюдаемого входа."
"100000004750897100","peripheral",0.2,15,0.423721,"Гипотеза: роль не определена. 1 плательщик: 10 тыс ₸; 0 получателей: 0 ₸. Отдано дальше 0% наблюдаемого входа."
"100000004756901100","terminal",0.55,4,0.567878,"Гипотеза: конечный получатель за период. 1 плательщик: 153,25 тыс ₸; 0 получателей: 0 ₸. Отдано дальше 0% наблюдаемого входа."
"100000004759121100","consolidator",0.72,0,0.913852,"Гипотеза: признаки консолидации. 6 плательщиков: 710 тыс ₸; 2 получателя: 312 тыс ₸. Отдано дальше 44% наблюдаемого входа."
"100000004765639100","peripheral",0.2,0,0.495278,"Гипотеза: роль не определена. 1 плательщик: 5 тыс ₸; 2 получателя: 11 тыс ₸."
"100000004770073100","transit",0.8,0,0.37629,"Гипотеза: транзит. 1 плательщик: 5,46 тыс ₸; 1 получатель: 5,47 тыс ₸. Отдано дальше 100% наблюдаемого входа."
"100000004777215100","peripheral",0.2,20,0.47731,"Гипотеза: роль не определена. Плательщиков: 1; получено 60 тыс ₸. Обрыв 4-го колена: исходящие неизвестны."
"100000004779204100","peripheral",0.2,0,0.551492,"Гипотеза: роль не определена. 1 плательщик: 30,45 тыс ₸; 1 получатель: 20 тыс ₸. Отдано дальше 66% наблюдаемого входа."
"100000004780083100","peripheral",0.2,58,0.234029,"Гипотеза: роль не определена. Плательщиков: 1; получено 10 тыс ₸. Обрыв 4-го колена: исходящие неизвестны."
"100000004780327100","peripheral",0.2,7,0.240287,"Гипотеза: роль не определена. Плательщиков: 1; получено 12 тыс ₸. Обрыв 4-го колена: исходящие неизвестны."
"100000004783447100","terminal",0.55,1,0.281483,"Гипотеза: конечный получатель за период. 1 плательщик: 26,2 тыс ₸; 0 получателей: 0 ₸. Отдано дальше 0% наблюдаемого входа."
"100000004784224100","peripheral",0.2,22,0.27205,"Гипотеза: роль не определена. 1 плательщик: 23,5 тыс ₸; 1 получатель: 100 тыс ₸. Источник средств вне выборки."
"100000004788983100","peripheral",0.2,0,0.420794,"Гипотеза: роль не определена. Плательщиков: 1; получено 27 тыс ₸. Обрыв 4-го колена: исходящие неизвестны."
"100000004790991100","terminal",0.55,4,0.517687,"Гипотеза: конечный получатель за период. 1 плательщик: 239,41 тыс ₸; 0 получателей: 0 ₸. Отдано дальше 0% наблюдаемого входа."
"100000004791226100","peripheral",0.2,0,0.417665,"Гипотеза: роль не определена. Плательщиков: 1; получено 20 тыс ₸. Обрыв 4-го колена: исходящие неизвестны."
"100000004792397100","terminal",0.55,1,0.358973,"Гипотеза: конечный получатель за период. 1 плательщик: 73,52 тыс ₸; 0 получателей: 0 ₸. Отдано дальше 0% наблюдаемого входа."
"100000004797167100","peripheral",0.2,3,0.356909,"Гипотеза: роль не определена. Плательщиков: 1; получено 31 тыс ₸. Обрыв 4-го колена: исходящие неизвестны."
"100000004798515100","peripheral",0.2,10,0.435947,"Гипотеза: роль не определена. Плательщиков: 1; получено 200 тыс ₸. Обрыв 4-го колена: исходящие неизвестны."
"100000004800452100","peripheral",0.2,5,0.42592,"Гипотеза: роль не определена. Плательщиков: 1; получено 6,54 тыс ₸. Обрыв 4-го колена: исходящие неизвестны."
"100000004800648100","peripheral",0.2,10,0.408703,"Гипотеза: роль не определена. Плательщиков: 1; получено 131 тыс ₸. Обрыв 4-го колена: исходящие неизвестны."
"100000004806903100","peripheral",0.2,2,0.493046,"Гипотеза: роль не определена. 1 плательщик: 18 тыс ₸; 0 получателей: 0 ₸. Отдано дальше 0% наблюдаемого входа."
"100000004813068100","peripheral",0.2,22,0.181202,"Гипотеза: роль не определена. 0 плательщиков: 0 ₸; 3 получателя: 297 тыс ₸. Источник средств вне выборки."
"100000004816564100","terminal",0.55,15,0.742833,"Гипотеза: конечный получатель за период. 1 плательщик: 285,48 тыс ₸; 1 получатель: 5 тыс ₸. Отдано дальше 2% наблюдаемого входа."
"100000004820260100","transit",0.8,15,0.859612,"Гипотеза: транзит. 1 плательщик: 234,2 тыс ₸; 3 получателя: 215,35 тыс ₸. Отдано дальше 92% наблюдаемого входа."
"100000004825069100","terminal",0.55,1,0.300359,"Гипотеза: конечный получатель за период. 1 плательщик: 30 тыс ₸; 0 получателей: 0 ₸. Отдано дальше 0% наблюдаемого входа."
"100000004840086100","peripheral",0.2,0,0.420559,"Гипотеза: роль не определена. Плательщиков: 1; получено 100 тыс ₸. Обрыв 4-го колена: исходящие неизвестны."
"100000004841728100","terminal",0.55,1,0.33598,"Гипотеза: конечный получатель за период. 1 плательщик: 52,21 тыс ₸; 0 получателей: 0 ₸. Отдано дальше 0% наблюдаемого входа."
"100000004847758100","coordinator",0.7972642348754448,2,0.817844,"Гипотеза: координация. 4 плательщика: 115,17 тыс ₸; 15 получателей: 488,8 тыс ₸. В 6 хабов направлено 28% выхода. Источник средств вне выборки."
"100000004848236100","peripheral",0.2,0,0.34096,"Гипотеза: роль не определена. Плательщиков: 1; получено 7,5 тыс ₸. Обрыв 4-го колена: исходящие неизвестны."
"100000004850609100","peripheral",0.2,0,0.26061,"Гипотеза: роль не определена. Плательщиков: 1; получено 10 тыс ₸. Обрыв 4-го колена: исходящие неизвестны."
"100000004856746100","peripheral",0.2,32,0.280776,"Гипотеза: роль не определена. Плательщиков: 1; получено 20 тыс ₸. Обрыв 4-го колена: исходящие неизвестны."
"100000004877085100","peripheral",0.2,12,0.36739,"Гипотеза: роль не определена. 1 плательщик: 25 тыс ₸; 3 получателя: 95,6 тыс ₸. Источник средств вне выборки."
"100000004889043100","terminal",0.55,0,0.707817,"Гипотеза: конечный получатель за период. 2 плательщика: 272 тыс ₸; 0 получателей: 0 ₸. Отдано дальше 0% наблюдаемого входа."
"100000004890713100","peripheral",0.2,7,0.415781,"Гипотеза: роль не определена. Плательщиков: 1; получено 40,48 тыс ₸. Обрыв 4-го колена: исходящие неизвестны."
"100000004891562100","peripheral",0.2,7,0.400673,"Гипотеза: роль не определена. Плательщиков: 1; получено 103,4 тыс ₸. Обрыв 4-го колена: исходящие неизвестны."
"100000004892144100","terminal",0.55,22,0.831842,"Гипотеза: конечный получатель за период. 2 плательщика: 4,5 млн ₸; 1 получатель: 180,3 тыс ₸. Отдано дальше 4% наблюдаемого входа."
"100000004904960100","terminal",0.55,0,0.682907,"Гипотеза: конечный получатель за период. 2 плательщика: 32 тыс ₸; 0 получателей: 0 ₸. Отдано дальше 0% наблюдаемого входа."
"100000004905207100","terminal",0.55,14,0.606348,"Гипотеза: конечный получатель за период. 1 плательщик: 380 тыс ₸; 0 получателей: 0 ₸. Отдано дальше 0% наблюдаемого входа."
"100000004906181100","peripheral",0.2,34,0.42025,"Гипотеза: роль не определена. 1 плательщик: 100 тыс ₸; 7 получателей: 2,47 млн ₸. Источник средств вне выборки."
"100000004908173100","peripheral",0.2,9,0.301839,"Гипотеза: роль не определена. Плательщиков: 1; получено 21 тыс ₸. Обрыв 4-го колена: исходящие неизвестны."
"100000004911971100","peripheral",0.2,34,0.426043,"Гипотеза: роль не определена. Плательщиков: 1; получено 35 тыс ₸. Обрыв 4-го колена: исходящие неизвестны."
"100000004917367100","terminal",0.55,5,0.663549,"Гипотеза: конечный получатель за период. 2 плательщика: 120 тыс ₸; 0 получателей: 0 ₸. Отдано дальше 0% наблюдаемого входа."
"100000004921657100","peripheral",0.2,2,0.290405,"Гипотеза: роль не определена. 1 плательщик: 8,3 тыс ₸; 1 получатель: 22,19 тыс ₸. Источник средств вне выборки."
"100000004931931100","peripheral",0.2,0,0.291818,"Гипотеза: роль не определена. 1 плательщик: 23,94 тыс ₸; 1 получатель: 45 тыс ₸. Источник средств вне выборки."
"100000004948177100","terminal",0.55,4,0.764749,"Гипотеза: конечный получатель за период. 3 плательщика: 437,16 тыс ₸; 0 получателей: 0 ₸. Отдано дальше 0% наблюдаемого входа."
"100000004950490100","peripheral",0.2,6,0.26882,"Гипотеза: роль не определена. 1 плательщик: 10 тыс ₸; 0 получателей: 0 ₸. Отдано дальше 0% наблюдаемого входа."
"100000004959752100","terminal",0.55,3,0.504767,"Гипотеза: конечный получатель за период. 1 плательщик: 22,2 тыс ₸; 0 получателей: 0 ₸. Отдано дальше 0% наблюдаемого входа."
"100000004962193100","consolidator",0.76,0,0.904071,"Гипотеза: признаки консолидации. 8 плательщиков: 900,47 тыс ₸; 0 получателей: 0 ₸. Отдано дальше 0% наблюдаемого входа."
"100000004970752100","peripheral",0.2,0,0.303365,"Гипотеза: роль не определена. 1 плательщик: 10 тыс ₸; 0 получателей: 0 ₸. Отдано дальше 0% наблюдаемого входа."
"100000004971871100","peripheral",0.2,57,0.314246,"Гипотеза: роль не определена. 1 плательщик: 25,4 тыс ₸; 1 получатель: 5,65 тыс ₸. Входящие исходного клиента неполны."
"100000004975919100","peripheral",0.2,3,0.497308,"Гипотеза: роль не определена. 1 плательщик: 22,35 тыс ₸; 2 получателя: 15 тыс ₸. Отдано дальше 67% наблюдаемого входа."
"100000004976946100","peripheral",0.2,38,0.524933,"Гипотеза: роль не определена. Плательщиков: 1; получено 246 тыс ₸. Обрыв 4-го колена: исходящие неизвестны."
"100000004979264100","peripheral",0.2,9,0.355518,"Гипотеза: роль не определена. Плательщиков: 1; получено 39,8 тыс ₸. Обрыв 4-го колена: исходящие неизвестны."
"100000004979283100","terminal",0.55,7,0.324024,"Гипотеза: конечный получатель за период. 1 плательщик: 40,13 тыс ₸; 0 получателей: 0 ₸. Отдано дальше 0% наблюдаемого входа."
"100000004979498100","peripheral",0.2,51,0.673632,"Гипотеза: роль не определена. 1 плательщик: 700 тыс ₸; 1 получатель: 200 тыс ₸. Отдано дальше 29% наблюдаемого входа."
"100000004981068100","peripheral",0.2,3,0.370043,"Гипотеза: роль не определена. Плательщиков: 1; получено 10 тыс ₸. Обрыв 4-го колена: исходящие неизвестны."
"100000004984689100","terminal",0.55,3,0.336922,"Гипотеза: конечный получатель за период. 1 плательщик: 53,03 тыс ₸; 0 получателей: 0 ₸. Отдано дальше 0% наблюдаемого входа."
"100000004988240100","peripheral",0.2,0,0.413717,"Гипотеза: роль не определена. Плательщиков: 1; получено 20 тыс ₸. Обрыв 4-го колена: исходящие неизвестны."
"100000004991593100","peripheral",0.2,3,0.489794,"Гипотеза: роль не определена. Плательщиков: 1; получено 45 тыс ₸. Обрыв 4-го колена: исходящие неизвестны."
"100000004991812100","peripheral",0.2,21,0.364255,"Гипотеза: роль не определена. 1 плательщик: 10 тыс ₸; 0 получателей: 0 ₸. Отдано дальше 0% наблюдаемого входа."
"100000004993576100","terminal",0.55,15,0.557436,"Гипотеза: конечный получатель за период. 1 плательщик: 167 тыс ₸; 0 получателей: 0 ₸. Отдано дальше 0% наблюдаемого входа."
"100000004997515100","terminal",0.55,8,0.896534,"Гипотеза: конечный получатель за период. 4 плательщика: 395 тыс ₸; 4 получателя: 54,5 тыс ₸. Отдано дальше 14% наблюдаемого входа."
"100000005008589100","terminal",0.55,0,0.329655,"Гипотеза: конечный получатель за период. 1 плательщик: 42,81 тыс ₸; 0 получателей: 0 ₸. Отдано дальше 0% наблюдаемого входа."
"100000005010159100","peripheral",0.2,3,0.292441,"Гипотеза: роль не определена. Плательщиков: 1; получено 7,09 тыс ₸. Обрыв 4-го колена: исходящие неизвестны."
"100000005017150100","peripheral",0.2,75,0.0,"Гипотеза: роль не определена. 0 плательщиков: 0 ₸; 0 получателей: 0 ₸. Входящие исходного клиента неполны."
"100000005022552100","terminal",0.55,4,0.688863,"Гипотеза: конечный получатель за период. 1 плательщик: 241 тыс ₸; 1 получатель: 5 тыс ₸. Отдано дальше 2% наблюдаемого входа."
"100000005022964100","terminal",0.55,2,0.462293,"Гипотеза: конечный получатель за период. 1 плательщик: 20 тыс ₸; 0 получателей: 0 ₸. Отдано дальше 0% наблюдаемого входа."
"100000005025629100","peripheral",0.2,5,0.383659,"Гипотеза: роль не определена. Плательщиков: 1; получено 5,23 тыс ₸. Обрыв 4-го колена: исходящие неизвестны."
"100000005030592100","peripheral",0.2,15,0.357795,"Гипотеза: роль не определена. 1 плательщик: 10 тыс ₸; 0 получателей: 0 ₸. Отдано дальше 0% наблюдаемого входа."
"100000005031696100","peripheral",0.2,48,0.395867,"Гипотеза: роль не определена. 1 плательщик: 5 тыс ₸; 2 получателя: 115 тыс ₸. Источник средств вне выборки."
"100000005032294100","peripheral",0.2,14,0.416117,"Гипотеза: роль не определена. 1 плательщик: 10 тыс ₸; 0 получателей: 0 ₸. Отдано дальше 0% наблюдаемого входа."
"100000005034574100","terminal",0.55,63,0.454217,"Гипотеза: конечный получатель за период. 1 плательщик: 258,82 тыс ₸; 0 получателей: 0 ₸. Отдано дальше 0% наблюдаемого входа."
"100000005037490100","peripheral",0.2,12,0.318304,"Гипотеза: роль не определена. 1 плательщик: 15 тыс ₸; 2 получателя: 30 тыс ₸. Источник средств вне выборки."
"100000005041147100","peripheral",0.2,0,0.383995,"Гипотеза: роль не определена. Плательщиков: 1; получено 10 тыс ₸. Обрыв 4-го колена: исходящие неизвестны."
"100000005041905100","peripheral",0.2,1,0.291409,"Гипотеза: роль не определена. 1 плательщик: 5 тыс ₸; 1 получатель: 1,08 млн ₸. Источник средств вне выборки."
"100000005042822100","peripheral",0.2,30,0.499697,"Гипотеза: роль не определена. Плательщиков: 1; получено 1 млн ₸. Обрыв 4-го колена: исходящие неизвестны."
"100000005048668100","distributor",0.6599999999999999,3,0.796994,"Гипотеза: веерная раздача. 2 плательщика: 16,67 тыс ₸; 8 получателей: 159,4 тыс ₸. Источник средств вне выборки."
"100000005049404100","peripheral",0.2,5,0.520379,"Гипотеза: роль не определена. Плательщиков: 1; получено 98 тыс ₸. Обрыв 4-го колена: исходящие неизвестны."
"100000005052998100","peripheral",0.2,0,0.264205,"Гипотеза: роль не определена. 1 плательщик: 9,5 тыс ₸; 1 получатель: 28,4 тыс ₸. Источник средств вне выборки."
"100000005053653100","peripheral",0.2,12,0.740781,"Гипотеза: роль не определена. 2 плательщика: 63,07 тыс ₸; 1 получатель: 25 тыс ₸. Отдано дальше 40% наблюдаемого входа."
"100000005055454100","peripheral",0.2,28,0.279632,"Гипотеза: роль не определена. 1 плательщик: 6,5 тыс ₸; 0 получателей: 0 ₸. Отдано дальше 0% наблюдаемого входа."
"100000005056870100","terminal",0.55,43,0.284702,"Гипотеза: конечный получатель за период. 1 плательщик: 20 тыс ₸; 0 получателей: 0 ₸. Отдано дальше 0% наблюдаемого входа."
"100000005059998100","peripheral",0.2,0,0.269168,"Гипотеза: роль не определена. 1 плательщик: 18 тыс ₸; 0 получателей: 0 ₸. Отдано дальше 0% наблюдаемого входа."
"100000005061890100","terminal",0.55,2,0.412349,"Гипотеза: конечный получатель за период. 1 плательщик: 90 тыс ₸; 0 получателей: 0 ₸. Отдано дальше 0% наблюдаемого входа."
"100000005074393100","peripheral",0.2,12,0.48086,"Гипотеза: роль не определена. 4 плательщика: 563,03 тыс ₸; 6 получателей: 685,5 тыс ₸. Источник средств вне выборки."
"100000005075949100","peripheral",0.2,44,0.529498,"Гипотеза: роль не определена. Плательщиков: 1; получено 2,23 млн ₸. Обрыв 4-го колена: исходящие неизвестны."
"100000005077484100","terminal",0.55,28,0.643024,"Гипотеза: конечный получатель за период. 1 плательщик: 150 тыс ₸; 2 получателя: 13,55 тыс ₸. Отдано дальше 9% наблюдаемого входа."
"100000005079473100","peripheral",0.2,3,0.339614,"Гипотеза: роль не определена. Плательщиков: 1; получено 39,31 тыс ₸. Обрыв 4-го колена: исходящие неизвестны."
"100000005079754100","peripheral",0.2,2,0.383395,"Гипотеза: роль не определена. 1 плательщик: 70 тыс ₸; 2 получателя: 122 тыс ₸. Источник средств вне выборки."
"100000005082652100","terminal",0.55,6,0.340422,"Гипотеза: конечный получатель за период. 1 плательщик: 30 тыс ₸; 0 получателей: 0 ₸. Отдано дальше 0% наблюдаемого входа."
"100000005087431100","peripheral",0.2,76,0.0,"Гипотеза: роль не определена. 0 плательщиков: 0 ₸; 0 получателей: 0 ₸. Входящие исходного клиента неполны."
"100000005087923100","peripheral",0.2,26,0.317833,"Гипотеза: роль не определена. Плательщиков: 1; получено 20 тыс ₸. Обрыв 4-го колена: исходящие неизвестны."
"100000005089460100","peripheral",0.2,1,0.22463,"Гипотеза: роль не определена. 1 плательщик: 12,3 тыс ₸; 0 получателей: 0 ₸. Отдано дальше 0% наблюдаемого входа."
"100000005092518100","terminal",0.55,1,0.280182,"Гипотеза: конечный получатель за период. 1 плательщик: 26,14 тыс ₸; 0 получателей: 0 ₸. Отдано дальше 0% наблюдаемого входа."
"100000005093521100","peripheral",0.2,2,0.400774,"Гипотеза: роль не определена. 1 плательщик: 15,2 тыс ₸; 0 получателей: 0 ₸. Отдано дальше 0% наблюдаемого входа."
"100000005100475100","terminal",0.55,6,0.34437,"Гипотеза: конечный получатель за период. 1 плательщик: 40 тыс ₸; 0 получателей: 0 ₸. Отдано дальше 0% наблюдаемого входа."
"100000005105153100","terminal",0.55,0,0.475179,"Гипотеза: конечный получатель за период. 1 плательщик: 30 тыс ₸; 0 получателей: 0 ₸. Отдано дальше 0% наблюдаемого входа."
"100000005124479100","terminal",0.55,0,0.786563,"Гипотеза: конечный получатель за период. 2 плательщика: 137,75 тыс ₸; 2 получателя: 22 тыс ₸. Отдано дальше 16% наблюдаемого входа."
"100000005127767100","peripheral",0.2,36,0.275079,"Гипотеза: роль не определена. 1 плательщик: 7 тыс ₸; 0 получателей: 0 ₸. Отдано дальше 0% наблюдаемого входа."
"100000005133757100","terminal",0.55,3,0.667272,"Гипотеза: конечный получатель за период. 2 плательщика: 65 тыс ₸; 0 получателей: 0 ₸. Отдано дальше 0% наблюдаемого входа."
"100000005140601100","peripheral",0.2,3,0.357571,"Гипотеза: роль не определена. 3 плательщика: 52,69 тыс ₸; 2 получателя: 195,3 тыс ₸. Источник средств вне выборки."
"100000005142492100","peripheral",0.2,6,0.284141,"Гипотеза: роль не определена. 1 плательщик: 10 тыс ₸; 1 получатель: 57 тыс ₸. Источник средств вне выборки."
"100000005142589100","terminal",0.55,0,0.437786,"Гипотеза: конечный получатель за период. 1 плательщик: 50 тыс ₸; 0 получателей: 0 ₸. Отдано дальше 0% наблюдаемого входа."
"100000005146665100","peripheral",0.2,56,0.20157,"Гипотеза: роль не определена. Плательщиков: 1; получено 5,5 тыс ₸. Обрыв 4-го колена: исходящие неизвестны."
"100000005168487100","peripheral",0.2,11,0.380328,"Гипотеза: роль не определена. 1 плательщик: 15 тыс ₸; 1 получатель: 103,51 тыс ₸. Источник средств вне выборки."
"100000005171642100","transit",0.725,26,0.729116,"Гипотеза: транзит. 2 плательщика: 696,8 тыс ₸; 1 получатель: 683,6 тыс ₸. Отдано дальше 98% наблюдаемого входа."
"100000005172860100","peripheral",0.2,0,0.250157,"Гипотеза: роль не определена. 1 плательщик: 15,21 тыс ₸; 0 получателей: 0 ₸. Отдано дальше 0% наблюдаемого входа."
"100000005175148100","terminal",0.55,15,0.759175,"Гипотеза: конечный получатель за период. 2 плательщика: 79 тыс ₸; 1 получатель: 15 тыс ₸. Отдано дальше 19% наблюдаемого входа."
"100000005182219100","terminal",0.55,5,0.659567,"Гипотеза: конечный получатель за период. 2 плательщика: 55 тыс ₸; 0 получателей: 0 ₸. Отдано дальше 0% наблюдаемого входа."
"100000005183943100","terminal",0.55,41,0.505922,"Гипотеза: конечный получатель за период. 1 плательщик: 680,9 тыс ₸; 0 получателей: 0 ₸. Отдано дальше 0% наблюдаемого входа."
"100000005186109100","peripheral",0.2,15,0.419392,"Гипотеза: роль не определена. 1 плательщик: 5 тыс ₸; 0 получателей: 0 ₸. Отдано дальше 0% наблюдаемого входа."
"100000005186131100","transit",0.8,0,0.489446,"Гипотеза: транзит. 1 плательщик: 10 тыс ₸; 1 получатель: 10 тыс ₸. Отдано дальше 100% наблюдаемого входа."
"100000005187208100","peripheral",0.2,5,0.272028,"Гипотеза: роль не определена. 1 плательщик: 14,16 тыс ₸; 0 получателей: 0 ₸. Отдано дальше 0% наблюдаемого входа."
"100000005189258100","peripheral",0.2,5,0.351054,"Гипотеза: роль не определена. Плательщиков: 1; получено 50 тыс ₸. Обрыв 4-го колена: исходящие неизвестны."
"100000005198498100","terminal",0.55,1,0.282616,"Гипотеза: конечный получатель за период. 1 плательщик: 28,8 тыс ₸; 0 получателей: 0 ₸. Отдано дальше 0% наблюдаемого входа."
"100000005198906100","peripheral",0.2,5,0.70028,"Гипотеза: роль не определена. 1 плательщик: 227,97 тыс ₸; 1 получатель: 60 тыс ₸. Отдано дальше 26% наблюдаемого входа."
"100000005203590100","terminal",0.55,6,0.371478,"Гипотеза: конечный получатель за период. 1 плательщик: 90 тыс ₸; 0 получателей: 0 ₸. Отдано дальше 0% наблюдаемого входа."
"100000005205745100","peripheral",0.2,6,0.384522,"Гипотеза: роль не определена. 1 плательщик: 6 тыс ₸; 0 получателей: 0 ₸. Отдано дальше 0% наблюдаемого входа."
"100000005209352100","peripheral",0.2,0,0.358468,"Гипотеза: роль не определена. Плательщиков: 1; получено 5 тыс ₸. Обрыв 4-го колена: исходящие неизвестны."
"100000005222360100","peripheral",0.2,14,0.258075,"Гипотеза: роль не определена. 1 плательщик: 5 тыс ₸; 1 получатель: 27 тыс ₸. Источник средств вне выборки."
"100000005226217100","peripheral",0.2,8,0.394527,"Гипотеза: роль не определена. Плательщиков: 1; получено 17,5 тыс ₸. Обрыв 4-го колена: исходящие неизвестны."
"100000005228059100","terminal",0.55,1,0.27952,"Гипотеза: конечный получатель за период. 1 плательщик: 26 тыс ₸; 0 получателей: 0 ₸. Отдано дальше 0% наблюдаемого входа."
"100000005233755100","terminal",0.55,16,0.444504,"Гипотеза: конечный получатель за период. 1 плательщик: 25 тыс ₸; 1 получатель: 5 тыс ₸. Отдано дальше 20% наблюдаемого входа."
"100000005235389100","peripheral",0.2,77,0.0,"Гипотеза: роль не определена. 0 плательщиков: 0 ₸; 0 получателей: 0 ₸. Входящие исходного клиента неполны."
"100000005237935150","terminal",0.55,13,0.311485,"Гипотеза: конечный получатель за период. 1 плательщик: 34,51 тыс ₸; 0 получателей: 0 ₸. Отдано дальше 0% наблюдаемого входа."
"100000005241556100","terminal",0.55,17,0.422308,"Гипотеза: конечный получатель за период. 1 плательщик: 100 тыс ₸; 0 получателей: 0 ₸. Отдано дальше 0% наблюдаемого входа."
"100000005242320100","distributor",0.7575,13,0.882268,"Гипотеза: веерная раздача. 2 плательщика: 365,7 тыс ₸; 21 получатель: 8,94 млн ₸. Источник средств вне выборки."
"100000005264874100","peripheral",0.2,35,0.306786,"Гипотеза: роль не определена. 1 плательщик: 30 тыс ₸; 2 получателя: 78 тыс ₸. Источник средств вне выборки."
"100000005264990100","peripheral",0.2,19,0.247398,"Гипотеза: роль не определена. 1 плательщик: 17,07 тыс ₸; 2 получателя: 122 тыс ₸. Источник средств вне выборки."
"100000005265073100","peripheral",0.2,19,0.503589,"Гипотеза: роль не определена. 1 плательщик: 5 тыс ₸; 1 получатель: 9 тыс ₸."
"100000005268319100","peripheral",0.2,0,0.306886,"Гипотеза: роль не определена. 1 плательщик: 19,71 тыс ₸; 5 получателей: 91 тыс ₸. Источник средств вне выборки."
"100000005272139100","peripheral",0.2,4,0.453555,"Гипотеза: роль не определена. Плательщиков: 1; получено 165 тыс ₸. Обрыв 4-го колена: исходящие неизвестны."
"100000005287097100","distributor",0.6675,4,0.860285,"Гипотеза: веерная раздача. 2 плательщика: 127,17 тыс ₸; 9 получателей: 697,3 тыс ₸. Источник средств вне выборки."
"100000005293969100","peripheral",0.2,0,0.278421,"Гипотеза: роль не определена. Плательщиков: 1; получено 5,47 тыс ₸. Обрыв 4-го колена: исходящие неизвестны."
"100000005308954100","peripheral",0.2,4,0.554262,"Гипотеза: роль не определена. 1 плательщик: 69,02 тыс ₸; 1 получатель: 30 тыс ₸. Отдано дальше 43% наблюдаемого входа."
"100000005314565100","terminal",0.55,0,0.441252,"Гипотеза: конечный получатель за период. 1 плательщик: 218,5 тыс ₸; 0 получателей: 0 ₸. Отдано дальше 0% наблюдаемого входа."
"100000005316708100","peripheral",0.2,6,0.313223,"Гипотеза: роль не определена. 1 плательщик: 90 тыс ₸; 2 получателя: 257,5 тыс ₸. Источник средств вне выборки."
"100000005317181100","terminal",0.55,0,0.658558,"Гипотеза: конечный получатель за период. 1 плательщик: 141,25 тыс ₸; 1 получатель: 14,5 тыс ₸. Отдано дальше 10% наблюдаемого входа."
"100000005326681100","terminal",0.55,15,0.438751,"Гипотеза: конечный получатель за период. 1 плательщик: 31,23 тыс ₸; 0 получателей: 0 ₸. Отдано дальше 0% наблюдаемого входа."
"100000005328215100","terminal",0.55,7,0.298217,"Гипотеза: конечный получатель за период. 1 плательщик: 27 тыс ₸; 0 получателей: 0 ₸. Отдано дальше 0% наблюдаемого входа."
"100000005339662100","peripheral",0.2,15,0.448536,"Гипотеза: роль не определена. 4 плательщика: 202,94 тыс ₸; 4 получателя: 295,16 тыс ₸. Источник средств вне выборки."
"100000005342513100","terminal",0.55,1,0.631965,"Гипотеза: конечный получатель за период. 1 плательщик: 235 тыс ₸; 1 получатель: 30 тыс ₸. Отдано дальше 13% наблюдаемого входа."
"100000005357034100","peripheral",0.2,0,0.300325,"Гипотеза: роль не определена. 1 плательщик: 9,75 тыс ₸; 0 получателей: 0 ₸. Отдано дальше 0% наблюдаемого входа."
"100000005357705100","peripheral",0.2,3,0.334847,"Гипотеза: роль не определена. 1 плательщик: 52,59 тыс ₸; 4 получателя: 387,08 тыс ₸. Источник средств вне выборки."
"100000005360814100","peripheral",0.2,3,0.426267,"Гипотеза: роль не определена. Плательщиков: 1; получено 144 тыс ₸. Обрыв 4-го колена: исходящие неизвестны."
"100000005362848100","terminal",0.55,7,0.298632,"Гипотеза: конечный получатель за период. 1 плательщик: 29 тыс ₸; 0 получателей: 0 ₸. Отдано дальше 0% наблюдаемого входа."
"100000005363908100","transit",0.8,46,0.496658,"Гипотеза: транзит. 1 плательщик: 19,5 тыс ₸; 1 получатель: 19,5 тыс ₸. Отдано дальше 100% наблюдаемого входа."
"100000005367180100","peripheral",0.2,3,0.296669,"Гипотеза: роль не определена. Плательщиков: 1; получено 7,7 тыс ₸. Обрыв 4-го колена: исходящие неизвестны."
"100000005367284100","peripheral",0.2,0,0.307829,"Гипотеза: роль не определена. 1 плательщик: 13,7 тыс ₸; 2 получателя: 48,3 тыс ₸. Источник средств вне выборки."
"100000005367445100","transit",0.8,9,0.463302,"Гипотеза: транзит. 1 плательщик: 5 тыс ₸; 1 получатель: 5 тыс ₸. Отдано дальше 100% наблюдаемого входа."
"100000005370558100","peripheral",0.2,0,0.231696,"Гипотеза: роль не определена. Плательщиков: 1; получено 5 тыс ₸. Обрыв 4-го колена: исходящие неизвестны."
"100000005370580100","peripheral",0.2,12,0.285425,"Гипотеза: роль не определена. 1 плательщик: 24,07 тыс ₸; 0 получателей: 0 ₸. Входящие исходного клиента неполны."
"100000005375968100","peripheral",0.2,0,0.701806,"Гипотеза: роль не определена. 1 плательщик: 170,08 тыс ₸; 2 получателя: 86 тыс ₸. Отдано дальше 51% наблюдаемого входа."
"100000005382566100","consolidator",0.74,19,0.938044,"Гипотеза: признаки консолидации. 7 плательщиков: 393,07 тыс ₸; 1 получатель: 50 тыс ₸. Входящие исходного клиента неполны."
"100000005386383100","peripheral",0.2,19,0.529302,"Гипотеза: роль не определена. 2 плательщика: 37,5 тыс ₸; 1 получатель: 29 тыс ₸. Входящие исходного клиента неполны."
"100000005392290100","peripheral",0.2,67,0.089404,"Гипотеза: роль не определена. 0 плательщиков: 0 ₸; 1 получатель: 81,47 тыс ₸. Источник средств вне выборки."
"100000005394708100","peripheral",0.2,19,0.273419,"Гипотеза: роль не определена. 1 плательщик: 26 тыс ₸; 1 получатель: 65 тыс ₸. Источник средств вне выборки."
"100000005395727100","peripheral",0.2,15,0.304652,"Гипотеза: роль не определена. 1 плательщик: 17 тыс ₸; 0 получателей: 0 ₸. Входящие исходного клиента неполны."
"100000005402643100","peripheral",0.2,8,0.561799,"Гипотеза: роль не определена. 1 плательщик: 127,8 тыс ₸; 1 получатель: 90 тыс ₸. Отдано дальше 70% наблюдаемого входа."
"100000005409156100","terminal",0.55,5,0.743506,"Гипотеза: конечный получатель за период. 2 плательщика: 260,08 тыс ₸; 0 получателей: 0 ₸. Отдано дальше 0% наблюдаемого входа."
"100000005409680100","peripheral",0.2,18,0.499547,"Гипотеза: роль не определена. 2 плательщика: 55,06 тыс ₸; 0 получателей: 0 ₸. Входящие исходного клиента неполны."
"100000005413948100","terminal",0.55,9,0.57297,"Гипотеза: конечный получатель за период. 2 плательщика: 28,21 тыс ₸; 1 получатель: 5 тыс ₸. Отдано дальше 18% наблюдаемого входа."
"100000005417257100","peripheral",0.2,19,0.149245,"Гипотеза: роль не определена. 0 плательщиков: 0 ₸; 2 получателя: 106 тыс ₸. Источник средств вне выборки."
"100000005432267100","terminal",0.55,2,0.770839,"Гипотеза: конечный получатель за период. 2 плательщика: 350 тыс ₸; 0 получателей: 0 ₸. Отдано дальше 0% наблюдаемого входа."
"100000005454368100","peripheral",0.2,12,0.427576,"Гипотеза: роль не определена. 2 плательщика: 48,6 тыс ₸; 0 получателей: 0 ₸. Входящие исходного клиента неполны."
"100000005456919100","terminal",0.55,40,0.703522,"Гипотеза: конечный получатель за период. 2 плательщика: 479,95 тыс ₸; 1 получатель: 5 тыс ₸. Отдано дальше 1% наблюдаемого входа."
"100000005473151100","terminal",0.55,7,0.847723,"Гипотеза: конечный получатель за период. 3 плательщика: 1,22 млн ₸; 4 получателя: 225 тыс ₸. Отдано дальше 18% наблюдаемого входа."
"100000005474472100","terminal",0.55,22,0.421411,"Гипотеза: конечный получатель за период. 1 плательщик: 100 тыс ₸; 0 получателей: 0 ₸. Отдано дальше 0% наблюдаемого входа."
"100000005475379100","peripheral",0.2,11,0.661821,"Гипотеза: роль не определена. 1 плательщик: 108,37 тыс ₸; 3 получателя: 81 тыс ₸. Отдано дальше 75% наблюдаемого входа."
"100000005480435100","peripheral",0.2,78,0.0,"Гипотеза: роль не определена. 0 плательщиков: 0 ₸; 0 получателей: 0 ₸. Входящие исходного клиента неполны."
"100000005481280100","peripheral",0.2,15,0.357279,"Гипотеза: роль не определена. 1 плательщик: 32,7 тыс ₸; 3 получателя: 50 тыс ₸. Источник средств вне выборки."
"100000005485830100","peripheral",0.2,43,0.192775,"Гипотеза: роль не определена. 0 плательщиков: 0 ₸; 5 получателей: 275,88 тыс ₸. Источник средств вне выборки."
"100000005493505100","peripheral",0.2,12,0.54484,"Гипотеза: роль не определена. 3 плательщика: 62,02 тыс ₸; 0 получателей: 0 ₸. Входящие исходного клиента неполны."
"100000005495211100","peripheral",0.2,0,0.401346,"Гипотеза: роль не определена. Плательщиков: 1; получено 14,5 тыс ₸. Обрыв 4-го колена: исходящие неизвестны."
"100000005495722100","peripheral",0.2,79,0.0,"Гипотеза: роль не определена. 0 плательщиков: 0 ₸; 0 получателей: 0 ₸. Входящие исходного клиента неполны."
"100000005496254100","peripheral",0.2,0,0.226828,"Гипотеза: роль не определена. 1 плательщик: 12,7 тыс ₸; 0 получателей: 0 ₸. Отдано дальше 0% наблюдаемого входа."
"100000005497148100","peripheral",0.2,5,0.466364,"Гипотеза: роль не определена. Плательщиков: 1; получено 24 тыс ₸. Обрыв 4-го колена: исходящие неизвестны."
"100000005498992100","distributor",0.72,8,0.636563,"Гипотеза: веерная раздача. 0 плательщиков: 0 ₸; 16 получателей: 2,26 млн ₸. Источник средств вне выборки."
"100000005505655100","peripheral",0.2,24,0.650258,"Гипотеза: роль не определена. 2 плательщика: 33,07 тыс ₸; 1 получатель: 20 тыс ₸. Отдано дальше 60% наблюдаемого входа."
"100000005507142100","peripheral",0.2,35,0.343327,"Гипотеза: роль не определена. 3 плательщика: 51 тыс ₸; 3 получателя: 100 тыс ₸. Источник средств вне выборки."
"100000005514161100","terminal",0.55,6,0.910173,"Гипотеза: конечный получатель за период. 4 плательщика: 401,5 тыс ₸; 1 получатель: 50 тыс ₸. Отдано дальше 12% наблюдаемого входа."
"100000005519347100","peripheral",0.2,4,0.284043,"Гипотеза: роль не определена. 2 плательщика: 73,1 тыс ₸; 1 получатель: 99 тыс ₸. Источник средств вне выборки."
"100000005519998100","transit",0.70625,32,0.730103,"Гипотеза: транзит. 3 плательщика: 182 тыс ₸; 3 получателя: 188 тыс ₸. Отдано дальше 103% наблюдаемого входа."
"100000005523088100","peripheral",0.2,19,0.485753,"Гипотеза: роль не определена. 1 плательщик: 700 тыс ₸; 0 получателей: 0 ₸. Входящие исходного клиента неполны."
"100000005527892100","coordinator",0.796797153024911,17,0.893226,"Гипотеза: координация. 3 плательщика: 220 тыс ₸; 8 получателей: 552,42 тыс ₸. В 2 хаба направлено 24% выхода. Источник средств вне выборки."
"100000005530114100","terminal",0.55,16,0.636586,"Гипотеза: конечный получатель за период. 2 плательщика: 136,97 тыс ₸; 1 получатель: 25 тыс ₸. Отдано дальше 18% наблюдаемого входа."
"100000005532138100","terminal",0.55,6,0.285958,"Гипотеза: конечный получатель за период. 1 плательщик: 25,05 тыс ₸; 0 получателей: 0 ₸. Отдано дальше 0% наблюдаемого входа."
"100000005539201100","peripheral",0.2,4,0.581505,"Гипотеза: роль не определена. 1 плательщик: 45,5 тыс ₸; 1 получатель: 25 тыс ₸. Отдано дальше 55% наблюдаемого входа."
"100000005539910100","peripheral",0.2,2,0.786788,"Гипотеза: роль не определена. 1 плательщик: 102 тыс ₸; 2 получателя: 22 тыс ₸. Отдано дальше 22% наблюдаемого входа."
"100000005543136100","peripheral",0.2,12,0.100022,"Гипотеза: роль не определена. 0 плательщиков: 0 ₸; 1 получатель: 10 тыс ₸. Входящие исходного клиента неполны."
"100000005546031100","terminal",0.55,46,0.634522,"Гипотеза: конечный получатель за период. 3 плательщика: 66,8 тыс ₸; 1 получатель: 8 тыс ₸. Отдано дальше 12% наблюдаемого входа."
"100000005547096100","peripheral",0.2,46,0.335386,"Гипотеза: роль не определена. 1 плательщик: 8 тыс ₸; 2 получателя: 226,3 тыс ₸. Источник средств вне выборки."
"100000005550592100","peripheral",0.2,80,0.0,"Гипотеза: роль не определена. 0 плательщиков: 0 ₸; 0 получателей: 0 ₸. Входящие исходного клиента неполны."
"100000005553088100","peripheral",0.2,3,0.263694,"Гипотеза: роль не определена. Плательщиков: 1; получено 17,5 тыс ₸. Обрыв 4-го колена: исходящие неизвестны."
"100000005560900100","peripheral",0.2,81,0.0,"Гипотеза: роль не определена. 0 плательщиков: 0 ₸; 0 получателей: 0 ₸. Входящие исходного клиента неполны."
"100000005561741100","terminal",0.55,7,0.405541,"Гипотеза: конечный получатель за период. 1 плательщик: 25 тыс ₸; 0 получателей: 0 ₸. Отдано дальше 0% наблюдаемого входа."
"100000005567828100","peripheral",0.2,7,0.478398,"Гипотеза: роль не определена. Плательщиков: 1; получено 94 тыс ₸. Обрыв 4-го колена: исходящие неизвестны."
"100000005568407100","peripheral",0.2,82,0.0,"Гипотеза: роль не определена. 0 плательщиков: 0 ₸; 0 получателей: 0 ₸. Входящие исходного клиента неполны."
"100000005572303100","peripheral",0.2,4,0.672992,"Гипотеза: роль не определена. 1 плательщик: 75 тыс ₸; 1 получатель: 20 тыс ₸. Отдано дальше 27% наблюдаемого входа."
"100000005578559100","distributor",0.7575,7,0.856696,"Гипотеза: веерная раздача. 2 плательщика: 131 тыс ₸; 21 получатель: 893,16 тыс ₸. Источник средств вне выборки."
"100000005584222100","peripheral",0.2,0,0.705428,"Гипотеза: роль не определена. 2 плательщика: 192,72 тыс ₸; 2 получателя: 108,59 тыс ₸. Отдано дальше 56% наблюдаемого входа."
"100000005588444100","peripheral",0.2,6,0.220996,"Гипотеза: роль не определена. 1 плательщик: 12,3 тыс ₸; 0 получателей: 0 ₸. Отдано дальше 0% наблюдаемого входа."
"100000005589319100","peripheral",0.2,2,0.306842,"Гипотеза: роль не определена. Плательщиков: 1; получено 26 тыс ₸. Обрыв 4-го колена: исходящие неизвестны."
"100000005602999100","peripheral",0.2,11,0.652221,"Гипотеза: роль не определена. 1 плательщик: 5 тыс ₸; 2 получателя: 16 тыс ₸."
"100000005608515100","terminal",0.55,6,0.339076,"Гипотеза: конечный получатель за период. 1 плательщик: 64 тыс ₸; 0 получателей: 0 ₸. Отдано дальше 0% наблюдаемого входа."
"100000005610717100","peripheral",0.2,0,0.850572,"Гипотеза: роль не определена. 4 плательщика: 484,5 тыс ₸; 1 получатель: 265,2 тыс ₸. Отдано дальше 55% наблюдаемого входа."
"100000005612411100","distributor",0.6599999999999999,2,0.869729,"Гипотеза: веерная раздача. 3 плательщика: 115,5 тыс ₸; 8 получателей: 507 тыс ₸. Источник средств вне выборки."
"100000005614315100","terminal",0.55,4,0.491768,"Гипотеза: конечный получатель за период. 1 плательщик: 455 тыс ₸; 0 получателей: 0 ₸. Отдано дальше 0% наблюдаемого входа."
"100000005616568100","peripheral",0.2,5,0.619998,"Гипотеза: роль не определена. Плательщиков: 1; получено 530 тыс ₸. Обрыв 4-го колена: исходящие неизвестны."
"100000005619339100","transit",0.65,4,0.514435,"Гипотеза: транзит. 1 плательщик: 5 тыс ₸; 1 получатель: 5,44 тыс ₸. Отдано дальше 109% наблюдаемого входа."
"100000005620225100","terminal",0.55,0,0.483311,"Гипотеза: конечный получатель за период. 2 плательщика: 49,85 тыс ₸; 0 получателей: 0 ₸. Отдано дальше 0% наблюдаемого входа."
"100000005621418100","peripheral",0.2,25,0.314715,"Гипотеза: роль не определена. Плательщиков: 1; получено 30 тыс ₸. Обрыв 4-го колена: исходящие неизвестны."
"100000005628518100","terminal",0.55,18,0.403039,"Гипотеза: конечный получатель за период. 1 плательщик: 77 тыс ₸; 0 получателей: 0 ₸. Отдано дальше 0% наблюдаемого входа."
"100000005634552100","peripheral",0.2,0,0.375903,"Гипотеза: роль не определена. 1 плательщик: 25,85 тыс ₸; 3 получателя: 1,2 млн ₸. Источник средств вне выборки."
"100000005636951100","peripheral",0.2,26,0.374518,"Гипотеза: роль не определена. Плательщиков: 1; получено 40 тыс ₸. Обрыв 4-го колена: исходящие неизвестны."
"100000005660203100","terminal",0.55,4,0.844493,"Гипотеза: конечный получатель за период. 1 плательщик: 572,9 тыс ₸; 2 получателя: 41 тыс ₸. Отдано дальше 7% наблюдаемого входа."
"100000005661528100","terminal",0.55,3,0.277131,"Гипотеза: конечный получатель за период. 1 плательщик: 25 тыс ₸; 0 получателей: 0 ₸. Отдано дальше 0% наблюдаемого входа."
"100000005661829100","transit",0.7625,18,0.544123,"Гипотеза: транзит. 1 плательщик: 37,79 тыс ₸; 2 получателя: 40,36 тыс ₸. Отдано дальше 107% наблюдаемого входа."
"100000005664632100","terminal",0.55,64,0.597465,"Гипотеза: конечный получатель за период. 1 плательщик: 198,62 тыс ₸; 0 получателей: 0 ₸. Отдано дальше 0% наблюдаемого входа."
"100000005664922100","peripheral",0.2,22,0.370413,"Гипотеза: роль не определена. 2 плательщика: 22 тыс ₸; 3 получателя: 537 тыс ₸. Источник средств вне выборки."
"100000005665181100","distributor",0.6825,5,0.84723,"Гипотеза: веерная раздача. 4 плательщика: 45,5 тыс ₸; 11 получателей: 181,91 тыс ₸. Источник средств вне выборки."
"100000005667841100","terminal",0.55,9,0.659769,"Гипотеза: конечный получатель за период. 2 плательщика: 186 тыс ₸; 0 получателей: 0 ₸. Отдано дальше 0% наблюдаемого входа."
"100000005668605100","peripheral",0.2,19,0.563093,"Гипотеза: роль не определена. 3 плательщика: 94,5 тыс ₸; 0 получателей: 0 ₸. Входящие исходного клиента неполны."
"100000005669845100","terminal",0.55,28,0.295289,"Гипотеза: конечный получатель за период. 1 плательщик: 20 тыс ₸; 0 получателей: 0 ₸. Отдано дальше 0% наблюдаемого входа."
"100000005674387100","terminal",0.55,1,0.276929,"Гипотеза: конечный получатель за период. 1 плательщик: 26,2 тыс ₸; 0 получателей: 0 ₸. Отдано дальше 0% наблюдаемого входа."
"100000005685783100","peripheral",0.2,1,0.3417,"Гипотеза: роль не определена. Плательщиков: 1; получено 26,15 тыс ₸. Обрыв 4-го колена: исходящие неизвестны."
"100000005704413100","distributor",0.84,7,0.8833,"Гипотеза: веерная раздача. 3 плательщика: 97,83 тыс ₸; 32 получателя: 1,36 млн ₸. Источник средств вне выборки."
"100000005709551100","terminal",0.55,12,0.419729,"Гипотеза: конечный получатель за период. 1 плательщик: 24,56 тыс ₸; 0 получателей: 0 ₸. Отдано дальше 0% наблюдаемого входа."
"100000005711521100","peripheral",0.2,12,0.550976,"Гипотеза: роль не определена. Плательщиков: 1; получено 238 тыс ₸. Обрыв 4-го колена: исходящие неизвестны."
"100000005723580100","peripheral",0.2,9,0.339244,"Гипотеза: роль не определена. Плательщиков: 1; получено 35 тыс ₸. Обрыв 4-го колена: исходящие неизвестны."
"100000005730108100","peripheral",0.2,0,0.360117,"Гипотеза: роль не определена. 1 плательщик: 8 тыс ₸; 0 получателей: 0 ₸. Отдано дальше 0% наблюдаемого входа."
"100000005744674100","peripheral",0.2,19,0.081415,"Гипотеза: роль не определена. 0 плательщиков: 0 ₸; 1 получатель: 50,07 тыс ₸. Источник средств вне выборки."
"100000005745873100","peripheral",0.2,38,0.517755,"Гипотеза: роль не определена. Плательщиков: 1; получено 223 тыс ₸. Обрыв 4-го колена: исходящие неизвестны."
"100000005754335100","terminal",0.55,39,0.35996,"Гипотеза: конечный получатель за период. 1 плательщик: 44,04 тыс ₸; 0 получателей: 0 ₸. Отдано дальше 0% наблюдаемого входа."
"100000005756189100","peripheral",0.2,5,0.640052,"Гипотеза: роль не определена. 1 плательщик: 65 тыс ₸; 1 получатель: 49,05 тыс ₸. Отдано дальше 75% наблюдаемого входа."
"100000005756535100","terminal",0.55,1,0.326626,"Гипотеза: конечный получатель за период. 1 плательщик: 20 тыс ₸; 0 получателей: 0 ₸. Отдано дальше 0% наблюдаемого входа."
"100000005767403100","peripheral",0.2,32,0.522835,"Гипотеза: роль не определена. Плательщиков: 1; получено 1,1 млн ₸. Обрыв 4-го колена: исходящие неизвестны."
"100000005778283100","terminal",0.55,6,0.850695,"Гипотеза: конечный получатель за период. 3 плательщика: 615,76 тыс ₸; 0 получателей: 0 ₸. Отдано дальше 0% наблюдаемого входа."
"100000005782781100","distributor",0.6749999999999999,6,0.910621,"Гипотеза: веерная раздача. Также признаки консолидации: 6 плательщиков. Получено 171,89 тыс ₸; 10 получателей: 1,26 млн ₸. Источник средств вне выборки."
"100000005782886100","peripheral",0.2,8,0.379071,"Гипотеза: роль не определена. Плательщиков: 1; получено 14 тыс ₸. Обрыв 4-го колена: исходящие неизвестны."
"100000005783452100","peripheral",0.2,13,0.681146,"Гипотеза: роль не определена. Плательщиков: 2; получено 286,5 тыс ₸. Обрыв 4-го колена: исходящие неизвестны."
"100000005799271100","terminal",0.55,11,0.536014,"Гипотеза: конечный получатель за период. 1 плательщик: 45 тыс ₸; 0 получателей: 0 ₸. Отдано дальше 0% наблюдаемого входа."
"100000005807278100","peripheral",0.2,43,0.230193,"Гипотеза: роль не определена. 1 плательщик: 8,38 тыс ₸; 0 получателей: 0 ₸. Отдано дальше 0% наблюдаемого входа."
"100000005809252100","terminal",0.55,5,0.479139,"Гипотеза: конечный получатель за период. 1 плательщик: 25 тыс ₸; 0 получателей: 0 ₸. Отдано дальше 0% наблюдаемого входа."
"100000005815602100","peripheral",0.2,4,0.348004,"Гипотеза: роль не определена. 1 плательщик: 20 тыс ₸; 1 получатель: 165 тыс ₸. Источник средств вне выборки."
"100000005820746100","terminal",0.55,22,0.685464,"Гипотеза: конечный получатель за период. 1 плательщик: 1,99 млн ₸; 1 получатель: 60 тыс ₸. Отдано дальше 3% наблюдаемого входа."
"100000005830339100","consolidator",0.7,2,0.821142,"Гипотеза: признаки консолидации. 5 плательщиков: 476,34 тыс ₸; 1 получатель: 339,25 тыс ₸. Отдано дальше 71% наблюдаемого входа."
"100000005834479100","peripheral",0.2,3,0.542407,"Гипотеза: роль не определена. 1 плательщик: 7,5 тыс ₸; 2 получателя: 14,47 тыс ₸."
"100000005844459100","terminal",0.55,0,0.683883,"Гипотеза: конечный получатель за период. 2 плательщика: 243,4 тыс ₸; 0 получателей: 0 ₸. Отдано дальше 0% наблюдаемого входа."
"100000005847078100","peripheral",0.2,1,0.239827,"Гипотеза: роль не определена. 1 плательщик: 16,3 тыс ₸; 0 получателей: 0 ₸. Отдано дальше 0% наблюдаемого входа."
"100000005849100100","terminal",0.55,2,0.515175,"Гипотеза: конечный получатель за период. 1 плательщик: 33,3 тыс ₸; 0 получателей: 0 ₸. Отдано дальше 0% наблюдаемого входа."
"100000005849862100","peripheral",0.2,6,0.305036,"Гипотеза: роль не определена. Плательщиков: 1; получено 13 тыс ₸. Обрыв 4-го колена: исходящие неизвестны."
"100000005852946100","terminal",0.55,2,0.433401,"Гипотеза: конечный получатель за период. 1 плательщик: 23,75 тыс ₸; 0 получателей: 0 ₸. Отдано дальше 0% наблюдаемого входа."
"100000005857058100","terminal",0.55,0,0.726458,"Гипотеза: конечный получатель за период. 3 плательщика: 80,22 тыс ₸; 0 получателей: 0 ₸. Отдано дальше 0% наблюдаемого входа."
"100000005873152100","transit",0.65,11,0.634522,"Гипотеза: транзит. 1 плательщик: 10 тыс ₸; 1 получатель: 10 тыс ₸. Отдано дальше 100% наблюдаемого входа."
"100000005877725100","terminal",0.55,1,0.355574,"Гипотеза: конечный получатель за период. 1 плательщик: 70 тыс ₸; 0 получателей: 0 ₸. Отдано дальше 0% наблюдаемого входа."
"100000005878334100","peripheral",0.2,3,0.482873,"Гипотеза: роль не определена. Плательщиков: 1; получено 76,4 тыс ₸. Обрыв 4-го колена: исходящие неизвестны."
"100000005882013100","terminal",0.55,12,0.805428,"Гипотеза: конечный получатель за период. 2 плательщика: 135 тыс ₸; 1 получатель: 10 тыс ₸. Отдано дальше 7% наблюдаемого входа."
"100000005888829100","peripheral",0.2,8,0.507952,"Гипотеза: роль не определена. Плательщиков: 1; получено 197 тыс ₸. Обрыв 4-го колена: исходящие неизвестны."
"100000005893892100","terminal",0.55,5,0.487494,"Гипотеза: конечный получатель за период. 1 плательщик: 102,78 тыс ₸; 0 получателей: 0 ₸. Отдано дальше 0% наблюдаемого входа."
"100000005895525100","terminal",0.55,43,0.41587,"Гипотеза: конечный получатель за период. 1 плательщик: 120 тыс ₸; 0 получателей: 0 ₸. Отдано дальше 0% наблюдаемого входа."
"100000005897462100","terminal",0.55,11,0.548239,"Гипотеза: конечный получатель за период. 1 плательщик: 98,4 тыс ₸; 0 получателей: 0 ₸. Отдано дальше 0% наблюдаемого входа."
"100000005901606100","terminal",0.55,1,0.304576,"Гипотеза: конечный получатель за период. 1 плательщик: 35,66 тыс ₸; 0 получателей: 0 ₸. Отдано дальше 0% наблюдаемого входа."
"100000005904580100","terminal",0.55,10,0.551525,"Гипотеза: конечный получатель за период. 2 плательщика: 72 тыс ₸; 0 получателей: 0 ₸. Отдано дальше 0% наблюдаемого входа."
"100000005910114100","coordinator",0.7995996441281139,0,0.931516,"Гипотеза: координация. 3 плательщика: 326,14 тыс ₸; 19 получателей: 1,47 млн ₸. В 11 хабов направлено 40% выхода. Источник средств вне выборки."
"100000005910895100","peripheral",0.2,11,0.285666,"Гипотеза: роль не определена. Плательщиков: 1; получено 5,1 тыс ₸. Обрыв 4-го колена: исходящие неизвестны."
"100000005911352100","peripheral",0.2,36,0.301694,"Гипотеза: роль не определена. 2 плательщика: 15 тыс ₸; 3 получателя: 24 тыс ₸. Источник средств вне выборки."
"100000005931985100","terminal",0.55,13,0.370435,"Гипотеза: конечный получатель за период. 1 плательщик: 76 тыс ₸; 0 получателей: 0 ₸. Отдано дальше 0% наблюдаемого входа."
"100000005932987100","terminal",0.55,32,0.328634,"Гипотеза: конечный получатель за период. 1 плательщик: 25 тыс ₸; 0 получателей: 0 ₸. Отдано дальше 0% наблюдаемого входа."
"100000005933757100","distributor",0.855,14,0.900594,"Гипотеза: веерная раздача. 4 плательщика: 1,25 млн ₸; 34 получателя: 3 млн ₸. Источник средств вне выборки."
"100000005939154100","terminal",0.55,4,0.411485,"Гипотеза: конечный получатель за период. 1 плательщик: 22 тыс ₸; 0 получателей: 0 ₸. Отдано дальше 0% наблюдаемого входа."
"100000005940652100","peripheral",0.2,9,0.375662,"Гипотеза: роль не определена. 1 плательщик: 8,39 тыс ₸; 0 получателей: 0 ₸. Отдано дальше 0% наблюдаемого входа."
"100000005941908100","peripheral",0.2,14,0.393506,"Гипотеза: роль не определена. 1 плательщик: 10 тыс ₸; 0 получателей: 0 ₸. Отдано дальше 0% наблюдаемого входа."
"100000005942793100","terminal",0.55,0,0.723677,"Гипотеза: конечный получатель за период. 4 плательщика: 55 тыс ₸; 0 получателей: 0 ₸. Отдано дальше 0% наблюдаемого входа."
"100000005958064100","peripheral",0.2,14,0.327507,"Гипотеза: роль не определена. 1 плательщик: 5,75 тыс ₸; 2 получателя: 163,99 тыс ₸. Источник средств вне выборки."
"100000005961971100","terminal",0.55,1,0.325684,"Гипотеза: конечный получатель за период. 1 плательщик: 47,35 тыс ₸; 0 получателей: 0 ₸. Отдано дальше 0% наблюдаемого входа."
"100000005974542100","terminal",0.55,21,0.500875,"Гипотеза: конечный получатель за период. 1 плательщик: 94,5 тыс ₸; 0 получателей: 0 ₸. Отдано дальше 0% наблюдаемого входа."
"100000005979037100","peripheral",0.2,3,0.367878,"Гипотеза: роль не определена. Плательщиков: 1; получено 60,3 тыс ₸. Обрыв 4-го колена: исходящие неизвестны."
"100000005995391100","peripheral",0.2,1,0.243125,"Гипотеза: роль не определена. 1 плательщик: 17,2 тыс ₸; 0 получателей: 0 ₸. Отдано дальше 0% наблюдаемого входа."
"100000005996909100","peripheral",0.2,15,0.341644,"Гипотеза: роль не определена. 1 плательщик: 5,5 тыс ₸; 0 получателей: 0 ₸. Отдано дальше 0% наблюдаемого входа."
"100000006008169100","terminal",0.55,10,0.351088,"Гипотеза: конечный получатель за период. 1 плательщик: 70 тыс ₸; 0 получателей: 0 ₸. Отдано дальше 0% наблюдаемого входа."
"100000006020215100","transit",0.65,12,0.680742,"Гипотеза: транзит. 1 плательщик: 30 тыс ₸; 2 получателя: 33,8 тыс ₸. Отдано дальше 113% наблюдаемого входа."
"100000006030946100","terminal",0.55,1,0.358703,"Гипотеза: конечный получатель за период. 1 плательщик: 73,29 тыс ₸; 0 получателей: 0 ₸. Отдано дальше 0% наблюдаемого входа."
"100000006048193100","terminal",0.55,0,0.410442,"Гипотеза: конечный получатель за период. 1 плательщик: 41,56 тыс ₸; 0 получателей: 0 ₸. Отдано дальше 0% наблюдаемого входа."
"100000006069103100","transit",0.725,53,0.840007,"Гипотеза: транзит. 3 плательщика: 228,82 тыс ₸; 3 получателя: 270 тыс ₸. Отдано дальше 118% наблюдаемого входа."
"100000006100920100","terminal",0.55,0,0.39391,"Гипотеза: конечный получатель за период. 1 плательщик: 100 тыс ₸; 0 получателей: 0 ₸. Отдано дальше 0% наблюдаемого входа."
"100000006111439100","coordinator",0.7686387900355872,5,0.697073,"Гипотеза: координация. 3 плательщика: 20,57 тыс ₸; 4 получателя: 24 тыс ₸. В 3 хаба направлено 79% выхода. Отдано дальше 117% наблюдаемого входа."
"100000006111442100","terminal",0.55,9,0.344235,"Гипотеза: конечный получатель за период. 1 плательщик: 64 тыс ₸; 0 получателей: 0 ₸. Отдано дальше 0% наблюдаемого входа."
"100000006122699100","terminal",0.55,4,0.607974,"Гипотеза: конечный получатель за период. 2 плательщика: 45,87 тыс ₸; 0 получателей: 0 ₸. Отдано дальше 0% наблюдаемого входа."
"100000006126743100","terminal",0.55,5,0.447992,"Гипотеза: конечный получатель за период. 1 плательщик: 55 тыс ₸; 0 получателей: 0 ₸. Отдано дальше 0% наблюдаемого входа."
"100000006161893100","peripheral",0.2,4,0.303511,"Гипотеза: роль не определена. 1 плательщик: 14 тыс ₸; 0 получателей: 0 ₸. Отдано дальше 0% наблюдаемого входа."
"100000006165886100","peripheral",0.2,0,0.707414,"Гипотеза: роль не определена. 2 плательщика: 184,48 тыс ₸; 1 получатель: 75 тыс ₸. Отдано дальше 41% наблюдаемого входа."
"100000006169033100","peripheral",0.2,39,0.361496,"Гипотеза: роль не определена. 1 плательщик: 49 тыс ₸; 3 получателя: 1,14 млн ₸. Источник средств вне выборки."
"100000006171671100","peripheral",0.2,0,0.381662,"Гипотеза: роль не определена. Плательщиков: 1; получено 10 тыс ₸. Обрыв 4-го колена: исходящие неизвестны."
"100000006177176100","peripheral",0.2,4,0.300191,"Гипотеза: роль не определена. 1 плательщик: 8,91 тыс ₸; 0 получателей: 0 ₸. Отдано дальше 0% наблюдаемого входа."
"100000006209210100","terminal",0.55,6,0.440489,"Гипотеза: конечный получатель за период. 1 плательщик: 229,11 тыс ₸; 0 получателей: 0 ₸. Отдано дальше 0% наблюдаемого входа."
"100000006225798100","terminal",0.55,16,0.85369,"Гипотеза: конечный получатель за период. 3 плательщика: 722 тыс ₸; 2 получателя: 26,3 тыс ₸. Отдано дальше 4% наблюдаемого входа."
"100000006232642100","peripheral",0.2,39,0.477636,"Гипотеза: роль не определена. Плательщиков: 1; получено 456 тыс ₸. Обрыв 4-го колена: исходящие неизвестны."
"100000006232815100","peripheral",0.2,28,0.233004,"Гипотеза: роль не определена. 1 плательщик: 160 тыс ₸; 5 получателей: 296,5 тыс ₸. Источник средств вне выборки."
"100000006240939100","peripheral",0.2,26,0.360666,"Гипотеза: роль не определена. 1 плательщик: 160 тыс ₸; 5 получателей: 778,01 тыс ₸. Источник средств вне выборки."
"100000006248077100","terminal",0.55,4,0.489502,"Гипотеза: конечный получатель за период. 1 плательщик: 50 тыс ₸; 0 получателей: 0 ₸. Отдано дальше 0% наблюдаемого входа."
"100000006249740100","peripheral",0.2,52,0.162164,"Гипотеза: роль не определена. 0 плательщиков: 0 ₸; 3 получателя: 93,01 тыс ₸. Источник средств вне выборки."
"100000006257675100","peripheral",0.2,20,0.385408,"Гипотеза: роль не определена. Плательщиков: 1; получено 70 тыс ₸. Обрыв 4-го колена: исходящие неизвестны."
"100000006274203100","terminal",0.55,18,0.927591,"Гипотеза: конечный получатель за период. 2 плательщика: 3,42 млн ₸; 3 получателя: 72 тыс ₸. Отдано дальше 2% наблюдаемого входа."
"100000006288612100","peripheral",0.2,10,0.305742,"Гипотеза: роль не определена. Плательщиков: 1; получено 30,8 тыс ₸. Обрыв 4-го колена: исходящие неизвестны."
"100000006308406100","peripheral",0.2,20,0.448632,"Гипотеза: роль не определена. Плательщиков: 1; получено 183 тыс ₸. Обрыв 4-го колена: исходящие неизвестны."
"100000006326645100","terminal",0.55,1,0.278017,"Гипотеза: конечный получатель за период. 1 плательщик: 25,26 тыс ₸; 0 получателей: 0 ₸. Отдано дальше 0% наблюдаемого входа."
"100000006351075100","peripheral",0.2,38,0.395974,"Гипотеза: роль не определена. Плательщиков: 1; получено 40 тыс ₸. Обрыв 4-го колена: исходящие неизвестны."
"100000006369769100","terminal",0.55,1,0.312517,"Гипотеза: конечный получатель за период. 1 плательщик: 40 тыс ₸; 0 получателей: 0 ₸. Отдано дальше 0% наблюдаемого входа."
"100000006381453100","peripheral",0.2,8,0.378275,"Гипотеза: роль не определена. Плательщиков: 1; получено 45 тыс ₸. Обрыв 4-го колена: исходящие неизвестны."
"100000006385877100","peripheral",0.2,8,0.583804,"Гипотеза: роль не определена. 1 плательщик: 53,71 тыс ₸; 1 получатель: 36,6 тыс ₸. Отдано дальше 68% наблюдаемого входа."
"100000006412162100","peripheral",0.2,7,0.253129,"Гипотеза: роль не определена. Плательщиков: 1; получено 15 тыс ₸. Обрыв 4-го колена: исходящие неизвестны."
"100000006416061100","peripheral",0.2,0,0.34271,"Гипотеза: роль не определена. Плательщиков: 1; получено 30 тыс ₸. Обрыв 4-го колена: исходящие неизвестны."
"100000006424479100","peripheral",0.2,12,0.885947,"Гипотеза: роль не определена. 1 плательщик: 500 тыс ₸; 2 получателя: 220 тыс ₸. Отдано дальше 44% наблюдаемого входа."
"100000006443391100","peripheral",0.2,8,0.688605,"Гипотеза: роль не определена. 3 плательщика: 86,78 тыс ₸; 2 получателя: 60,04 тыс ₸. Отдано дальше 69% наблюдаемого входа."
"100000006444163100","peripheral",0.2,0,0.254038,"Гипотеза: роль не определена. 1 плательщик: 6,03 тыс ₸; 0 получателей: 0 ₸. Отдано дальше 0% наблюдаемого входа."
"100000006445501100","terminal",0.55,11,0.542048,"Гипотеза: конечный получатель за период. 1 плательщик: 91 тыс ₸; 0 получателей: 0 ₸. Отдано дальше 0% наблюдаемого входа."
"100000006446271100","terminal",0.55,2,0.689132,"Гипотеза: конечный получатель за период. 2 плательщика: 80 тыс ₸; 0 получателей: 0 ₸. Отдано дальше 0% наблюдаемого входа."
"100000006471232100","terminal",0.55,1,0.310206,"Гипотеза: конечный получатель за период. 1 плательщик: 41,8 тыс ₸; 0 получателей: 0 ₸. Отдано дальше 0% наблюдаемого входа."
"100000006476758100","peripheral",0.2,11,0.367407,"Гипотеза: роль не определена. 1 плательщик: 5,2 тыс ₸; 0 получателей: 0 ₸. Отдано дальше 0% наблюдаемого входа."
"100000006490557100","peripheral",0.2,6,0.197196,"Гипотеза: роль не определена. 1 плательщик: 5 тыс ₸; 0 получателей: 0 ₸. Отдано дальше 0% наблюдаемого входа."
"100000006490615100","peripheral",0.2,12,0.44806,"Гипотеза: роль не определена. Плательщиков: 1; получено 41,6 тыс ₸. Обрыв 4-го колена: исходящие неизвестны."
"100000006491272100","terminal",0.55,1,0.276929,"Гипотеза: конечный получатель за период. 1 плательщик: 26,2 тыс ₸; 0 получателей: 0 ₸. Отдано дальше 0% наблюдаемого входа."
"100000006491963100","peripheral",0.2,7,0.259208,"Гипотеза: роль не определена. Плательщиков: 1; получено 16 тыс ₸. Обрыв 4-го колена: исходящие неизвестны."
"100000006492770100","terminal",0.55,0,0.669818,"Гипотеза: конечный получатель за период. 1 плательщик: 269 тыс ₸; 1 получатель: 20 тыс ₸. Отдано дальше 7% наблюдаемого входа."
"100000006512787100","peripheral",0.2,0,0.413807,"Гипотеза: роль не определена. Плательщиков: 1; получено 20 тыс ₸. Обрыв 4-го колена: исходящие неизвестны."
"100000006518161100","transit",0.7769230769230769,4,0.892138,"Гипотеза: транзит. 3 плательщика: 594,2 тыс ₸; 2 получателя: 595,9 тыс ₸. Отдано дальше 100% наблюдаемого входа."
"100000006522972100","peripheral",0.2,5,0.249551,"Гипотеза: роль не определена. 1 плательщик: 9,52 тыс ₸; 0 получателей: 0 ₸. Отдано дальше 0% наблюдаемого входа."
"100000006523053100","peripheral",0.2,2,0.452165,"Гипотеза: роль не определена. 1 плательщик: 5 тыс ₸; 0 получателей: 0 ₸. Отдано дальше 0% наблюдаемого входа."
"100000006527156100","peripheral",0.2,44,0.327826,"Гипотеза: роль не определена. Плательщиков: 1; получено 48,5 тыс ₸. Обрыв 4-го колена: исходящие неизвестны."
"100000006530134100","terminal",0.55,5,0.67832,"Гипотеза: конечный получатель за период. 2 плательщика: 144,66 тыс ₸; 0 получателей: 0 ₸. Отдано дальше 0% наблюдаемого входа."
"100000006532229100","terminal",0.55,9,0.514637,"Гипотеза: конечный получатель за период. 1 плательщик: 105 тыс ₸; 0 получателей: 0 ₸. Отдано дальше 0% наблюдаемого входа."
"100000006534886100","peripheral",0.2,4,0.314098,"Гипотеза: роль не определена. 1 плательщик: 71,7 тыс ₸; 1 получатель: 167,5 тыс ₸. Источник средств вне выборки."
"100000006557763100","peripheral",0.2,2,0.435891,"Гипотеза: роль не определена. 1 плательщик: 10 тыс ₸; 0 получателей: 0 ₸. Отдано дальше 0% наблюдаемого входа."
"100000006562026100","terminal",0.55,52,0.656157,"Гипотеза: конечный получатель за период. 2 плательщика: 75 тыс ₸; 0 получателей: 0 ₸. Отдано дальше 0% наблюдаемого входа."
"100000006564102100","terminal",0.55,2,0.585072,"Гипотеза: конечный получатель за период. 1 плательщик: 233,24 тыс ₸; 0 получателей: 0 ₸. Отдано дальше 0% наблюдаемого входа."
"100000006567935100","terminal",0.55,29,0.553432,"Гипотеза: конечный получатель за период. 1 плательщик: 200 тыс ₸; 0 получателей: 0 ₸. Отдано дальше 0% наблюдаемого входа."
"100000006573438100","peripheral",0.2,39,0.231337,"Гипотеза: роль не определена. 1 плательщик: 5 тыс ₸; 0 получателей: 0 ₸. Отдано дальше 0% наблюдаемого входа."
"100000006579678100","peripheral",0.2,4,0.435257,"Гипотеза: роль не определена. 2 плательщика: 192,93 тыс ₸; 6 получателей: 1,67 млн ₸. Источник средств вне выборки."
"100000006595426100","terminal",0.55,0,0.385218,"Гипотеза: конечный получатель за период. 1 плательщик: 84,8 тыс ₸; 0 получателей: 0 ₸. Отдано дальше 0% наблюдаемого входа."
"100000006612238100","terminal",0.55,1,0.57998,"Гипотеза: конечный получатель за период. 1 плательщик: 160 тыс ₸; 1 получатель: 25 тыс ₸. Отдано дальше 16% наблюдаемого входа."
"100000006638021100","peripheral",0.2,45,0.726705,"Гипотеза: роль не определена. Плательщиков: 2; получено 388,5 тыс ₸. Обрыв 4-го колена: исходящие неизвестны."
"100000006641671100","transit",0.75,3,0.567037,"Гипотеза: транзит. 2 плательщика: 22 тыс ₸; 1 получатель: 25 тыс ₸. Отдано дальше 114% наблюдаемого входа."
"100000006656003100","peripheral",0.2,1,0.435778,"Гипотеза: роль не определена. 1 плательщик: 20 тыс ₸; 1 получатель: 9 тыс ₸. Отдано дальше 45% наблюдаемого входа."
"100000006658598100","peripheral",0.2,4,0.300684,"Гипотеза: роль не определена. 1 плательщик: 9 тыс ₸; 0 получателей: 0 ₸. Отдано дальше 0% наблюдаемого входа."
"100000006664478100","transit",0.725,26,0.632997,"Гипотеза: транзит. 1 плательщик: 55 тыс ₸; 2 получателя: 60 тыс ₸. Отдано дальше 109% наблюдаемого входа."
"100000006679055100","terminal",0.55,2,0.431494,"Гипотеза: конечный получатель за период. 1 плательщик: 25 тыс ₸; 0 получателей: 0 ₸. Отдано дальше 0% наблюдаемого входа."
"100000006684930100","peripheral",0.2,12,0.420559,"Гипотеза: роль не определена. 1 плательщик: 10 тыс ₸; 0 получателей: 0 ₸. Отдано дальше 0% наблюдаемого входа."
"100000006687202100","terminal",0.55,0,0.329183,"Гипотеза: конечный получатель за период. 1 плательщик: 50 тыс ₸; 0 получателей: 0 ₸. Отдано дальше 0% наблюдаемого входа."
"100000006689603100","peripheral",0.2,3,0.44843,"Гипотеза: роль не определена. Плательщиков: 1; получено 400 тыс ₸. Обрыв 4-го колена: исходящие неизвестны."
"100000006693788100","peripheral",0.2,0,0.296546,"Гипотеза: роль не определена. Плательщиков: 1; получено 10,76 тыс ₸. Обрыв 4-го колена: исходящие неизвестны."
"100000006701983100","terminal",0.55,1,0.279262,"Гипотеза: конечный получатель за период. 1 плательщик: 27 тыс ₸; 0 получателей: 0 ₸. Отдано дальше 0% наблюдаемого входа."
"100000006704530100","transit",0.65,25,0.715635,"Гипотеза: транзит. 1 плательщик: 450,5 тыс ₸; 3 получателя: 428 тыс ₸. Отдано дальше 95% наблюдаемого входа."
"100000006706519100","peripheral",0.2,0,0.439771,"Гипотеза: роль не определена. Плательщиков: 1; получено 36 тыс ₸. Обрыв 4-го колена: исходящие неизвестны."
"100000006707582100","distributor",0.705,7,0.775572,"Гипотеза: веерная раздача. 2 плательщика: 39,52 тыс ₸; 14 получателей: 961,14 тыс ₸. Источник средств вне выборки."
"100000006710485100","terminal",0.55,1,0.253836,"Гипотеза: конечный получатель за период. 1 плательщик: 20 тыс ₸; 0 получателей: 0 ₸. Отдано дальше 0% наблюдаемого входа."
"100000006714366100","peripheral",0.2,12,0.532021,"Гипотеза: роль не определена. 1 плательщик: 10,5 тыс ₸; 1 получатель: 5 тыс ₸. Отдано дальше 48% наблюдаемого входа."
"100000006734214100","consolidator",0.7,5,0.895525,"Гипотеза: признаки консолидации. 5 плательщиков: 610 тыс ₸; 3 получателя: 36 тыс ₸. Отдано дальше 6% наблюдаемого входа."
"100000006734554100","peripheral",0.2,28,0.244499,"Гипотеза: роль не определена. 1 плательщик: 16,5 тыс ₸; 1 получатель: 25 тыс ₸. Источник средств вне выборки."
"100000006735545100","peripheral",0.2,3,0.356763,"Гипотеза: роль не определена. Плательщиков: 1; получено 5 тыс ₸. Обрыв 4-го колена: исходящие неизвестны."
"100000006745291100","terminal",0.55,11,0.533075,"Гипотеза: конечный получатель за период. 1 плательщик: 82,53 тыс ₸; 0 получателей: 0 ₸. Отдано дальше 0% наблюдаемого входа."
"100000006746688100","terminal",0.55,1,0.308782,"Гипотеза: конечный получатель за период. 1 плательщик: 41 тыс ₸; 0 получателей: 0 ₸. Отдано дальше 0% наблюдаемого входа."
"100000006755850100","terminal",0.55,5,0.673576,"Гипотеза: конечный получатель за период. 1 плательщик: 443,48 тыс ₸; 0 получателей: 0 ₸. Отдано дальше 0% наблюдаемого входа."
"100000006756956100","peripheral",0.2,0,0.530316,"Гипотеза: роль не определена. Плательщиков: 1; получено 121,2 тыс ₸. Обрыв 4-го колена: исходящие неизвестны."
"100000006787636100","terminal",0.55,53,0.307111,"Гипотеза: конечный получатель за период. 1 плательщик: 20 тыс ₸; 0 получателей: 0 ₸. Отдано дальше 0% наблюдаемого входа."
"100000006788200100","peripheral",0.2,6,0.836754,"Гипотеза: роль не определена. 4 плательщика: 272,16 тыс ₸; 3 получателя: 64,5 тыс ₸. Отдано дальше 24% наблюдаемого входа."
"100000006789108100","terminal",0.55,11,0.476256,"Гипотеза: конечный получатель за период. 1 плательщик: 37,5 тыс ₸; 0 получателей: 0 ₸. Отдано дальше 0% наблюдаемого входа."
"100000006831291100","peripheral",0.2,52,0.110582,"Гипотеза: роль не определена. 0 плательщиков: 0 ₸; 1 получатель: 15 тыс ₸. Входящие исходного клиента неполны."
"100000006844004100","terminal",0.55,0,0.330529,"Гипотеза: конечный получатель за период. 1 плательщик: 20,6 тыс ₸; 0 получателей: 0 ₸. Отдано дальше 0% наблюдаемого входа."
"100000006844768100","peripheral",0.2,0,0.8381,"Гипотеза: роль не определена. 1 плательщик: 282 тыс ₸; 2 получателя: 188 тыс ₸. Отдано дальше 67% наблюдаемого входа."
"100000006852430100","terminal",0.55,11,0.542429,"Гипотеза: конечный получатель за период. 1 плательщик: 37 тыс ₸; 0 получателей: 0 ₸. Отдано дальше 0% наблюдаемого входа."
"100000006866783100","distributor",0.8999999999999999,0,0.94548,"Гипотеза: веерная раздача. Также признаки консолидации: 13 плательщиков. Получено 838,81 тыс ₸; 67 получателей: 3,95 млн ₸. Источник средств вне выборки."
"100000006866831100","peripheral",0.2,0,0.29871,"Гипотеза: роль не определена. Плательщиков: 1; получено 16,5 тыс ₸. Обрыв 4-го колена: исходящие неизвестны."
"100000006882208100","peripheral",0.2,4,0.418528,"Гипотеза: роль не определена. 1 плательщик: 18 тыс ₸; 0 получателей: 0 ₸. Отдано дальше 0% наблюдаемого входа."
"100000006888238100","peripheral",0.2,57,0.269056,"Гипотеза: роль не определена. 1 плательщик: 18 тыс ₸; 1 получатель: 30 тыс ₸. Источник средств вне выборки."
"100000006889963100","peripheral",0.2,5,0.923419,"Гипотеза: роль не определена. 4 плательщика: 1,43 млн ₸; 1 получатель: 443,48 тыс ₸. Отдано дальше 31% наблюдаемого входа."
"100000006894637100","terminal",0.55,0,0.321489,"Гипотеза: конечный получатель за период. 1 плательщик: 52,83 тыс ₸; 0 получателей: 0 ₸. Отдано дальше 0% наблюдаемого входа."
"100000006901046100","terminal",0.55,4,0.577131,"Гипотеза: конечный получатель за период. 1 плательщик: 75,8 тыс ₸; 1 получатель: 5,5 тыс ₸. Отдано дальше 7% наблюдаемого входа."
"100000006903193100","peripheral",0.2,0,0.337696,"Гипотеза: роль не определена. Плательщиков: 1; получено 9 тыс ₸. Обрыв 4-го колена: исходящие неизвестны."
"100000006912294100","peripheral",0.2,8,0.278342,"Гипотеза: роль не определена. 1 плательщик: 6,34 тыс ₸; 2 получателя: 30 тыс ₸. Источник средств вне выборки."
"100000006918814100","peripheral",0.2,2,0.285711,"Гипотеза: роль не определена. Плательщиков: 1; получено 20 тыс ₸. Обрыв 4-го колена: исходящие неизвестны."
"100000006919124100","terminal",0.55,0,0.352467,"Гипотеза: конечный получатель за период. 1 плательщик: 25 тыс ₸; 0 получателей: 0 ₸. Отдано дальше 0% наблюдаемого входа."
"100000006952718100","terminal",0.55,4,0.43579,"Гипотеза: конечный получатель за период. 1 плательщик: 71,49 тыс ₸; 0 получателей: 0 ₸. Отдано дальше 0% наблюдаемого входа."
"100000006965162100","peripheral",0.2,27,0.257672,"Гипотеза: роль не определена. 1 плательщик: 10 тыс ₸; 0 получателей: 0 ₸. Отдано дальше 0% наблюдаемого входа."
"100000006967370100","peripheral",0.2,16,0.473688,"Гипотеза: роль не определена. 1 плательщик: 33,23 тыс ₸; 1 получатель: 13,53 тыс ₸. Отдано дальше 41% наблюдаемого входа."
"100000006972210100","terminal",0.55,8,0.847162,"Гипотеза: конечный получатель за период. 3 плательщика: 488,77 тыс ₸; 0 получателей: 0 ₸. Отдано дальше 0% наблюдаемого входа."
"100000006977207100","distributor",0.7124999999999999,3,0.771265,"Гипотеза: веерная раздача. 1 плательщик: 414 тыс ₸; 15 получателей: 4,16 млн ₸. Источник средств вне выборки."
"100000006989106100","terminal",0.55,6,0.390893,"Гипотеза: конечный получатель за период. 1 плательщик: 64 тыс ₸; 0 получателей: 0 ₸. Отдано дальше 0% наблюдаемого входа."
"100000006989232100","terminal",0.55,0,0.255159,"Гипотеза: конечный получатель за период. 1 плательщик: 22,19 тыс ₸; 0 получателей: 0 ₸. Отдано дальше 0% наблюдаемого входа."
"100000006994985100","peripheral",0.2,6,0.67638,"Гипотеза: роль не определена. 1 плательщик: 48,5 тыс ₸; 1 получатель: 10,2 тыс ₸. Отдано дальше 21% наблюдаемого входа."
"100000007005380100","peripheral",0.2,5,0.248834,"Гипотеза: роль не определена. 1 плательщик: 9,4 тыс ₸; 0 получателей: 0 ₸. Отдано дальше 0% наблюдаемого входа."
"100000007018630100","peripheral",0.2,60,0.105773,"Гипотеза: роль не определена. 0 плательщиков: 0 ₸; 1 получатель: 200 тыс ₸. Источник средств вне выборки."
"100000007020162100","terminal",0.55,14,0.375236,"Гипотеза: конечный получатель за период. 1 плательщик: 86,39 тыс ₸; 0 получателей: 0 ₸. Отдано дальше 0% наблюдаемого входа."
"100000007022818100","peripheral",0.2,1,0.243125,"Гипотеза: роль не определена. 1 плательщик: 17,2 тыс ₸; 0 получателей: 0 ₸. Отдано дальше 0% наблюдаемого входа."
"100000007034089100","peripheral",0.2,8,0.668629,"Гипотеза: роль не определена. Плательщиков: 2; получено 198 тыс ₸. Обрыв 4-го колена: исходящие неизвестны."
"100000007042175100","peripheral",0.2,0,0.483995,"Гипотеза: роль не определена. Плательщиков: 1; получено 60 тыс ₸. Обрыв 4-го колена: исходящие неизвестны."
"100000007055802100","consolidator",0.72,0,0.920716,"Гипотеза: признаки консолидации. 6 плательщиков: 2,02 млн ₸; 1 получатель: 605 тыс ₸. Отдано дальше 30% наблюдаемого входа."
"100000007071852100","peripheral",0.2,3,0.53386,"Гипотеза: роль не определена. Плательщиков: 1; получено 195 тыс ₸. Обрыв 4-го колена: исходящие неизвестны."
"100000007129492100","peripheral",0.2,11,0.736306,"Гипотеза: роль не определена. 2 плательщика: 50,99 тыс ₸; 1 получатель: 37 тыс ₸. Отдано дальше 73% наблюдаемого входа."
"100000007131370100","transit",0.65,15,0.694874,"Гипотеза: транзит. 1 плательщик: 30 тыс ₸; 1 получатель: 30 тыс ₸. Отдано дальше 100% наблюдаемого входа."
"100000007138613100","terminal",0.55,0,0.861878,"Гипотеза: конечный получатель за период. 3 плательщика: 1 млн ₸; 2 получателя: 179 тыс ₸. Отдано дальше 18% наблюдаемого входа."
"100000007140834100","peripheral",0.2,6,0.306393,"Гипотеза: роль не определена. 1 плательщик: 10,2 тыс ₸; 0 получателей: 0 ₸. Отдано дальше 0% наблюдаемого входа."
"100000007153161100","peripheral",0.2,0,0.461698,"Гипотеза: роль не определена. Плательщиков: 1; получено 45 тыс ₸. Обрыв 4-го колена: исходящие неизвестны."
"100000007170072100","transit",0.8,3,0.614199,"Гипотеза: транзит. 1 плательщик: 100 тыс ₸; 2 получателя: 99,5 тыс ₸. Отдано дальше 100% наблюдаемого входа."
"100000007173936100","peripheral",0.2,29,0.35037,"Гипотеза: роль не определена. 1 плательщик: 10 тыс ₸; 0 получателей: 0 ₸. Отдано дальше 0% наблюдаемого входа."
"100000007175718100","terminal",0.55,43,0.284702,"Гипотеза: конечный получатель за период. 1 плательщик: 20 тыс ₸; 0 получателей: 0 ₸. Отдано дальше 0% наблюдаемого входа."
"100000007181706100","terminal",0.55,2,0.734074,"Гипотеза: конечный получатель за период. 2 плательщика: 176,27 тыс ₸; 0 получателей: 0 ₸. Отдано дальше 0% наблюдаемого входа."
"100000007197866100","peripheral",0.2,3,0.446736,"Гипотеза: роль не определена. 1 плательщик: 20 тыс ₸; 1 получатель: 15 тыс ₸. Отдано дальше 75% наблюдаемого входа."
"100000007229557100","terminal",0.55,17,0.853926,"Гипотеза: конечный получатель за период. 3 плательщика: 878 тыс ₸; 0 получателей: 0 ₸. Отдано дальше 0% наблюдаемого входа."
"100000007242833100","peripheral",0.2,10,0.724574,"Гипотеза: роль не определена. 1 плательщик: 107,5 тыс ₸; 1 получатель: 45 тыс ₸. Отдано дальше 42% наблюдаемого входа."
"100000007267915100","peripheral",0.2,16,0.49253,"Гипотеза: роль не определена. 2 плательщика: 21 тыс ₸; 1 получатель: 10 тыс ₸. Отдано дальше 48% наблюдаемого входа."
"100000007274584100","terminal",0.55,2,0.470659,"Гипотеза: конечный получатель за период. 1 плательщик: 38 тыс ₸; 0 получателей: 0 ₸. Отдано дальше 0% наблюдаемого входа."
"100000007281639100","terminal",0.55,4,0.718405,"Гипотеза: конечный получатель за период. 2 плательщика: 216,77 тыс ₸; 0 получателей: 0 ₸. Отдано дальше 0% наблюдаемого входа."
"100000007283257100","terminal",0.55,63,0.436687,"Гипотеза: конечный получатель за период. 1 плательщик: 192 тыс ₸; 0 получателей: 0 ₸. Отдано дальше 0% наблюдаемого входа."
"100000007289427100","peripheral",0.2,2,0.285644,"Гипотеза: роль не определена. 1 плательщик: 12,3 тыс ₸; 0 получателей: 0 ₸. Отдано дальше 0% наблюдаемого входа."
"100000007303047100","terminal",0.55,1,0.330956,"Гипотеза: конечный получатель за период. 1 плательщик: 52,25 тыс ₸; 0 получателей: 0 ₸. Отдано дальше 0% наблюдаемого входа."
"100000007311010100","peripheral",0.2,2,0.734567,"Гипотеза: роль не определена. 2 плательщика: 64,48 тыс ₸; 1 получатель: 20 тыс ₸. Отдано дальше 31% наблюдаемого входа."
"100000007322059100","peripheral",0.2,31,0.592788,"Гипотеза: роль не определена. 2 плательщика: 29 тыс ₸; 1 получатель: 22,5 тыс ₸. Отдано дальше 78% наблюдаемого входа."
"100000007330432100","peripheral",0.2,50,0.496389,"Гипотеза: роль не определена. Плательщиков: 1; получено 584,9 тыс ₸. Обрыв 4-го колена: исходящие неизвестны."
"100000007333038100","peripheral",0.2,13,0.270211,"Гипотеза: роль не определена. 1 плательщик: 17,5 тыс ₸; 2 получателя: 34,99 тыс ₸. Источник средств вне выборки."
"100000007334196100","terminal",0.55,11,0.57592,"Гипотеза: конечный получатель за период. 1 плательщик: 150 тыс ₸; 0 получателей: 0 ₸. Отдано дальше 0% наблюдаемого входа."
"100000007337374100","terminal",0.55,1,0.266734,"Гипотеза: конечный получатель за период. 1 плательщик: 20 тыс ₸; 0 получателей: 0 ₸. Отдано дальше 0% наблюдаемого входа."
"100000007347733100","terminal",0.55,52,0.312607,"Гипотеза: конечный получатель за период. 1 плательщик: 23,01 тыс ₸; 0 получателей: 0 ₸. Отдано дальше 0% наблюдаемого входа."
"100000007357489100","peripheral",0.2,8,0.654901,"Гипотеза: роль не определена. Плательщиков: 2; получено 164,5 тыс ₸. Обрыв 4-го колена: исходящие неизвестны."
"100000007381662100","peripheral",0.2,0,0.340298,"Гипотеза: роль не определена. Плательщиков: 1; получено 11 тыс ₸. Обрыв 4-го колена: исходящие неизвестны."
"100000007382152100","peripheral",0.2,0,0.293663,"Гипотеза: роль не определена. 1 плательщик: 5,86 тыс ₸; 0 получателей: 0 ₸. Отдано дальше 0% наблюдаемого входа."
"100000007382543100","peripheral",0.2,27,0.383917,"Гипотеза: роль не определена. 3 плательщика: 218 тыс ₸; 5 получателей: 427 тыс ₸. Источник средств вне выборки."
"100000007390016100","peripheral",0.2,68,0.809522,"Гипотеза: роль не определена. 1 плательщик: 511 тыс ₸; 1 получатель: 346,5 тыс ₸. Отдано дальше 68% наблюдаемого входа."
"100000007392365100","peripheral",0.2,38,0.388319,"Гипотеза: роль не определена. 1 плательщик: 9,61 тыс ₸; 6 получателей: 1,77 млн ₸. Источник средств вне выборки."
"100000007442518100","distributor",0.6675,29,0.960229,"Гипотеза: веерная раздача. Также признаки консолидации: 5 плательщиков. Получено 510 тыс ₸; 9 получателей: 4,42 млн ₸. Источник средств вне выборки."
"100000007472293100","peripheral",0.2,45,0.377181,"Гипотеза: роль не определена. 1 плательщик: 5 тыс ₸; 3 получателя: 345,9 тыс ₸. Источник средств вне выборки."
"100000007484343100","terminal",0.55,0,0.520155,"Гипотеза: конечный получатель за период. 2 плательщика: 26,76 тыс ₸; 0 получателей: 0 ₸. Отдано дальше 0% наблюдаемого входа."
"100000007487729100","terminal",0.55,0,0.285027,"Гипотеза: конечный получатель за период. 1 плательщик: 25 тыс ₸; 0 получателей: 0 ₸. Отдано дальше 0% наблюдаемого входа."
"100000007507343100","terminal",0.55,51,0.485913,"Гипотеза: конечный получатель за период. 1 плательщик: 370 тыс ₸; 0 получателей: 0 ₸. Отдано дальше 0% наблюдаемого входа."
"100000007510567100","peripheral",0.2,7,0.437461,"Гипотеза: роль не определена. Плательщиков: 1; получено 52 тыс ₸. Обрыв 4-го колена: исходящие неизвестны."
"100000007510875100","peripheral",0.2,8,0.258973,"Гипотеза: роль не определена. 1 плательщик: 5 тыс ₸; 0 получателей: 0 ₸. Отдано дальше 0% наблюдаемого входа."
"100000007511163100","peripheral",0.2,4,0.370104,"Гипотеза: роль не определена. 2 плательщика: 63,67 тыс ₸; 3 получателя: 82,05 тыс ₸. Источник средств вне выборки."
"100000007511780100","peripheral",0.2,0,0.444302,"Гипотеза: роль не определена. Плательщиков: 1; получено 155 тыс ₸. Обрыв 4-го колена: исходящие неизвестны."
"100000007534354100","peripheral",0.2,7,0.317026,"Гипотеза: роль не определена. 1 плательщик: 50 тыс ₸; 3 получателя: 147,81 тыс ₸. Источник средств вне выборки."
"100000007536804100","peripheral",0.2,6,0.578443,"Гипотеза: роль не определена. 1 плательщик: 100 тыс ₸; 2 получателя: 55 тыс ₸. Отдано дальше 55% наблюдаемого входа."
"100000007539296100","peripheral",0.2,5,0.378163,"Гипотеза: роль не определена. Плательщиков: 1; получено 46 тыс ₸. Обрыв 4-го колена: исходящие неизвестны."
"100000007544358100","transit",0.7000000000000001,4,0.767642,"Гипотеза: транзит. 2 плательщика: 322,5 тыс ₸; 1 получатель: 350 тыс ₸. Отдано дальше 109% наблюдаемого входа."
"100000007591246100","peripheral",0.2,12,0.314474,"Гипотеза: роль не определена. 1 плательщик: 12,19 тыс ₸; 1 получатель: 120 тыс ₸. Источник средств вне выборки."
"100000007593823100","coordinator",0.7967304270462634,0,0.815366,"Гипотеза: координация. 3 плательщика: 25 тыс ₸; 13 получателей: 162,9 тыс ₸. В 8 хабов направлено 77% выхода. Источник средств вне выборки."
"100000007594394100","consolidator",0.72,18,0.924338,"Гипотеза: признаки консолидации. 6 плательщиков: 395,38 тыс ₸; 1 получатель: 3,38 млн ₸. Источник средств вне выборки."
"100000007597382100","peripheral",0.2,5,0.36688,"Гипотеза: роль не определена. 1 плательщик: 15,7 тыс ₸; 0 получателей: 0 ₸. Отдано дальше 0% наблюдаемого входа."
"100000007617808100","terminal",0.55,4,0.63146,"Гипотеза: конечный получатель за период. 1 плательщик: 450 тыс ₸; 0 получателей: 0 ₸. Отдано дальше 0% наблюдаемого входа."
"100000007618425100","terminal",0.55,16,0.313481,"Гипотеза: конечный получатель за период. 1 плательщик: 39,35 тыс ₸; 0 получателей: 0 ₸. Отдано дальше 0% наблюдаемого входа."
"100000007629096100","peripheral",0.2,0,0.904699,"Гипотеза: роль не определена. 4 плательщика: 1,08 млн ₸; 1 получатель: 765,21 тыс ₸. Отдано дальше 71% наблюдаемого входа."
"100000007629121100","terminal",0.55,2,0.499035,"Гипотеза: конечный получатель за период. 1 плательщик: 29 тыс ₸; 0 получателей: 0 ₸. Отдано дальше 0% наблюдаемого входа."
"100000007631637100","peripheral",0.2,1,0.239569,"Гипотеза: роль не определена. 1 плательщик: 15,34 тыс ₸; 0 получателей: 0 ₸. Отдано дальше 0% наблюдаемого входа."
"100000007639767100","distributor",0.6749999999999999,0,0.819841,"Гипотеза: веерная раздача. 4 плательщика: 90,91 тыс ₸; 10 получателей: 822,24 тыс ₸. Источник средств вне выборки."
"100000007641183100","terminal",0.55,4,0.365747,"Гипотеза: конечный получатель за период. 1 плательщик: 28 тыс ₸; 0 получателей: 0 ₸. Отдано дальше 0% наблюдаемого входа."
"100000007641801100","terminal",0.55,6,0.403937,"Гипотеза: конечный получатель за период. 1 плательщик: 200 тыс ₸; 0 получателей: 0 ₸. Отдано дальше 0% наблюдаемого входа."
"100000007647294100","terminal",0.55,33,0.485128,"Гипотеза: конечный получатель за период. 1 плательщик: 385 тыс ₸; 0 получателей: 0 ₸. Отдано дальше 0% наблюдаемого входа."
"100000007648946100","peripheral",0.2,12,0.228466,"Гипотеза: роль не определена. 1 плательщик: 19,55 тыс ₸; 1 получатель: 25 тыс ₸. Источник средств вне выборки."
"100000007653003100","terminal",0.55,16,0.377266,"Гипотеза: конечный получатель за период. 1 плательщик: 100 тыс ₸; 0 получателей: 0 ₸. Отдано дальше 0% наблюдаемого входа."
"100000007653094100","peripheral",0.2,12,0.480922,"Гипотеза: роль не определена. Плательщиков: 1; получено 16 тыс ₸. Обрыв 4-го колена: исходящие неизвестны."
"100000007689942100","peripheral",0.2,18,0.281438,"Гипотеза: роль не определена. 1 плательщик: 5 тыс ₸; 2 получателя: 25 тыс ₸. Источник средств вне выборки."
"100000007731977100","peripheral",0.2,0,0.44972,"Гипотеза: роль не определена. Плательщиков: 1; получено 50 тыс ₸. Обрыв 4-го колена: исходящие неизвестны."
"100000007737775100","peripheral",0.2,11,0.332997,"Гипотеза: роль не определена. 1 плательщик: 6 тыс ₸; 0 получателей: 0 ₸. Отдано дальше 0% наблюдаемого входа."
"100000007745062100","peripheral",0.2,10,0.517968,"Гипотеза: роль не определена. Плательщиков: 1; получено 100 тыс ₸. Обрыв 4-го колена: исходящие неизвестны."
"100000007747786100","distributor",0.8325,6,0.644392,"Гипотеза: веерная раздача. 0 плательщиков: 0 ₸; 31 получатель: 4,24 млн ₸. Источник средств вне выборки."
"100000007749092100","peripheral",0.2,4,0.286967,"Гипотеза: роль не определена. 1 плательщик: 7,65 тыс ₸; 1 получатель: 70,38 тыс ₸. Источник средств вне выборки."
"100000007749747100","peripheral",0.2,9,0.373576,"Гипотеза: роль не определена. Плательщиков: 1; получено 50 тыс ₸. Обрыв 4-го колена: исходящие неизвестны."
"100000007754369100","terminal",0.55,0,0.349327,"Гипотеза: конечный получатель за период. 1 плательщик: 82,42 тыс ₸; 0 получателей: 0 ₸. Отдано дальше 0% наблюдаемого входа."
"100000007777377100","terminal",0.55,4,0.832795,"Гипотеза: конечный получатель за период. 1 плательщик: 456,29 тыс ₸; 2 получателя: 10 тыс ₸. Отдано дальше 2% наблюдаемого входа."
"100000007793871100","terminal",0.55,7,0.486238,"Гипотеза: конечный получатель за период. 1 плательщик: 26 тыс ₸; 0 получателей: 0 ₸. Отдано дальше 0% наблюдаемого входа."
"100000007797290100","terminal",0.55,0,0.630911,"Гипотеза: конечный получатель за период. 1 плательщик: 100 тыс ₸; 1 получатель: 20 тыс ₸. Отдано дальше 20% наблюдаемого входа."
"100000007811950100","peripheral",0.2,24,0.38349,"Гипотеза: роль не определена. Плательщиков: 1; получено 50 тыс ₸. Обрыв 4-го колена: исходящие неизвестны."
"100000007841978100","peripheral",0.2,5,0.617216,"Гипотеза: роль не определена. Плательщиков: 1; получено 449 тыс ₸. Обрыв 4-го колена: исходящие неизвестны."
"100000007861311100","terminal",0.55,6,0.355305,"Гипотеза: конечный получатель за период. 1 плательщик: 45 тыс ₸; 0 получателей: 0 ₸. Отдано дальше 0% наблюдаемого входа."
"100000007863304100","terminal",0.55,5,0.394863,"Гипотеза: конечный получатель за период. 1 плательщик: 25 тыс ₸; 0 получателей: 0 ₸. Отдано дальше 0% наблюдаемого входа."
"100000007864477100","peripheral",0.2,0,0.386709,"Гипотеза: роль не определена. 2 плательщика: 76 тыс ₸; 6 получателей: 203,5 тыс ₸. Источник средств вне выборки."
"100000007865484100","peripheral",0.2,38,0.570491,"Гипотеза: роль не определена. Плательщиков: 1; получено 584,6 тыс ₸. Обрыв 4-го колена: исходящие неизвестны."
"100000007867364100","peripheral",0.2,18,0.361732,"Гипотеза: роль не определена. Плательщиков: 1; получено 41,85 тыс ₸. Обрыв 4-го колена: исходящие неизвестны."
"100000007898453100","peripheral",0.2,2,0.406359,"Гипотеза: роль не определена. 1 плательщик: 24,75 тыс ₸; 2 получателя: 320 тыс ₸. Источник средств вне выборки."
"100000007908818100","peripheral",0.2,3,0.941599,"Гипотеза: роль не определена. 4 плательщика: 727,48 тыс ₸; 6 получателей: 302 тыс ₸. Отдано дальше 42% наблюдаемого входа."
"100000007930878100","peripheral",0.2,41,0.271893,"Гипотеза: роль не определена. 1 плательщик: 5 тыс ₸; 0 получателей: 0 ₸. Отдано дальше 0% наблюдаемого входа."
"100000007938486100","terminal",0.55,1,0.311328,"Гипотеза: конечный получатель за период. 1 плательщик: 39,5 тыс ₸; 0 получателей: 0 ₸. Отдано дальше 0% наблюдаемого входа."
"100000007939160100","terminal",0.55,41,0.710341,"Гипотеза: конечный получатель за период. 1 плательщик: 795 тыс ₸; 2 получателя: 14,3 тыс ₸. Отдано дальше 2% наблюдаемого входа."
"100000007953156100","peripheral",0.2,14,0.629699,"Гипотеза: роль не определена. 1 плательщик: 18 тыс ₸; 1 получатель: 10 тыс ₸. Отдано дальше 56% наблюдаемого входа."
"100000007960337100","peripheral",0.2,3,0.455776,"Гипотеза: роль не определена. Плательщиков: 1; получено 35,5 тыс ₸. Обрыв 4-го колена: исходящие неизвестны."
"100000007982728100","distributor",0.6599999999999999,6,0.620951,"Гипотеза: веерная раздача. 0 плательщиков: 0 ₸; 8 получателей: 1,8 млн ₸. Источник средств вне выборки."
"100000007982908100","terminal",0.55,1,0.30415,"Гипотеза: конечный получатель за период. 1 плательщик: 31,08 тыс ₸; 0 получателей: 0 ₸. Отдано дальше 0% наблюдаемого входа."
"100000007988344100","peripheral",0.2,0,0.402681,"Гипотеза: роль не определена. Плательщиков: 1; получено 20 тыс ₸. Обрыв 4-го колена: исходящие неизвестны."
"100000007997939100","peripheral",0.2,8,0.375662,"Гипотеза: роль не определена. Плательщиков: 1; получено 13 тыс ₸. Обрыв 4-го колена: исходящие неизвестны."
"100000007998965100","consolidator",0.7,7,0.871153,"Гипотеза: признаки консолидации. 5 плательщиков: 278 тыс ₸; 1 получатель: 26 тыс ₸. Отдано дальше 9% наблюдаемого входа."
"100000007999728100","terminal",0.55,14,0.274563,"Гипотеза: конечный получатель за период. 1 плательщик: 23,25 тыс ₸; 0 получателей: 0 ₸. Отдано дальше 0% наблюдаемого входа."
"100000008002020100","peripheral",0.2,10,0.51956,"Гипотеза: роль не определена. 1 плательщик: 73,86 тыс ₸; 1 получатель: 17 тыс ₸. Отдано дальше 23% наблюдаемого входа."
"100000008003034100","peripheral",0.2,12,0.342211,"Гипотеза: роль не определена. 1 плательщик: 12,2 тыс ₸; 4 получателя: 135 тыс ₸. Источник средств вне выборки."
"100000008008463100","terminal",0.55,6,0.33773,"Гипотеза: конечный получатель за период. 1 плательщик: 54,18 тыс ₸; 0 получателей: 0 ₸. Отдано дальше 0% наблюдаемого входа."
"100000008011159100","peripheral",0.2,39,0.833345,"Гипотеза: роль не определена. 3 плательщика: 363 тыс ₸; 5 получателей: 153,04 тыс ₸. Отдано дальше 42% наблюдаемого входа."
"100000008011573100","peripheral",0.2,16,0.239468,"Гипотеза: роль не определена. 1 плательщик: 15 тыс ₸; 0 получателей: 0 ₸. Отдано дальше 0% наблюдаемого входа."
"100000008027922100","peripheral",0.2,21,0.395278,"Гипотеза: роль не определена. Плательщиков: 1; получено 70 тыс ₸. Обрыв 4-го колена: исходящие неизвестны."
"100000008028628100","terminal",0.55,1,0.342665,"Гипотеза: конечный получатель за период. 1 плательщик: 57,22 тыс ₸; 0 получателей: 0 ₸. Отдано дальше 0% наблюдаемого входа."
"100000008029279100","peripheral",0.2,3,0.245817,"Гипотеза: роль не определена. 1 плательщик: 17 тыс ₸; 0 получателей: 0 ₸. Отдано дальше 0% наблюдаемого входа."
"100000008038077100","terminal",0.55,5,0.584466,"Гипотеза: конечный получатель за период. 1 плательщик: 499,85 тыс ₸; 0 получателей: 0 ₸. Отдано дальше 0% наблюдаемого входа."
"100000008042075100","peripheral",0.2,22,0.217788,"Гипотеза: роль не определена. 1 плательщик: 5 тыс ₸; 0 получателей: 0 ₸. Отдано дальше 0% наблюдаемого входа."
"100000008043184100","terminal",0.55,16,0.328174,"Гипотеза: конечный получатель за период. 1 плательщик: 50,56 тыс ₸; 0 получателей: 0 ₸. Отдано дальше 0% наблюдаемого входа."
"100000008050986100","peripheral",0.2,5,0.518035,"Гипотеза: роль не определена. Плательщиков: 1; получено 95 тыс ₸. Обрыв 4-го колена: исходящие неизвестны."
"100000008055972100","terminal",0.55,1,0.281438,"Гипотеза: конечный получатель за период. 1 плательщик: 28,3 тыс ₸; 0 получателей: 0 ₸. Отдано дальше 0% наблюдаемого входа."
"100000008060273100","peripheral",0.2,3,0.42648,"Гипотеза: роль не определена. 1 плательщик: 10 тыс ₸; 0 получателей: 0 ₸. Отдано дальше 0% наблюдаемого входа."
"100000008066326100","peripheral",0.2,0,0.253163,"Гипотеза: роль не определена. 1 плательщик: 19,32 тыс ₸; 0 получателей: 0 ₸. Отдано дальше 0% наблюдаемого входа."
"100000008070101100","terminal",0.55,8,0.453006,"Гипотеза: конечный получатель за период. 1 плательщик: 100 тыс ₸; 0 получателей: 0 ₸. Отдано дальше 0% наблюдаемого входа."
"100000008071620100","terminal",0.55,0,0.321916,"Гипотеза: конечный получатель за период. 1 плательщик: 46,97 тыс ₸; 0 получателей: 0 ₸. Отдано дальше 0% наблюдаемого входа."
"100000008071749100","peripheral",0.2,7,0.376391,"Гипотеза: роль не определена. Плательщиков: 1; получено 24,94 тыс ₸. Обрыв 4-го колена: исходящие неизвестны."
"100000008074304100","peripheral",0.2,5,0.392586,"Гипотеза: роль не определена. Плательщиков: 1; получено 5,5 тыс ₸. Обрыв 4-го колена: исходящие неизвестны."
"100000008077552100","terminal",0.55,3,0.430103,"Гипотеза: конечный получатель за период. 1 плательщик: 214 тыс ₸; 0 получателей: 0 ₸. Отдано дальше 0% наблюдаемого входа."
"100000008086440100","transit",0.675,0,0.789895,"Гипотеза: транзит. 1 плательщик: 199,73 тыс ₸; 5 получателей: 161,3 тыс ₸. Отдано дальше 81% наблюдаемого входа."
"100000008088082100","peripheral",0.2,12,0.328269,"Гипотеза: роль не определена. 1 плательщик: 39,14 тыс ₸; 1 получатель: 50 тыс ₸. Источник средств вне выборки."
"100000008094734100","terminal",0.55,0,0.824383,"Гипотеза: конечный получатель за период. 4 плательщика: 236,25 тыс ₸; 0 получателей: 0 ₸. Отдано дальше 0% наблюдаемого входа."
"100000008097580100","terminal",0.55,3,0.518394,"Гипотеза: конечный получатель за период. 2 плательщика: 32 тыс ₸; 0 получателей: 0 ₸. Отдано дальше 0% наблюдаемого входа."
"100000008104567100","peripheral",0.2,7,0.750415,"Гипотеза: роль не определена. 3 плательщика: 53,55 тыс ₸; 3 получателя: 40 тыс ₸. Отдано дальше 75% наблюдаемого входа."
"100000008106997100","peripheral",0.2,0,0.642138,"Гипотеза: роль не определена. 2 плательщика: 35,6 тыс ₸; 1 получатель: 20,6 тыс ₸. Отдано дальше 58% наблюдаемого входа."
"100000008111003100","consolidator",0.72,0,0.842923,"Гипотеза: признаки консолидации. 6 плательщиков: 222,72 тыс ₸; 1 получатель: 35 тыс ₸. Отдано дальше 16% наблюдаемого входа."
"100000008116374100","terminal",0.55,4,0.376256,"Гипотеза: конечный получатель за период. 1 плательщик: 31,28 тыс ₸; 0 получателей: 0 ₸. Отдано дальше 0% наблюдаемого входа."
"100000008117324100","peripheral",0.2,83,0.0,"Гипотеза: роль не определена. 0 плательщиков: 0 ₸; 0 получателей: 0 ₸. Входящие исходного клиента неполны."
"100000008121806100","peripheral",0.2,3,0.331629,"Гипотеза: роль не определена. 1 плательщик: 67 тыс ₸; 4 получателя: 248,51 тыс ₸. Источник средств вне выборки."
"100000008129393100","peripheral",0.2,52,0.259578,"Гипотеза: роль не определена. 1 плательщик: 10 тыс ₸; 0 получателей: 0 ₸. Отдано дальше 0% наблюдаемого входа."
"100000008130868100","peripheral",0.2,13,0.324473,"Гипотеза: роль не определена. Плательщиков: 1; получено 22,78 тыс ₸. Обрыв 4-го колена: исходящие неизвестны."
"100000008136608100","peripheral",0.2,7,0.449832,"Гипотеза: роль не определена. Плательщиков: 1; получено 170 тыс ₸. Обрыв 4-го колена: исходящие неизвестны."
"100000008137435100","peripheral",0.2,21,0.368686,"Гипотеза: роль не определена. 2 плательщика: 93,91 тыс ₸; 6 получателей: 1,42 млн ₸. Источник средств вне выборки."
"100000008141170100","peripheral",0.2,4,0.305384,"Гипотеза: роль не определена. 1 плательщик: 11 тыс ₸; 0 получателей: 0 ₸. Отдано дальше 0% наблюдаемого входа."
"100000008144528100","consolidator",0.7,4,0.920076,"Гипотеза: признаки консолидации. 5 плательщиков: 1,07 млн ₸; 0 получателей: 0 ₸. Отдано дальше 0% наблюдаемого входа."
"100000008151098100","peripheral",0.2,25,0.315612,"Гипотеза: роль не определена. Плательщиков: 1; получено 30 тыс ₸. Обрыв 4-го колена: исходящие неизвестны."
"100000008165763100","distributor",0.7275,2,0.982021,"Гипотеза: веерная раздача. Также признаки консолидации: 15 плательщиков. Получено 1,17 млн ₸; 17 получателей: 1,27 млн ₸. Отдано дальше 109% наблюдаемого входа."
"100000008168850100","peripheral",0.2,5,0.583479,"Гипотеза: роль не определена. Плательщиков: 1; получено 187,91 тыс ₸. Обрыв 4-го колена: исходящие неизвестны."
"100000008169544100","peripheral",0.2,4,0.729284,"Гипотеза: роль не определена. 1 плательщик: 137,1 тыс ₸; 4 получателя: 42,8 тыс ₸. Отдано дальше 31% наблюдаемого входа."
"100000008172352100","peripheral",0.2,31,0.407789,"Гипотеза: роль не определена. 3 плательщика: 90,27 тыс ₸; 7 получателей: 289,51 тыс ₸. Источник средств вне выборки."
"100000008172721100","peripheral",0.2,3,0.432548,"Гипотеза: роль не определена. Плательщиков: 1; получено 168,34 тыс ₸. Обрыв 4-го колена: исходящие неизвестны."
"100000008173359100","peripheral",0.2,4,0.294179,"Гипотеза: роль не определена. 1 плательщик: 6,11 тыс ₸; 0 получателей: 0 ₸. Отдано дальше 0% наблюдаемого входа."
"100000008174521100","terminal",0.55,4,0.533771,"Гипотеза: конечный получатель за период. 1 плательщик: 82,11 тыс ₸; 0 получателей: 0 ₸. Отдано дальше 0% наблюдаемого входа."
"100000008175078100","peripheral",0.2,34,0.64557,"Гипотеза: роль не определена. Плательщиков: 1; получено 1,85 млн ₸. Обрыв 4-го колена: исходящие неизвестны."
"100000008183752100","peripheral",0.2,17,0.431337,"Гипотеза: роль не определена. Плательщиков: 1; получено 140 тыс ₸. Обрыв 4-го колена: исходящие неизвестны."
"100000008188026100","peripheral",0.2,15,0.386457,"Гипотеза: роль не определена. 2 плательщика: 86,47 тыс ₸; 4 получателя: 337,98 тыс ₸. Источник средств вне выборки."
"100000008190411100","peripheral",0.2,49,0.441454,"Гипотеза: роль не определена. Плательщиков: 1; получено 198,45 тыс ₸. Обрыв 4-го колена: исходящие неизвестны."
"100000008190442100","peripheral",0.2,1,0.22675,"Гипотеза: роль не определена. 1 плательщик: 13 тыс ₸; 0 получателей: 0 ₸. Отдано дальше 0% наблюдаемого входа."
"100000008192264100","transit",0.725,5,0.701985,"Гипотеза: транзит. 1 плательщик: 162,81 тыс ₸; 1 получатель: 187,91 тыс ₸. Отдано дальше 115% наблюдаемого входа."
"100000008193258100","peripheral",0.2,16,0.528062,"Гипотеза: роль не определена. 1 плательщик: 75 тыс ₸; 1 получатель: 30 тыс ₸. Отдано дальше 40% наблюдаемого входа."
"100000008193577100","peripheral",0.2,40,0.381516,"Гипотеза: роль не определена. 2 плательщика: 154,3 тыс ₸; 5 получателей: 480,18 тыс ₸. Источник средств вне выборки."
"100000008200810100","terminal",0.55,13,0.543517,"Гипотеза: конечный получатель за период. 1 плательщик: 475 тыс ₸; 0 получателей: 0 ₸. Отдано дальше 0% наблюдаемого входа."
"100000008205000100","peripheral",0.2,84,0.0,"Гипотеза: роль не определена. 0 плательщиков: 0 ₸; 0 получателей: 0 ₸. Входящие исходного клиента неполны."
"100000008205937100","terminal",0.55,12,0.509825,"Гипотеза: конечный получатель за период. 1 плательщик: 35 тыс ₸; 0 получателей: 0 ₸. Отдано дальше 0% наблюдаемого входа."
"100000008213966100","peripheral",0.2,27,0.414182,"Гипотеза: роль не определена. 3 плательщика: 187 тыс ₸; 1 получатель: 436,9 тыс ₸. Источник средств вне выборки."
"100000008219168100","terminal",0.55,6,0.31541,"Гипотеза: конечный получатель за период. 1 плательщик: 53,2 тыс ₸; 0 получателей: 0 ₸. Отдано дальше 0% наблюдаемого входа."
"100000008221543100","terminal",0.55,16,0.632189,"Гипотеза: конечный получатель за период. 2 плательщика: 542 тыс ₸; 0 получателей: 0 ₸. Отдано дальше 0% наблюдаемого входа."
"100000008221765100","peripheral",0.2,5,0.577692,"Гипотеза: роль не определена. Плательщиков: 1; получено 156,35 тыс ₸. Обрыв 4-го колена: исходящие неизвестны."
"100000008223661100","peripheral",0.2,9,0.399086,"Гипотеза: роль не определена. 2 плательщика: 202 тыс ₸; 5 получателей: 262,58 тыс ₸. Источник средств вне выборки."
"100000008223756100","terminal",0.55,3,0.699675,"Гипотеза: конечный получатель за период. 2 плательщика: 331,68 тыс ₸; 0 получателей: 0 ₸. Отдано дальше 0% наблюдаемого входа."
"100000008229700100","peripheral",0.2,10,0.439614,"Гипотеза: роль не определена. 1 плательщик: 23,5 тыс ₸; 1 получатель: 7,2 тыс ₸. Отдано дальше 31% наблюдаемого входа."
"100000008232832100","peripheral",0.2,9,0.800123,"Гипотеза: роль не определена. 1 плательщик: 337 тыс ₸; 1 получатель: 138 тыс ₸. Отдано дальше 41% наблюдаемого входа."
"100000008237827100","terminal",0.55,2,0.474832,"Гипотеза: конечный получатель за период. 1 плательщик: 40 тыс ₸; 0 получателей: 0 ₸. Отдано дальше 0% наблюдаемого входа."
"100000008238112100","terminal",0.55,5,0.524742,"Гипотеза: конечный получатель за период. 1 плательщик: 190 тыс ₸; 0 получателей: 0 ₸. Отдано дальше 0% наблюдаемого входа."
"100000008238989100","terminal",0.55,21,0.42592,"Гипотеза: конечный получатель за период. 1 плательщик: 200 тыс ₸; 0 получателей: 0 ₸. Отдано дальше 0% наблюдаемого входа."
"100000008244300100","consolidator",0.7,5,0.761765,"Гипотеза: признаки консолидации. 5 плательщиков: 65,43 тыс ₸; 0 получателей: 0 ₸. Отдано дальше 0% наблюдаемого входа."
"100000008251939100","peripheral",0.2,7,0.420895,"Гипотеза: роль не определена. Плательщиков: 1; получено 44,36 тыс ₸. Обрыв 4-го колена: исходящие неизвестны."
"100000008254069100","peripheral",0.2,19,0.406595,"Гипотеза: роль не определена. 1 плательщик: 10,2 тыс ₸; 5 получателей: 107,5 тыс ₸. Источник средств вне выборки."
"100000008254576100","peripheral",0.2,33,0.245962,"Гипотеза: роль не определена. 1 плательщик: 8 тыс ₸; 1 получатель: 60 тыс ₸. Источник средств вне выборки."
"100000008255655100","peripheral",0.2,16,0.278892,"Гипотеза: роль не определена. Плательщиков: 1; получено 5,4 тыс ₸. Обрыв 4-го колена: исходящие неизвестны."
"100000008258083100","peripheral",0.2,29,0.896131,"Гипотеза: роль не определена. 2 плательщика: 3,15 млн ₸; 2 получателя: 2,05 млн ₸. Отдано дальше 65% наблюдаемого входа."
"100000008258458100","peripheral",0.2,62,0.371865,"Гипотеза: роль не определена. 1 плательщик: 19 тыс ₸; 2 получателя: 1,56 млн ₸. Источник средств вне выборки."
"100000008259451100","terminal",0.55,14,0.346613,"Гипотеза: конечный получатель за период. 1 плательщик: 55 тыс ₸; 0 получателей: 0 ₸. Отдано дальше 0% наблюдаемого входа."
"100000008279405100","terminal",0.55,3,0.435711,"Гипотеза: конечный получатель за период. 1 плательщик: 234,74 тыс ₸; 0 получателей: 0 ₸. Отдано дальше 0% наблюдаемого входа."
"100000008283183100","terminal",0.55,1,0.296703,"Гипотеза: конечный получатель за период. 1 плательщик: 29 тыс ₸; 0 получателей: 0 ₸. Отдано дальше 0% наблюдаемого входа."
"100000008289539100","peripheral",0.2,15,0.377669,"Гипотеза: роль не определена. 1 плательщик: 14,91 тыс ₸; 0 получателей: 0 ₸. Отдано дальше 0% наблюдаемого входа."
"100000008293431100","peripheral",0.2,0,0.318843,"Гипотеза: роль не определена. 1 плательщик: 15 тыс ₸; 5 получателей: 297 тыс ₸. Источник средств вне выборки."
"100000008295429100","terminal",0.55,5,0.56282,"Гипотеза: конечный получатель за период. 1 плательщик: 352 тыс ₸; 0 получателей: 0 ₸. Отдано дальше 0% наблюдаемого входа."
"100000008297199100","terminal",0.55,0,0.411384,"Гипотеза: конечный получатель за период. 1 плательщик: 42,27 тыс ₸; 0 получателей: 0 ₸. Отдано дальше 0% наблюдаемого входа."
"100000008304115100","terminal",0.55,10,0.329823,"Гипотеза: конечный получатель за период. 1 плательщик: 51 тыс ₸; 0 получателей: 0 ₸. Отдано дальше 0% наблюдаемого входа."
"100000008304139100","distributor",0.78,2,0.84788,"Гипотеза: веерная раздача. 4 плательщика: 189,33 тыс ₸; 24 получателя: 1,69 млн ₸. Источник средств вне выборки."
"100000008306857100","terminal",0.55,13,0.460588,"Гипотеза: конечный получатель за период. 1 плательщик: 125 тыс ₸; 0 получателей: 0 ₸. Отдано дальше 0% наблюдаемого входа."
"100000008308418100","peripheral",0.2,0,0.463717,"Гипотеза: роль не определена. Плательщиков: 1; получено 50 тыс ₸. Обрыв 4-го колена: исходящие неизвестны."
"100000008309514100","peripheral",0.2,1,0.243125,"Гипотеза: роль не определена. 1 плательщик: 17,2 тыс ₸; 0 получателей: 0 ₸. Отдано дальше 0% наблюдаемого входа."
"100000008314203100","peripheral",0.2,9,0.597614,"Гипотеза: роль не определена. 2 плательщика: 382,08 тыс ₸; 2 получателя: 327 тыс ₸. Входящие исходного клиента неполны."
"100000008314863100","peripheral",0.2,2,0.387584,"Гипотеза: роль не определена. 1 плательщик: 12 тыс ₸; 0 получателей: 0 ₸. Отдано дальше 0% наблюдаемого входа."
"100000008321975100","peripheral",0.2,20,0.332761,"Гипотеза: роль не определена. Плательщиков: 1; получено 5,9 тыс ₸. Обрыв 4-го колена: исходящие неизвестны."
"100000008324800100","transit",0.8,68,0.883008,"Гипотеза: транзит. 3 плательщика: 526,5 тыс ₸; 1 получатель: 511 тыс ₸. Отдано дальше 97% наблюдаемого входа."
"100000008327791100","peripheral",0.2,16,0.298564,"Гипотеза: роль не определена. Плательщиков: 1; получено 11 тыс ₸. Обрыв 4-го колена: исходящие неизвестны."
"100000008331280100","peripheral",0.2,25,0.339109,"Гипотеза: роль не определена. Плательщиков: 1; получено 41 тыс ₸. Обрыв 4-го колена: исходящие неизвестны."
"100000008332511100","terminal",0.55,6,0.596153,"Гипотеза: конечный получатель за период. 1 плательщик: 100 тыс ₸; 0 получателей: 0 ₸. Отдано дальше 0% наблюдаемого входа."
"100000008333492100","peripheral",0.2,45,0.447465,"Гипотеза: роль не определена. Плательщиков: 1; получено 216,4 тыс ₸. Обрыв 4-го колена: исходящие неизвестны."
"100000008335401100","terminal",0.55,7,0.531393,"Гипотеза: конечный получатель за период. 1 плательщик: 150 тыс ₸; 0 получателей: 0 ₸. Отдано дальше 0% наблюдаемого входа."
"100000008336318100","peripheral",0.2,8,0.419639,"Гипотеза: роль не определена. Плательщиков: 1; получено 170 тыс ₸. Обрыв 4-го колена: исходящие неизвестны."
"100000008337304100","peripheral",0.2,3,0.40406,"Гипотеза: роль не определена. Плательщиков: 1; получено 105,47 тыс ₸. Обрыв 4-го колена: исходящие неизвестны."
"100000008343415100","peripheral",0.2,3,0.502176,"Гипотеза: роль не определена. Плательщиков: 1; получено 100 тыс ₸. Обрыв 4-го колена: исходящие неизвестны."
"100000008343874100","peripheral",0.2,3,0.764838,"Гипотеза: роль не определена. 2 плательщика: 283,54 тыс ₸; 2 получателя: 176,4 тыс ₸. Отдано дальше 62% наблюдаемого входа."
"100000008346837100","distributor",0.7875,12,0.965825,"Гипотеза: веерная раздача. Также признаки консолидации: 9 плательщиков. Получено 254,36 тыс ₸; 25 получателей: 1,26 млн ₸. Источник средств вне выборки."
"100000008349675100","peripheral",0.2,6,0.487393,"Гипотеза: роль не определена. 1 плательщик: 46,52 тыс ₸; 1 получатель: 36,65 тыс ₸. Отдано дальше 79% наблюдаемого входа."
"100000008349740100","peripheral",0.2,34,0.477142,"Гипотеза: роль не определена. Плательщиков: 1; получено 70 тыс ₸. Обрыв 4-го колена: исходящие неизвестны."
"100000008352542100","terminal",0.55,2,0.521781,"Гипотеза: конечный получатель за период. 1 плательщик: 50,22 тыс ₸; 0 получателей: 0 ₸. Отдано дальше 0% наблюдаемого входа."
"100000008356606100","terminal",0.55,12,0.605698,"Гипотеза: конечный получатель за период. 2 плательщика: 168,5 тыс ₸; 0 получателей: 0 ₸. Отдано дальше 0% наблюдаемого входа."
"100000008376089100","terminal",0.55,29,0.526492,"Гипотеза: конечный получатель за период. 1 плательщик: 135 тыс ₸; 0 получателей: 0 ₸. Отдано дальше 0% наблюдаемого входа."
"100000008376785100","peripheral",0.2,5,0.59317,"Гипотеза: роль не определена. Плательщиков: 1; получено 234,25 тыс ₸. Обрыв 4-го колена: исходящие неизвестны."
"100000008379273100","transit",0.65,7,0.690781,"Гипотеза: транзит. 2 плательщика: 36 тыс ₸; 4 получателя: 38 тыс ₸. Отдано дальше 106% наблюдаемого входа."
"100000008383405100","terminal",0.55,22,0.301043,"Гипотеза: конечный получатель за период. 1 плательщик: 25 тыс ₸; 0 получателей: 0 ₸. Отдано дальше 0% наблюдаемого входа."
"100000008388049100","terminal",0.55,13,0.545974,"Гипотеза: конечный получатель за период. 1 плательщик: 496,4 тыс ₸; 0 получателей: 0 ₸. Отдано дальше 0% наблюдаемого входа."
"100000008389800100","peripheral",0.2,4,0.375987,"Гипотеза: роль не определена. 3 плательщика: 189 тыс ₸; 7 получателей: 401,62 тыс ₸. Источник средств вне выборки."
"100000008405209100","terminal",0.55,16,0.334679,"Гипотеза: конечный получатель за период. 1 плательщик: 54,4 тыс ₸; 0 получателей: 0 ₸. Отдано дальше 0% наблюдаемого входа."
"100000008406609100","terminal",0.55,19,0.349518,"Гипотеза: конечный получатель за период. 1 плательщик: 34 тыс ₸; 0 получателей: 0 ₸. Отдано дальше 0% наблюдаемого входа."
"100000008413748100","distributor",0.735,16,0.859971,"Гипотеза: веерная раздача. 2 плательщика: 26,48 тыс ₸; 18 получателей: 1,38 млн ₸. Источник средств вне выборки."
"100000008416433100","terminal",0.55,14,0.263504,"Гипотеза: конечный получатель за период. 1 плательщик: 20 тыс ₸; 0 получателей: 0 ₸. Отдано дальше 0% наблюдаемого входа."
"100000008417029100","terminal",0.55,8,0.473329,"Гипотеза: конечный получатель за период. 1 плательщик: 100 тыс ₸; 0 получателей: 0 ₸. Отдано дальше 0% наблюдаемого входа."
"100000008417359100","peripheral",0.2,16,0.289379,"Гипотеза: роль не определена. 1 плательщик: 40,81 тыс ₸; 2 получателя: 110,76 тыс ₸. Источник средств вне выборки."
"100000008418835100","peripheral",0.2,59,0.522566,"Гипотеза: роль не определена. 1 плательщик: 1,37 млн ₸; 4 получателя: 186,18 тыс ₸. Входящие исходного клиента неполны."
"100000008418934100","terminal",0.55,8,0.4488,"Гипотеза: конечный получатель за период. 1 плательщик: 360 тыс ₸; 0 получателей: 0 ₸. Отдано дальше 0% наблюдаемого входа."
"100000008422226100","terminal",0.55,0,0.437831,"Гипотеза: конечный получатель за период. 1 плательщик: 87,45 тыс ₸; 0 получателей: 0 ₸. Отдано дальше 0% наблюдаемого входа."
"100000008427027100","terminal",0.55,2,0.563739,"Гипотеза: конечный получатель за период. 1 плательщик: 300 тыс ₸; 0 получателей: 0 ₸. Отдано дальше 0% наблюдаемого входа."
"100000008430691100","peripheral",0.2,50,0.329823,"Гипотеза: роль не определена. 1 плательщик: 20 тыс ₸; 2 получателя: 604,9 тыс ₸. Источник средств вне выборки."
"100000008432942100","terminal",0.55,0,0.388638,"Гипотеза: конечный получатель за период. 1 плательщик: 44,54 тыс ₸; 0 получателей: 0 ₸. Отдано дальше 0% наблюдаемого входа."
"100000008436257100","terminal",0.55,16,0.460689,"Гипотеза: конечный получатель за период. 2 плательщика: 35 тыс ₸; 0 получателей: 0 ₸. Отдано дальше 0% наблюдаемого входа."
"100000008438656100","terminal",0.55,2,0.733917,"Гипотеза: конечный получатель за период. 2 плательщика: 80 тыс ₸; 1 получатель: 5 тыс ₸. Отдано дальше 6% наблюдаемого входа."
"100000008443341100","peripheral",0.2,10,0.326021,"Гипотеза: роль не определена. 2 плательщика: 34,5 тыс ₸; 3 получателя: 50 тыс ₸. Источник средств вне выборки."
"100000008454065100","terminal",0.55,14,0.278499,"Гипотеза: конечный получатель за период. 1 плательщик: 24,05 тыс ₸; 0 получателей: 0 ₸. Отдано дальше 0% наблюдаемого входа."
"100000008459449100","terminal",0.55,0,0.433636,"Гипотеза: конечный получатель за период. 1 плательщик: 53,7 тыс ₸; 0 получателей: 0 ₸. Отдано дальше 0% наблюдаемого входа."
"100000008460102100","distributor",0.8325,7,0.717676,"Гипотеза: веерная раздача. 1 плательщик: 17,5 тыс ₸; 31 получатель: 476,57 тыс ₸. Источник средств вне выборки."
"100000008461217100","peripheral",0.2,48,0.321658,"Гипотеза: роль не определена. Плательщиков: 1; получено 18 тыс ₸. Обрыв 4-го колена: исходящие неизвестны."
"100000008461532100","distributor",0.6599999999999999,25,0.882941,"Гипотеза: веерная раздача. 2 плательщика: 565,3 тыс ₸; 8 получателей: 2,53 млн ₸. Источник средств вне выборки."
"100000008463968100","peripheral",0.2,1,0.215792,"Гипотеза: роль не определена. 1 плательщик: 10 тыс ₸; 0 получателей: 0 ₸. Отдано дальше 0% наблюдаемого входа."
"100000008465789100","distributor",0.72,9,0.855664,"Гипотеза: веерная раздача. 1 плательщик: 30,1 тыс ₸; 16 получателей: 1,86 млн ₸. Источник средств вне выборки."
"100000008466579100","distributor",0.7275,9,0.859051,"Гипотеза: веерная раздача. 2 плательщика: 36,95 тыс ₸; 17 получателей: 1,93 млн ₸. Источник средств вне выборки."
"100000008468762100","terminal",0.55,17,0.655406,"Гипотеза: конечный получатель за период. 2 плательщика: 170 тыс ₸; 0 получателей: 0 ₸. Отдано дальше 0% наблюдаемого входа."
"100000008469048100","peripheral",0.2,0,0.605372,"Гипотеза: роль не определена. Плательщиков: 1; получено 265,2 тыс ₸. Обрыв 4-го колена: исходящие неизвестны."
"100000008470470100","terminal",0.55,1,0.299955,"Гипотеза: конечный получатель за период. 1 плательщик: 33,55 тыс ₸; 0 получателей: 0 ₸. Отдано дальше 0% наблюдаемого входа."
"100000008471634100","peripheral",0.2,24,0.338964,"Гипотеза: роль не определена. Плательщиков: 1; получено 20 тыс ₸. Обрыв 4-го колена: исходящие неизвестны."
"100000008472324100","terminal",0.55,5,0.531012,"Гипотеза: конечный получатель за период. 1 плательщик: 205,2 тыс ₸; 0 получателей: 0 ₸. Отдано дальше 0% наблюдаемого входа."
"100000008473207100","terminal",0.55,3,0.637001,"Гипотеза: конечный получатель за период. 1 плательщик: 202 тыс ₸; 0 получателей: 0 ₸. Отдано дальше 0% наблюдаемого входа."
"100000008473765100","terminal",0.55,3,0.290938,"Гипотеза: конечный получатель за период. 1 плательщик: 30 тыс ₸; 0 получателей: 0 ₸. Отдано дальше 0% наблюдаемого входа."
"100000008474308100","peripheral",0.2,10,0.481943,"Гипотеза: роль не определена. 1 плательщик: 14 тыс ₸; 1 получатель: 10 тыс ₸. Отдано дальше 71% наблюдаемого входа."
"100000008474391100","terminal",0.55,21,0.405238,"Гипотеза: конечный получатель за период. 1 плательщик: 20 тыс ₸; 0 получателей: 0 ₸. Отдано дальше 0% наблюдаемого входа."
"100000008477350100","distributor",0.8925,0,0.945233,"Гипотеза: веерная раздача. Также признаки консолидации: 11 плательщиков. Получено 610,1 тыс ₸; 39 получателей: 3,37 млн ₸. Источник средств вне выборки."
"100000008478414100","peripheral",0.2,1,0.22371,"Гипотеза: роль не определена. 1 плательщик: 10 тыс ₸; 0 получателей: 0 ₸. Отдано дальше 0% наблюдаемого входа."
"100000008486520100","peripheral",0.2,4,0.556606,"Гипотеза: роль не определена. 1 плательщик: 35,72 тыс ₸; 1 получатель: 14 тыс ₸. Отдано дальше 39% наблюдаемого входа."
"100000008488166100","peripheral",0.2,1,0.201974,"Гипотеза: роль не определена. 1 плательщик: 5,6 тыс ₸; 0 получателей: 0 ₸. Отдано дальше 0% наблюдаемого входа."
"100000008489604100","peripheral",0.2,1,0.221355,"Гипотеза: роль не определена. 1 плательщик: 11 тыс ₸; 0 получателей: 0 ₸. Отдано дальше 0% наблюдаемого входа."
"100000008489922100","distributor",0.87,8,0.937293,"Гипотеза: веерная раздача. 3 плательщика: 262,01 тыс ₸; 36 получателей: 3,79 млн ₸. Источник средств вне выборки."
"100000008490127100","peripheral",0.2,5,0.426127,"Гипотеза: роль не определена. 1 плательщик: 431,75 тыс ₸; 6 получателей: 923 тыс ₸. Источник средств вне выборки."
"100000008491390100","terminal",0.55,0,0.377052,"Гипотеза: конечный получатель за период. 1 плательщик: 36 тыс ₸; 0 получателей: 0 ₸. Отдано дальше 0% наблюдаемого входа."
"100000008493007100","transit",0.8,1,0.472611,"Гипотеза: транзит. 1 плательщик: 26,15 тыс ₸; 1 получатель: 26,15 тыс ₸. Отдано дальше 100% наблюдаемого входа."
"100000008497298100","terminal",0.55,8,0.475381,"Гипотеза: конечный получатель за период. 1 плательщик: 600 тыс ₸; 0 получателей: 0 ₸. Отдано дальше 0% наблюдаемого входа."
"100000008501413100","transit",0.8,11,0.525538,"Гипотеза: транзит. 1 плательщик: 5 тыс ₸; 1 получатель: 5,1 тыс ₸. Отдано дальше 102% наблюдаемого входа."
"100000008502995100","terminal",0.55,0,0.348912,"Гипотеза: конечный получатель за период. 1 плательщик: 25 тыс ₸; 0 получателей: 0 ₸. Отдано дальше 0% наблюдаемого входа."
"100000008503177100","terminal",0.55,3,0.300135,"Гипотеза: конечный получатель за период. 1 плательщик: 33,95 тыс ₸; 0 получателей: 0 ₸. Отдано дальше 0% наблюдаемого входа."
"100000008507703100","terminal",0.55,1,0.282077,"Гипотеза: конечный получатель за период. 1 плательщик: 28,5 тыс ₸; 0 получателей: 0 ₸. Отдано дальше 0% наблюдаемого входа."
"100000008512552100","peripheral",0.2,16,0.428572,"Гипотеза: роль не определена. 4 плательщика: 394,36 тыс ₸; 6 получателей: 1,3 млн ₸. Источник средств вне выборки."
"100000008512827100","distributor",0.6749999999999999,13,0.93413,"Гипотеза: веерная раздача. 3 плательщика: 107,95 тыс ₸; 10 получателей: 1,94 млн ₸. Источник средств вне выборки."
"100000008513251100","peripheral",0.2,85,0.0,"Гипотеза: роль не определена. 0 плательщиков: 0 ₸; 0 получателей: 0 ₸. Входящие исходного клиента неполны."
"100000008514970100","terminal",0.55,3,0.602983,"Гипотеза: конечный получатель за период. 1 плательщик: 379,97 тыс ₸; 1 получатель: 31 тыс ₸. Отдано дальше 8% наблюдаемого входа."
"100000008516839100","peripheral",0.2,19,0.552,"Гипотеза: роль не определена. 3 плательщика: 155 тыс ₸; 0 получателей: 0 ₸. Входящие исходного клиента неполны."
"100000008517061100","peripheral",0.2,14,0.506258,"Гипотеза: роль не определена. Плательщиков: 1; получено 1,84 млн ₸. Обрыв 4-го колена: исходящие неизвестны."
"100000008517538100","distributor",0.7275,8,0.837921,"Гипотеза: веерная раздача. 3 плательщика: 155,5 тыс ₸; 17 получателей: 1,44 млн ₸. Источник средств вне выборки."
"100000008522127100","peripheral",0.2,61,0.099767,"Гипотеза: роль не определена. 0 плательщиков: 0 ₸; 1 получатель: 145 тыс ₸. Источник средств вне выборки."
"100000008524903100","peripheral",0.2,0,0.375482,"Гипотеза: роль не определена. Плательщиков: 1; получено 15 тыс ₸. Обрыв 4-го колена: исходящие неизвестны."
"100000008525136100","peripheral",0.2,0,0.368764,"Гипотеза: роль не определена. Плательщиков: 1; получено 14,1 тыс ₸. Обрыв 4-го колена: исходящие неизвестны."
"100000008531133100","peripheral",0.2,4,0.33487,"Гипотеза: роль не определена. 1 плательщик: 25 тыс ₸; 3 получателя: 158,27 тыс ₸. Источник средств вне выборки."
"100000008531186100","terminal",0.55,2,0.548407,"Гипотеза: конечный получатель за период. 1 плательщик: 125 тыс ₸; 0 получателей: 0 ₸. Отдано дальше 0% наблюдаемого входа."
"100000008532050100","terminal",0.55,5,0.578499,"Гипотеза: конечный получатель за период. 1 плательщик: 455,16 тыс ₸; 0 получателей: 0 ₸. Отдано дальше 0% наблюдаемого входа."
"100000008536546100","terminal",0.55,17,0.677624,"Гипотеза: конечный получатель за период. 2 плательщика: 250 тыс ₸; 0 получателей: 0 ₸. Отдано дальше 0% наблюдаемого входа."
"100000008537380100","peripheral",0.2,1,0.208333,"Гипотеза: роль не определена. 1 плательщик: 8 тыс ₸; 0 получателей: 0 ₸. Отдано дальше 0% наблюдаемого входа."
"100000008545727100","peripheral",0.2,7,0.418523,"Гипотеза: роль не определена. 1 плательщик: 30 тыс ₸; 6 получателей: 1,87 млн ₸. Источник средств вне выборки."
"100000008546855100","consolidator",0.72,18,0.812057,"Гипотеза: признаки консолидации. 6 плательщиков: 71,79 тыс ₸; 2 получателя: 10 тыс ₸. Отдано дальше 14% наблюдаемого входа."
"100000008547295100","peripheral",0.2,6,0.312797,"Гипотеза: роль не определена. 1 плательщик: 15 тыс ₸; 0 получателей: 0 ₸. Отдано дальше 0% наблюдаемого входа."
"100000008547844100","distributor",0.7424999999999999,9,0.903488,"Гипотеза: веерная раздача. 3 плательщика: 177,6 тыс ₸; 19 получателей: 2,04 млн ₸. Источник средств вне выборки."
"100000008547948100","coordinator",0.7973309608540925,8,0.922622,"Гипотеза: координация. Также признаки консолидации: 6 плательщиков. Получено 212,66 тыс ₸; 26 получателей: 5,19 млн ₸. В 6 хабов направлено 27% выхода. Источник средств вне выборки."
"100000008548853100","peripheral",0.2,1,0.229374,"Гипотеза: роль не определена. 1 плательщик: 14 тыс ₸; 0 получателей: 0 ₸. Отдано дальше 0% наблюдаемого входа."
"100000008551752100","peripheral",0.2,38,0.55194,"Гипотеза: роль не определена. Плательщиков: 1; получено 406 тыс ₸. Обрыв 4-го колена: исходящие неизвестны."
"100000008554390100","peripheral",0.2,7,0.248149,"Гипотеза: роль не определена. Плательщиков: 1; получено 14 тыс ₸. Обрыв 4-го колена: исходящие неизвестны."
"100000008555233100","terminal",0.55,17,0.467856,"Гипотеза: конечный получатель за период. 1 плательщик: 440,6 тыс ₸; 0 получателей: 0 ₸. Отдано дальше 0% наблюдаемого входа."
"100000008555918100","peripheral",0.2,2,0.777052,"Гипотеза: роль не определена. 1 плательщик: 139,21 тыс ₸; 2 получателя: 43,3 тыс ₸. Отдано дальше 31% наблюдаемого входа."
"100000008556318100","terminal",0.55,2,0.779172,"Гипотеза: конечный получатель за период. 2 плательщика: 180,13 тыс ₸; 0 получателей: 0 ₸. Отдано дальше 0% наблюдаемого входа."
"100000008557672100","terminal",0.55,1,0.337707,"Гипотеза: конечный получатель за период. 1 плательщик: 49,12 тыс ₸; 0 получателей: 0 ₸. Отдано дальше 0% наблюдаемого входа."
"100000008560263100","peripheral",0.2,5,0.522611,"Гипотеза: роль не определена. Плательщиков: 1; получено 100 тыс ₸. Обрыв 4-го колена: исходящие неизвестны."
"100000008560717100","consolidator",0.74,5,0.860419,"Гипотеза: признаки консолидации. 7 плательщиков: 529 тыс ₸; 1 получатель: 25 тыс ₸. Отдано дальше 5% наблюдаемого входа."
"100000008561016100","transit",0.8,8,0.5786,"Гипотеза: транзит. 1 плательщик: 180 тыс ₸; 1 получатель: 185 тыс ₸. Отдано дальше 103% наблюдаемого входа."
"100000008566737100","terminal",0.55,0,0.754699,"Гипотеза: конечный получатель за период. 2 плательщика: 230 тыс ₸; 0 получателей: 0 ₸. Отдано дальше 0% наблюдаемого входа."
"100000008568512100","terminal",0.55,5,0.527961,"Гипотеза: конечный получатель за период. 1 плательщик: 199,64 тыс ₸; 0 получателей: 0 ₸. Отдано дальше 0% наблюдаемого входа."
"100000008571243100","terminal",0.55,7,0.394302,"Гипотеза: конечный получатель за период. 1 плательщик: 134 тыс ₸; 0 получателей: 0 ₸. Отдано дальше 0% наблюдаемого входа."
"100000008571433100","peripheral",0.2,51,0.239905,"Гипотеза: роль не определена. 2 плательщика: 350 тыс ₸; 2 получателя: 1,43 млн ₸. Источник средств вне выборки."
"100000008571443100","terminal",0.55,12,0.654341,"Гипотеза: конечный получатель за период. 2 плательщика: 65 тыс ₸; 0 получателей: 0 ₸. Отдано дальше 0% наблюдаемого входа."
"100000008575624100","peripheral",0.2,46,0.161182,"Гипотеза: роль не определена. 0 плательщиков: 0 ₸; 3 получателя: 89,5 тыс ₸. Источник средств вне выборки."
"100000008576243100","terminal",0.55,0,0.711967,"Гипотеза: конечный получатель за период. 2 плательщика: 82,92 тыс ₸; 0 получателей: 0 ₸. Отдано дальше 0% наблюдаемого входа."
"100000008576528100","terminal",0.55,5,0.402647,"Гипотеза: конечный получатель за период. 1 плательщик: 28 тыс ₸; 0 получателей: 0 ₸. Отдано дальше 0% наблюдаемого входа."
"100000008579978100","peripheral",0.2,5,0.31776,"Гипотеза: роль не определена. 1 плательщик: 34 тыс ₸; 1 получатель: 77 тыс ₸. Источник средств вне выборки."
"100000008582730100","transit",0.8,18,0.459511,"Гипотеза: транзит. 1 плательщик: 5 тыс ₸; 1 получатель: 5 тыс ₸. Отдано дальше 100% наблюдаемого входа."
"100000008583360100","peripheral",0.2,7,0.297757,"Гипотеза: роль не определена. 1 плательщик: 112,84 тыс ₸; 1 получатель: 170 тыс ₸. Источник средств вне выборки."
"100000008583971100","peripheral",0.2,0,0.604127,"Гипотеза: роль не определена. Плательщиков: 2; получено 51 тыс ₸. Обрыв 4-го колена: исходящие неизвестны."
"100000008586731100","peripheral",0.2,10,0.223822,"Гипотеза: роль не определена. 1 плательщик: 12 тыс ₸; 0 получателей: 0 ₸. Отдано дальше 0% наблюдаемого входа."
"100000008587459100","peripheral",0.2,0,0.387489,"Гипотеза: роль не определена. 2 плательщика: 181,51 тыс ₸; 2 получателя: 686,5 тыс ₸. Источник средств вне выборки."
"100000008588665100","peripheral",0.2,0,0.411193,"Гипотеза: роль не определена. Плательщиков: 1; получено 25 тыс ₸. Обрыв 4-го колена: исходящие неизвестны."
"100000008595687100","terminal",0.55,4,0.607952,"Гипотеза: конечный получатель за период. 1 плательщик: 64,39 тыс ₸; 1 получатель: 10,4 тыс ₸. Отдано дальше 16% наблюдаемого входа."
"100000008596924100","terminal",0.55,6,0.409388,"Гипотеза: конечный получатель за период. 1 плательщик: 100 тыс ₸; 0 получателей: 0 ₸. Отдано дальше 0% наблюдаемого входа."
"100000008598972100","terminal",0.55,3,0.374686,"Гипотеза: конечный получатель за период. 1 плательщик: 120 тыс ₸; 0 получателей: 0 ₸. Отдано дальше 0% наблюдаемого входа."
"100000008599354100","peripheral",0.2,0,0.676234,"Гипотеза: роль не определена. 1 плательщик: 177 тыс ₸; 1 получатель: 38,2 тыс ₸. Отдано дальше 22% наблюдаемого входа."
"100000008601794100","peripheral",0.2,55,0.230821,"Гипотеза: роль не определена. 2 плательщика: 494,4 тыс ₸; 1 получатель: 871,4 тыс ₸. Источник средств вне выборки."
"100000008603331100","peripheral",0.2,9,0.368001,"Гипотеза: роль не определена. 2 плательщика: 39,5 тыс ₸; 6 получателей: 741,77 тыс ₸. Источник средств вне выборки."
"100000008603629100","distributor",0.8999999999999999,3,0.9762,"Гипотеза: веерная раздача. Также признаки консолидации: 19 плательщиков. Получено 1,82 млн ₸; 61 получатель: 4,99 млн ₸. Источник средств вне выборки."
"100000008612257100","peripheral",0.2,16,0.214356,"Гипотеза: роль не определена. 1 плательщик: 9,5 тыс ₸; 0 получателей: 0 ₸. Отдано дальше 0% наблюдаемого входа."
"100000008619159100","peripheral",0.2,62,0.466936,"Гипотеза: роль не определена. Плательщиков: 1; получено 446,4 тыс ₸. Обрыв 4-го колена: исходящие неизвестны."
"100000008619857100","peripheral",0.2,0,0.582447,"Гипотеза: роль не определена. 1 плательщик: 29 тыс ₸; 2 получателя: 13 тыс ₸. Отдано дальше 45% наблюдаемого входа."
"100000008620570100","peripheral",0.2,3,0.812248,"Гипотеза: роль не определена. 2 плательщика: 145 тыс ₸; 2 получателя: 31,8 тыс ₸. Отдано дальше 22% наблюдаемого входа."
"100000008624978100","terminal",0.55,17,0.564233,"Гипотеза: конечный получатель за период. 1 плательщик: 109 тыс ₸; 0 получателей: 0 ₸. Отдано дальше 0% наблюдаемого входа."
"100000008625905100","peripheral",0.2,15,0.433614,"Гипотеза: роль не определена. 1 плательщик: 197,8 тыс ₸; 2 получателя: 635 тыс ₸. Источник средств вне выборки."
"100000008628231100","peripheral",0.2,64,0.4048,"Гипотеза: роль не определена. 1 плательщик: 50 тыс ₸; 2 получателя: 627,87 тыс ₸. Источник средств вне выборки."
"100000008628818100","peripheral",0.2,7,0.425247,"Гипотеза: роль не определена. Плательщиков: 1; получено 46,31 тыс ₸. Обрыв 4-го колена: исходящие неизвестны."
"100000008629504100","peripheral",0.2,0,0.283378,"Гипотеза: роль не определена. Плательщиков: 1; получено 20 тыс ₸. Обрыв 4-го колена: исходящие неизвестны."
"100000008629581100","terminal",0.55,2,0.448934,"Гипотеза: конечный получатель за период. 1 плательщик: 54,18 тыс ₸; 0 получателей: 0 ₸. Отдано дальше 0% наблюдаемого входа."
"100000008631800100","peripheral",0.2,7,0.244078,"Гипотеза: роль не определена. Плательщиков: 1; получено 12,85 тыс ₸. Обрыв 4-го колена: исходящие неизвестны."
"100000008632060100","distributor",0.6675,0,0.660296,"Гипотеза: веерная раздача. 1 плательщик: 6 тыс ₸; 9 получателей: 339,2 тыс ₸. Источник средств вне выборки."
"100000008633099100","peripheral",0.2,6,0.451166,"Гипотеза: роль не определена. 1 плательщик: 19,47 тыс ₸; 1 получатель: 13,5 тыс ₸. Отдано дальше 69% наблюдаемого входа."
"100000008634520100","terminal",0.55,9,0.500808,"Гипотеза: конечный получатель за период. 1 плательщик: 90 тыс ₸; 0 получателей: 0 ₸. Отдано дальше 0% наблюдаемого входа."
"100000008636603100","peripheral",0.2,4,0.387332,"Гипотеза: роль не определена. 2 плательщика: 35,46 тыс ₸; 6 получателей: 159,38 тыс ₸. Источник средств вне выборки."
"100000008637537100","peripheral",0.2,9,0.328771,"Гипотеза: роль не определена. 3 плательщика: 619,89 тыс ₸; 3 получателя: 2,35 млн ₸. Источник средств вне выборки."
"100000008638859100","peripheral",0.2,18,0.522241,"Гипотеза: роль не определена. Плательщиков: 1; получено 34 тыс ₸. Обрыв 4-го колена: исходящие неизвестны."
"100000008647905100","peripheral",0.2,18,0.327367,"Гипотеза: роль не определена. 1 плательщик: 50 тыс ₸; 2 получателя: 344,22 тыс ₸. Источник средств вне выборки."
"100000008648783100","peripheral",0.2,7,0.206965,"Гипотеза: роль не определена. Плательщиков: 1; получено 5,2 тыс ₸. Обрыв 4-го колена: исходящие неизвестны."
"100000008649416100","peripheral",0.2,16,0.277008,"Гипотеза: роль не определена. Плательщиков: 1; получено 5 тыс ₸. Обрыв 4-го колена: исходящие неизвестны."
"100000008650785100","peripheral",0.2,4,0.296487,"Гипотеза: роль не определена. 2 плательщика: 92 тыс ₸; 2 получателя: 120,12 тыс ₸. Источник средств вне выборки."
"100000008652094100","terminal",0.55,0,0.375101,"Гипотеза: конечный получатель за период. 1 плательщик: 35 тыс ₸; 0 получателей: 0 ₸. Отдано дальше 0% наблюдаемого входа."
"100000008653041100","terminal",0.55,1,0.280675,"Гипотеза: конечный получатель за период. 1 плательщик: 28 тыс ₸; 0 получателей: 0 ₸. Отдано дальше 0% наблюдаемого входа."
"100000008654653100","peripheral",0.2,4,0.083221,"Гипотеза: роль не определена. 0 плательщиков: 0 ₸; 1 получатель: 54 тыс ₸. Источник средств вне выборки."
"100000008655035100","terminal",0.55,6,0.443618,"Гипотеза: конечный получатель за период. 1 плательщик: 30 тыс ₸; 0 получателей: 0 ₸. Отдано дальше 0% наблюдаемого входа."
"100000008655779100","peripheral",0.2,27,0.588291,"Гипотеза: роль не определена. 1 плательщик: 47 тыс ₸; 2 получателя: 24,7 тыс ₸. Отдано дальше 53% наблюдаемого входа."
"100000008656043100","terminal",0.55,1,0.290276,"Гипотеза: конечный получатель за период. 1 плательщик: 26,2 тыс ₸; 0 получателей: 0 ₸. Отдано дальше 0% наблюдаемого входа."
"100000008659445100","peripheral",0.2,40,0.247206,"Гипотеза: роль не определена. 3 плательщика: 138,49 тыс ₸; 4 получателя: 875,15 тыс ₸. Источник средств вне выборки."
"100000008659950100","terminal",0.55,9,0.569998,"Гипотеза: конечный получатель за период. 1 плательщик: 246 тыс ₸; 0 получателей: 0 ₸. Отдано дальше 0% наблюдаемого входа."
"100000008661550100","terminal",0.55,1,0.262719,"Гипотеза: конечный получатель за период. 1 плательщик: 22,8 тыс ₸; 0 получателей: 0 ₸. Отдано дальше 0% наблюдаемого входа."
"100000008661585100","terminal",0.55,1,0.317295,"Гипотеза: конечный получатель за период. 1 плательщик: 43,14 тыс ₸; 0 получателей: 0 ₸. Отдано дальше 0% наблюдаемого входа."
"100000008662216100","terminal",0.55,1,0.276929,"Гипотеза: конечный получатель за период. 1 плательщик: 26,2 тыс ₸; 0 получателей: 0 ₸. Отдано дальше 0% наблюдаемого входа."
"100000008662805100","peripheral",0.2,1,0.240657,"Гипотеза: роль не определена. 1 плательщик: 16,5 тыс ₸; 0 получателей: 0 ₸. Отдано дальше 0% наблюдаемого входа."
"100000008663007100","peripheral",0.2,1,0.232604,"Гипотеза: роль не определена. 1 плательщик: 14 тыс ₸; 0 получателей: 0 ₸. Отдано дальше 0% наблюдаемого входа."
"100000008663723100","peripheral",0.2,1,0.236743,"Гипотеза: роль не определена. 1 плательщик: 15,6 тыс ₸; 0 получателей: 0 ₸. Отдано дальше 0% наблюдаемого входа."
"100000008664469100","terminal",0.55,2,0.438235,"Гипотеза: конечный получатель за период. 1 плательщик: 25 тыс ₸; 0 получателей: 0 ₸. Отдано дальше 0% наблюдаемого входа."
"100000008664774100","peripheral",0.2,1,0.239827,"Гипотеза: роль не определена. 1 плательщик: 16,3 тыс ₸; 0 получателей: 0 ₸. Отдано дальше 0% наблюдаемого входа."
"100000008665380100","peripheral",0.2,0,0.637764,"Гипотеза: роль не определена. 2 плательщика: 69,1 тыс ₸; 1 получатель: 18,2 тыс ₸. Отдано дальше 26% наблюдаемого входа."
"100000008666075100","terminal",0.55,1,0.282144,"Гипотеза: конечный получатель за период. 1 плательщик: 26,22 тыс ₸; 0 получателей: 0 ₸. Отдано дальше 0% наблюдаемого входа."
"100000008667058100","peripheral",0.2,1,0.249114,"Гипотеза: роль не определена. 1 плательщик: 17,53 тыс ₸; 0 получателей: 0 ₸. Отдано дальше 0% наблюдаемого входа."
"100000008667795100","terminal",0.55,1,0.295749,"Гипотеза: конечный получатель за период. 1 плательщик: 34 тыс ₸; 0 получателей: 0 ₸. Отдано дальше 0% наблюдаемого входа."
"100000008667799100","terminal",0.55,1,0.295749,"Гипотеза: конечный получатель за период. 1 плательщик: 34 тыс ₸; 0 получателей: 0 ₸. Отдано дальше 0% наблюдаемого входа."
"100000008668099100","peripheral",0.2,1,0.237483,"Гипотеза: роль не определена. 1 плательщик: 15,7 тыс ₸; 0 получателей: 0 ₸. Отдано дальше 0% наблюдаемого входа."
"100000008669037100","peripheral",0.2,86,0.0,"Гипотеза: роль не определена. 0 плательщиков: 0 ₸; 0 получателей: 0 ₸. Входящие исходного клиента неполны."
"100000008669310100","terminal",0.55,0,0.413515,"Гипотеза: конечный получатель за период. 1 плательщик: 59,57 тыс ₸; 0 получателей: 0 ₸. Отдано дальше 0% наблюдаемого входа."
"100000008670667100","peripheral",0.2,1,0.240523,"Гипотеза: роль не определена. 1 плательщик: 15,53 тыс ₸; 0 получателей: 0 ₸. Отдано дальше 0% наблюдаемого входа."
"100000008671026100","terminal",0.55,1,0.27011,"Гипотеза: конечный получатель за период. 1 плательщик: 23,53 тыс ₸; 0 получателей: 0 ₸. Отдано дальше 0% наблюдаемого входа."
"100000008671081100","terminal",0.55,1,0.302266,"Гипотеза: конечный получатель за период. 1 плательщик: 37,2 тыс ₸; 0 получателей: 0 ₸. Отдано дальше 0% наблюдаемого входа."
"100000008671129100","terminal",0.55,1,0.276929,"Гипотеза: конечный получатель за период. 1 плательщик: 26,2 тыс ₸; 0 получателей: 0 ₸. Отдано дальше 0% наблюдаемого входа."
"100000008671929100","terminal",0.55,2,0.521557,"Гипотеза: конечный получатель за период. 1 плательщик: 75 тыс ₸; 0 получателей: 0 ₸. Отдано дальше 0% наблюдаемого входа."
"100000008672162100","peripheral",0.2,1,0.240971,"Гипотеза: роль не определена. 1 плательщик: 15,55 тыс ₸; 0 получателей: 0 ₸. Отдано дальше 0% наблюдаемого входа."
"100000008672200100","peripheral",0.2,1,0.211216,"Гипотеза: роль не определена. 1 плательщик: 8,51 тыс ₸; 0 получателей: 0 ₸. Отдано дальше 0% наблюдаемого входа."
"100000008672480100","peripheral",0.2,1,0.236956,"Гипотеза: роль не определена. 1 плательщик: 13 тыс ₸; 0 получателей: 0 ₸. Отдано дальше 0% наблюдаемого входа."
"100000008672493100","peripheral",0.2,1,0.229374,"Гипотеза: роль не определена. 1 плательщик: 14 тыс ₸; 0 получателей: 0 ₸. Отдано дальше 0% наблюдаемого входа."
"100000008672603100","terminal",0.55,2,0.37288,"Гипотеза: конечный получатель за период. 1 плательщик: 21,2 тыс ₸; 0 получателей: 0 ₸. Отдано дальше 0% наблюдаемого входа."
"100000008672762100","peripheral",0.2,1,0.236956,"Гипотеза: роль не определена. 1 плательщик: 13 тыс ₸; 0 получателей: 0 ₸. Отдано дальше 0% наблюдаемого входа."
"100000008673001100","peripheral",0.2,19,0.278673,"Гипотеза: роль не определена. 1 плательщик: 80 тыс ₸; 0 получателей: 0 ₸. Входящие исходного клиента неполны."
"100000008675322100","peripheral",0.2,34,0.581113,"Гипотеза: роль не определена. Плательщиков: 1; получено 340 тыс ₸. Обрыв 4-го колена: исходящие неизвестны."
"100000008676812100","terminal",0.55,18,0.452041,"Гипотеза: конечный получатель за период. 1 плательщик: 230,8 тыс ₸; 0 получателей: 0 ₸. Отдано дальше 0% наблюдаемого входа."
"100000008677215100","peripheral",0.2,21,0.340478,"Гипотеза: роль не определена. 1 плательщик: 9 тыс ₸; 0 получателей: 0 ₸. Отдано дальше 0% наблюдаемого входа."
"100000008677368100","peripheral",0.2,6,0.30341,"Гипотеза: роль не определена. Плательщиков: 1; получено 13,5 тыс ₸. Обрыв 4-го колена: исходящие неизвестны."
"100000008677518100","terminal",0.55,1,0.322005,"Гипотеза: конечный получатель за период. 1 плательщик: 48,7 тыс ₸; 0 получателей: 0 ₸. Отдано дальше 0% наблюдаемого входа."
"100000008679986100","peripheral",0.2,1,0.254116,"Гипотеза: роль не определена. 1 плательщик: 19 тыс ₸; 0 получателей: 0 ₸. Отдано дальше 0% наблюдаемого входа."
"100000008680061100","peripheral",0.2,5,0.334231,"Гипотеза: роль не определена. Плательщиков: 1; получено 41,3 тыс ₸. Обрыв 4-го колена: исходящие неизвестны."
"100000008680451100","terminal",0.55,1,0.27011,"Гипотеза: конечный получатель за период. 1 плательщик: 23,53 тыс ₸; 0 получателей: 0 ₸. Отдано дальше 0% наблюдаемого входа."
"100000008680731100","distributor",0.8025,10,0.634186,"Гипотеза: веерная раздача. 0 плательщиков: 0 ₸; 27 получателей: 1,46 млн ₸. Источник средств вне выборки."
"100000008680912100","terminal",0.55,0,0.538044,"Гипотеза: конечный получатель за период. 1 плательщик: 45,11 тыс ₸; 1 получатель: 5,99 тыс ₸. Отдано дальше 13% наблюдаемого входа."
"100000008682426100","terminal",0.55,14,0.263504,"Гипотеза: конечный получатель за период. 1 плательщик: 20 тыс ₸; 0 получателей: 0 ₸. Отдано дальше 0% наблюдаемого входа."
"100000008683818100","peripheral",0.2,1,0.256707,"Гипотеза: роль не определена. 1 плательщик: 17,4 тыс ₸; 0 получателей: 0 ₸. Отдано дальше 0% наблюдаемого входа."
"100000008684452100","terminal",0.55,1,0.329969,"Гипотеза: конечный получатель за период. 1 плательщик: 51,8 тыс ₸; 0 получателей: 0 ₸. Отдано дальше 0% наблюдаемого входа."
"100000008684767100","terminal",0.55,1,0.290343,"Гипотеза: конечный получатель за период. 1 плательщик: 31,1 тыс ₸; 0 получателей: 0 ₸. Отдано дальше 0% наблюдаемого входа."
"100000008684951100","peripheral",0.2,1,0.243125,"Гипотеза: роль не определена. 1 плательщик: 17,2 тыс ₸; 0 получателей: 0 ₸. Отдано дальше 0% наблюдаемого входа."
"100000008686214100","terminal",0.55,3,0.382481,"Гипотеза: конечный получатель за период. 1 плательщик: 25 тыс ₸; 0 получателей: 0 ₸. Отдано дальше 0% наблюдаемого входа."
"100000008686234100","terminal",0.55,0,0.309197,"Гипотеза: конечный получатель за период. 1 плательщик: 39,78 тыс ₸; 0 получателей: 0 ₸. Отдано дальше 0% наблюдаемого входа."
"100000008686247100","peripheral",0.2,22,0.467127,"Гипотеза: роль не определена. 1 плательщик: 22 тыс ₸; 1 получатель: 5 тыс ₸. Отдано дальше 23% наблюдаемого входа."
"100000008686313100","consolidator",0.72,0,0.912707,"Гипотеза: признаки консолидации. 6 плательщиков: 1,91 млн ₸; 7 получателей: 333,8 тыс ₸. Отдано дальше 17% наблюдаемого входа."
"100000008686494100","peripheral",0.2,1,0.237483,"Гипотеза: роль не определена. 1 плательщик: 15,7 тыс ₸; 0 получателей: 0 ₸. Отдано дальше 0% наблюдаемого входа."
"100000008687492100","peripheral",0.2,1,0.245009,"Гипотеза: роль не определена. 1 плательщик: 15 тыс ₸; 0 получателей: 0 ₸. Отдано дальше 0% наблюдаемого входа."
"100000008687617100","terminal",0.55,1,0.312113,"Гипотеза: конечный получатель за период. 1 плательщик: 43,35 тыс ₸; 0 получателей: 0 ₸. Отдано дальше 0% наблюдаемого входа."
"100000008687671100","terminal",0.55,1,0.307918,"Гипотеза: конечный получатель за период. 1 плательщик: 37,5 тыс ₸; 0 получателей: 0 ₸. Отдано дальше 0% наблюдаемого входа."
"100000008687733100","peripheral",0.2,1,0.231359,"Гипотеза: роль не определена. 1 плательщик: 14,65 тыс ₸; 0 получателей: 0 ₸. Отдано дальше 0% наблюдаемого входа."
"100000008687990100","peripheral",0.2,1,0.2452,"Гипотеза: роль не определена. 1 плательщик: 17,6 тыс ₸; 0 получателей: 0 ₸. Отдано дальше 0% наблюдаемого входа."
"100000008688109100","peripheral",0.2,1,0.22611,"Гипотеза: роль не определена. 1 плательщик: 12,8 тыс ₸; 0 получателей: 0 ₸. Отдано дальше 0% наблюдаемого входа."
"100000008688155100","terminal",0.55,1,0.265624,"Гипотеза: конечный получатель за период. 1 плательщик: 23,6 тыс ₸; 0 получателей: 0 ₸. Отдано дальше 0% наблюдаемого входа."
"100000008688476100","terminal",0.55,1,0.28118,"Гипотеза: конечный получатель за период. 1 плательщик: 24 тыс ₸; 0 получателей: 0 ₸. Отдано дальше 0% наблюдаемого входа."
"100000008688881100","terminal",0.55,1,0.327591,"Гипотеза: конечный получатель за период. 1 плательщик: 44,21 тыс ₸; 0 получателей: 0 ₸. Отдано дальше 0% наблюдаемого входа."
"100000008690762100","terminal",0.55,1,0.278174,"Гипотеза: конечный получатель за период. 1 плательщик: 26,75 тыс ₸; 0 получателей: 0 ₸. Отдано дальше 0% наблюдаемого входа."
"100000008690932100","terminal",0.55,1,0.268248,"Гипотеза: конечный получатель за период. 1 плательщик: 23 тыс ₸; 0 получателей: 0 ₸. Отдано дальше 0% наблюдаемого входа."
"100000008691027100","peripheral",0.2,1,0.249114,"Гипотеза: роль не определена. 1 плательщик: 17,53 тыс ₸; 0 получателей: 0 ₸. Отдано дальше 0% наблюдаемого входа."
"100000008691168100","terminal",0.55,1,0.28118,"Гипотеза: конечный получатель за период. 1 плательщик: 24 тыс ₸; 0 получателей: 0 ₸. Отдано дальше 0% наблюдаемого входа."
"100000008691330100","terminal",0.55,1,0.265052,"Гипотеза: конечный получатель за период. 1 плательщик: 21,44 тыс ₸; 0 получателей: 0 ₸. Отдано дальше 0% наблюдаемого входа."
"100000008691495100","terminal",0.55,1,0.28395,"Гипотеза: конечный получатель за период. 1 плательщик: 27 тыс ₸; 0 получателей: 0 ₸. Отдано дальше 0% наблюдаемого входа."
"100000008692291100","transit",0.7000000000000001,9,0.815063,"Гипотеза: транзит. 3 плательщика: 160 тыс ₸; 3 получателя: 156 тыс ₸. Отдано дальше 98% наблюдаемого входа."
"100000008693069100","terminal",0.55,1,0.258748,"Гипотеза: конечный получатель за период. 1 плательщик: 20 тыс ₸; 0 получателей: 0 ₸. Отдано дальше 0% наблюдаемого входа."
"100000008695133100","terminal",0.55,1,0.301144,"Гипотеза: конечный получатель за период. 1 плательщик: 36,61 тыс ₸; 0 получателей: 0 ₸. Отдано дальше 0% наблюдаемого входа."
"100000008695157100","peripheral",0.2,3,0.479094,"Гипотеза: роль не определена. Плательщиков: 1; получено 425,55 тыс ₸. Обрыв 4-го колена: исходящие неизвестны."
"100000008695495100","terminal",0.55,1,0.263728,"Гипотеза: конечный получатель за период. 1 плательщик: 21 тыс ₸; 0 получателей: 0 ₸. Отдано дальше 0% наблюдаемого входа."
"100000008695566100","terminal",0.55,1,0.295043,"Гипотеза: конечный получатель за период. 1 плательщик: 33,7 тыс ₸; 0 получателей: 0 ₸. Отдано дальше 0% наблюдаемого входа."
"100000008695689100","terminal",0.55,1,0.276929,"Гипотеза: конечный получатель за период. 1 плательщик: 26,2 тыс ₸; 0 получателей: 0 ₸. Отдано дальше 0% наблюдаемого входа."
"100000008696692100","peripheral",0.2,1,0.262169,"Гипотеза: роль не определена. 1 плательщик: 19 тыс ₸; 0 получателей: 0 ₸. Отдано дальше 0% наблюдаемого входа."
"100000008696919100","terminal",0.55,1,0.297174,"Гипотеза: конечный получатель за период. 1 плательщик: 31,95 тыс ₸; 0 получателей: 0 ₸. Отдано дальше 0% наблюдаемого входа."
"100000008697670100","terminal",0.55,1,0.273733,"Гипотеза: конечный получатель за период. 1 плательщик: 25,35 тыс ₸; 0 получателей: 0 ₸. Отдано дальше 0% наблюдаемого входа."
"100000008699083100","peripheral",0.2,13,0.422589,"Гипотеза: роль не определена. Плательщиков: 1; получено 238,5 тыс ₸. Обрыв 4-го колена: исходящие неизвестны."
"100000008701222100","peripheral",0.2,87,0.0,"Гипотеза: роль не определена. 0 плательщиков: 0 ₸; 0 получателей: 0 ₸. Входящие исходного клиента неполны."
"100000008701256100","terminal",0.55,0,0.442968,"Гипотеза: конечный получатель за период. 1 плательщик: 58,25 тыс ₸; 0 получателей: 0 ₸. Отдано дальше 0% наблюдаемого входа."
"100000008701944100","terminal",0.55,59,0.465983,"Гипотеза: конечный получатель за период. 1 плательщик: 52,12 тыс ₸; 0 получателей: 0 ₸. Отдано дальше 0% наблюдаемого входа."
"100000008703533100","peripheral",0.2,9,0.351122,"Гипотеза: роль не определена. Плательщиков: 1; получено 75 тыс ₸. Обрыв 4-го колена: исходящие неизвестны."
"100000008706846100","peripheral",0.2,1,0.230339,"Гипотеза: роль не определена. 1 плательщик: 14,2 тыс ₸; 0 получателей: 0 ₸. Отдано дальше 0% наблюдаемого входа."
"100000008706947100","peripheral",0.2,1,0.243125,"Гипотеза: роль не определена. 1 плательщик: 17,2 тыс ₸; 0 получателей: 0 ₸. Отдано дальше 0% наблюдаемого входа."
"100000008707810100","terminal",0.55,1,0.276929,"Гипотеза: конечный получатель за период. 1 плательщик: 26,2 тыс ₸; 0 получателей: 0 ₸. Отдано дальше 0% наблюдаемого входа."
"100000008708025100","peripheral",0.2,27,0.257672,"Гипотеза: роль не определена. 1 плательщик: 10 тыс ₸; 0 получателей: 0 ₸. Отдано дальше 0% наблюдаемого входа."
"100000008708061100","peripheral",0.2,1,0.210162,"Гипотеза: роль не определена. 1 плательщик: 8,65 тыс ₸; 0 получателей: 0 ₸. Отдано дальше 0% наблюдаемого входа."
"100000008708207100","terminal",0.55,8,0.759724,"Гипотеза: конечный получатель за период. 2 плательщика: 465 тыс ₸; 0 получателей: 0 ₸. Отдано дальше 0% наблюдаемого входа."
"100000008708368100","terminal",0.55,1,0.271175,"Гипотеза: конечный получатель за период. 1 плательщик: 23,68 тыс ₸; 0 получателей: 0 ₸. Отдано дальше 0% наблюдаемого входа."
"100000008708595100","peripheral",0.2,1,0.243125,"Гипотеза: роль не определена. 1 плательщик: 17,2 тыс ₸; 0 получателей: 0 ₸. Отдано дальше 0% наблюдаемого входа."
"100000008708743100","peripheral",0.2,1,0.236395,"Гипотеза: роль не определена. 1 плательщик: 15,55 тыс ₸; 0 получателей: 0 ₸. Отдано дальше 0% наблюдаемого входа."
"100000008710791100","coordinator",0.7954626334519573,8,0.946086,"Гипотеза: координация. 3 плательщика: 181,51 тыс ₸; 23 получателя: 5,52 млн ₸. В 3 хаба направлено 29% выхода. Источник средств вне выборки."
"100000008710843100","distributor",0.6975,17,0.862842,"Гипотеза: веерная раздача. 2 плательщика: 33,94 тыс ₸; 13 получателей: 1,99 млн ₸. Источник средств вне выборки."
"100000008710913100","peripheral",0.2,8,0.321691,"Гипотеза: роль не определена. Плательщиков: 1; получено 14 тыс ₸. Обрыв 4-го колена: исходящие неизвестны."
"100000008712036100","terminal",0.55,1,0.259219,"Гипотеза: конечный получатель за период. 1 плательщик: 21 тыс ₸; 0 получателей: 0 ₸. Отдано дальше 0% наблюдаемого входа."
"100000008712184100","peripheral",0.2,1,0.247095,"Гипотеза: роль не определена. 1 плательщик: 18 тыс ₸; 0 получателей: 0 ₸. Отдано дальше 0% наблюдаемого входа."
"100000008712827100","terminal",0.55,1,0.355137,"Гипотеза: конечный получатель за период. 1 плательщик: 76 тыс ₸; 0 получателей: 0 ₸. Отдано дальше 0% наблюдаемого входа."
"100000008712991100","terminal",0.55,1,0.346635,"Гипотеза: конечный получатель за период. 1 плательщик: 66,1 тыс ₸; 0 получателей: 0 ₸. Отдано дальше 0% наблюдаемого входа."
"100000008713270100","peripheral",0.2,6,0.309034,"Гипотеза: роль не определена. 1 плательщик: 30 тыс ₸; 3 получателя: 190 тыс ₸. Источник средств вне выборки."
"100000008713685100","terminal",0.55,1,0.323463,"Гипотеза: конечный получатель за период. 1 плательщик: 49,7 тыс ₸; 0 получателей: 0 ₸. Отдано дальше 0% наблюдаемого входа."
"100000008714412100","terminal",0.55,7,0.411059,"Гипотеза: конечный получатель за период. 1 плательщик: 169 тыс ₸; 0 получателей: 0 ₸. Отдано дальше 0% наблюдаемого входа."
"100000008715513100","peripheral",0.2,7,0.316151,"Гипотеза: роль не определена. Плательщиков: 1; получено 32,5 тыс ₸. Обрыв 4-го колена: исходящие неизвестны."
"100000008715887100","peripheral",0.2,1,0.247095,"Гипотеза: роль не определена. 1 плательщик: 18 тыс ₸; 0 получателей: 0 ₸. Отдано дальше 0% наблюдаемого входа."
"100000008716072100","peripheral",0.2,1,0.223979,"Гипотеза: роль не определена. 1 плательщик: 12,1 тыс ₸; 0 получателей: 0 ₸. Отдано дальше 0% наблюдаемого входа."
"100000008716222100","peripheral",0.2,1,0.251671,"Гипотеза: роль не определена. 1 плательщик: 18 тыс ₸; 0 получателей: 0 ₸. Отдано дальше 0% наблюдаемого входа."
"100000008716439100","peripheral",0.2,1,0.226537,"Гипотеза: роль не определена. 1 плательщик: 12,27 тыс ₸; 0 получателей: 0 ₸. Отдано дальше 0% наблюдаемого входа."
"100000008716773100","peripheral",0.2,1,0.241824,"Гипотеза: роль не определена. 1 плательщик: 15,68 тыс ₸; 0 получателей: 0 ₸. Отдано дальше 0% наблюдаемого входа."
"100000008717340100","terminal",0.55,1,0.315018,"Гипотеза: конечный получатель за период. 1 плательщик: 41,5 тыс ₸; 0 получателей: 0 ₸. Отдано дальше 0% наблюдаемого входа."
"100000008717341100","peripheral",0.2,1,0.234679,"Гипотеза: роль не определена. 1 плательщик: 14,63 тыс ₸; 0 получателей: 0 ₸. Отдано дальше 0% наблюдаемого входа."
"100000008717375100","terminal",0.55,2,0.398553,"Гипотеза: конечный получатель за период. 1 плательщик: 29,51 тыс ₸; 0 получателей: 0 ₸. Отдано дальше 0% наблюдаемого входа."
"100000008717802100","terminal",0.55,1,0.275841,"Гипотеза: конечный получатель за период. 1 плательщик: 26,15 тыс ₸; 0 получателей: 0 ₸. Отдано дальше 0% наблюдаемого входа."
"100000008718089100","peripheral",0.2,1,0.240523,"Гипотеза: роль не определена. 1 плательщик: 15,53 тыс ₸; 0 получателей: 0 ₸. Отдано дальше 0% наблюдаемого входа."
"100000008718811100","terminal",0.55,1,0.352849,"Гипотеза: конечный получатель за период. 1 плательщик: 73,3 тыс ₸; 0 получателей: 0 ₸. Отдано дальше 0% наблюдаемого входа."
"100000008720668100","peripheral",0.2,1,0.238728,"Гипотеза: роль не определена. 1 плательщик: 16 тыс ₸; 0 получателей: 0 ₸. Отдано дальше 0% наблюдаемого входа."
"100000008720798100","peripheral",0.2,1,0.240523,"Гипотеза: роль не определена. 1 плательщик: 15,53 тыс ₸; 0 получателей: 0 ₸. Отдано дальше 0% наблюдаемого входа."
"100000008720856100","peripheral",0.2,5,0.260498,"Гипотеза: роль не определена. 1 плательщик: 18,11 тыс ₸; 1 получатель: 46 тыс ₸. Источник средств вне выборки."
"100000008721637100","peripheral",0.2,6,0.286978,"Гипотеза: роль не определена. 1 плательщик: 24,04 тыс ₸; 2 получателя: 127 тыс ₸. Источник средств вне выборки."
"100000008722328100","terminal",0.55,1,0.271175,"Гипотеза: конечный получатель за период. 1 плательщик: 23,68 тыс ₸; 0 получателей: 0 ₸. Отдано дальше 0% наблюдаемого входа."
"100000008722417100","peripheral",0.2,5,0.40844,"Гипотеза: роль не определена. 1 плательщик: 331,9 тыс ₸; 3 получателя: 720 тыс ₸. Источник средств вне выборки."
"100000008722541100","peripheral",0.2,5,0.588044,"Гипотеза: роль не определена. Плательщиков: 1; получено 280 тыс ₸. Обрыв 4-го колена: исходящие неизвестны."
"100000008723830100","transit",0.8,4,0.774327,"Гипотеза: транзит. 2 плательщика: 459,79 тыс ₸; 1 получатель: 455 тыс ₸. Отдано дальше 99% наблюдаемого входа."
"100000008724279100","peripheral",0.2,4,0.311945,"Гипотеза: роль не определена. 1 плательщик: 11,75 тыс ₸; 0 получателей: 0 ₸. Отдано дальше 0% наблюдаемого входа."
"100000008724461100","peripheral",0.2,8,0.274316,"Гипотеза: роль не определена. 1 плательщик: 100,11 тыс ₸; 1 получатель: 130 тыс ₸. Источник средств вне выборки."
"100000008727982100","peripheral",0.2,26,0.347555,"Гипотеза: роль не определена. Плательщиков: 1; получено 30 тыс ₸. Обрыв 4-го колена: исходящие неизвестны."
"100000008728457100","terminal",0.55,11,0.488784,"Гипотеза: конечный получатель за период. 1 плательщик: 45 тыс ₸; 0 получателей: 0 ₸. Отдано дальше 0% наблюдаемого входа."
"100000008729597100","terminal",0.55,3,0.366128,"Гипотеза: конечный получатель за период. 1 плательщик: 83,09 тыс ₸; 0 получателей: 0 ₸. Отдано дальше 0% наблюдаемого входа."
"100000008729801100","peripheral",0.2,1,0.249114,"Гипотеза: роль не определена. 1 плательщик: 17,53 тыс ₸; 0 получателей: 0 ₸. Отдано дальше 0% наблюдаемого входа."
"100000008730021100","terminal",0.55,59,0.487293,"Гипотеза: конечный получатель за период. 1 плательщик: 75,56 тыс ₸; 0 получателей: 0 ₸. Отдано дальше 0% наблюдаемого входа."
"100000008730238100","peripheral",0.2,9,0.430664,"Гипотеза: роль не определена. Плательщиков: 1; получено 113 тыс ₸. Обрыв 4-го колена: исходящие неизвестны."
"100000008730371100","terminal",0.55,0,0.749271,"Гипотеза: конечный получатель за период. 2 плательщика: 520 тыс ₸; 0 получателей: 0 ₸. Отдано дальше 0% наблюдаемого входа."
"100000008730846100","consolidator",0.74,11,0.9155,"Гипотеза: признаки консолидации. 7 плательщиков: 155,04 тыс ₸; 3 получателя: 363,37 тыс ₸. Источник средств вне выборки."
"100000008731444100","distributor",0.6675,0,0.891487,"Гипотеза: веерная раздача. 3 плательщика: 439 тыс ₸; 9 получателей: 879,77 тыс ₸. Источник средств вне выборки."
"100000008732098100","peripheral",0.2,1,0.241824,"Гипотеза: роль не определена. 1 плательщик: 15,68 тыс ₸; 0 получателей: 0 ₸. Отдано дальше 0% наблюдаемого входа."
"100000008732488100","terminal",0.55,3,0.557503,"Гипотеза: конечный получатель за период. 1 плательщик: 137 тыс ₸; 1 получатель: 10 тыс ₸. Отдано дальше 7% наблюдаемого входа."
"100000008733049100","peripheral",0.2,15,0.357795,"Гипотеза: роль не определена. 1 плательщик: 10 тыс ₸; 0 получателей: 0 ₸. Отдано дальше 0% наблюдаемого входа."
"100000008733194100","distributor",0.6599999999999999,12,0.902602,"Гипотеза: веерная раздача. 4 плательщика: 251,42 тыс ₸; 8 получателей: 159,69 тыс ₸. Отдано дальше 64% наблюдаемого входа."
"100000008734279100","peripheral",0.2,3,0.3131,"Гипотеза: роль не определена. Плательщиков: 1; получено 31,65 тыс ₸. Обрыв 4-го колена: исходящие неизвестны."
"100000008734364100","terminal",0.55,1,0.290276,"Гипотеза: конечный получатель за период. 1 плательщик: 26,2 тыс ₸; 0 получателей: 0 ₸. Отдано дальше 0% наблюдаемого входа."
"100000008735384100","terminal",0.55,1,0.31079,"Гипотеза: конечный получатель за период. 1 плательщик: 39,22 тыс ₸; 0 получателей: 0 ₸. Отдано дальше 0% наблюдаемого входа."
"100000008735802100","peripheral",0.2,0,0.496276,"Гипотеза: роль не определена. Плательщиков: 1; получено 85 тыс ₸. Обрыв 4-го колена: исходящие неизвестны."
"100000008735832100","peripheral",0.2,1,0.2452,"Гипотеза: роль не определена. 1 плательщик: 17,6 тыс ₸; 0 получателей: 0 ₸. Отдано дальше 0% наблюдаемого входа."
"100000008736173100","terminal",0.55,1,0.295245,"Гипотеза: конечный получатель за период. 1 плательщик: 31,06 тыс ₸; 0 получателей: 0 ₸. Отдано дальше 0% наблюдаемого входа."
"100000008736394100","peripheral",0.2,1,0.250796,"Гипотеза: роль не определена. 1 плательщик: 16 тыс ₸; 0 получателей: 0 ₸. Отдано дальше 0% наблюдаемого входа."
"100000008736760100","terminal",0.55,1,0.340287,"Гипотеза: конечный получатель за период. 1 плательщик: 54,76 тыс ₸; 0 получателей: 0 ₸. Отдано дальше 0% наблюдаемого входа."
"100000008736940100","peripheral",0.2,40,0.759376,"Гипотеза: роль не определена. 3 плательщика: 451,09 тыс ₸; 3 получателя: 182,1 тыс ₸. Отдано дальше 40% наблюдаемого входа."
"100000008737422100","terminal",0.55,1,0.36162,"Гипотеза: конечный получатель за период. 1 плательщик: 76,9 тыс ₸; 0 получателей: 0 ₸. Отдано дальше 0% наблюдаемого входа."
"100000008737514100","terminal",0.55,15,0.511373,"Гипотеза: конечный получатель за период. 1 плательщик: 85 тыс ₸; 0 получателей: 0 ₸. Отдано дальше 0% наблюдаемого входа."
"100000008737958100","terminal",0.55,1,0.496007,"Гипотеза: конечный получатель за период. 2 плательщика: 53,37 тыс ₸; 0 получателей: 0 ₸. Отдано дальше 0% наблюдаемого входа."
"100000008738325100","peripheral",0.2,19,0.197438,"Гипотеза: роль не определена. 1 плательщик: 36,55 тыс ₸; 1 получатель: 54 тыс ₸. Источник средств вне выборки."
"100000008738526100","peripheral",0.2,17,0.258804,"Гипотеза: роль не определена. 1 плательщик: 15 тыс ₸; 1 получатель: 140 тыс ₸. Источник средств вне выборки."
"100000008738658100","terminal",0.55,1,0.284612,"Гипотеза: конечный получатель за период. 1 плательщик: 29,92 тыс ₸; 0 получателей: 0 ₸. Отдано дальше 0% наблюдаемого входа."
"100000008739887100","peripheral",0.2,3,0.391605,"Гипотеза: роль не определена. 2 плательщика: 214 тыс ₸; 2 получателя: 307 тыс ₸. Источник средств вне выборки."
"100000008740295100","peripheral",0.2,8,0.534803,"Гипотеза: роль не определена. Плательщиков: 1; получено 300 тыс ₸. Обрыв 4-го колена: исходящие неизвестны."
"100000008740793100","terminal",0.55,1,0.259219,"Гипотеза: конечный получатель за период. 1 плательщик: 21 тыс ₸; 0 получателей: 0 ₸. Отдано дальше 0% наблюдаемого входа."
"100000008741372100","terminal",0.55,1,0.30489,"Гипотеза: конечный получатель за период. 1 плательщик: 35,98 тыс ₸; 0 получателей: 0 ₸. Отдано дальше 0% наблюдаемого входа."
"100000008742053100","distributor",0.69,13,0.79714,"Гипотеза: веерная раздача. 1 плательщик: 10 тыс ₸; 12 получателей: 2,79 млн ₸. Источник средств вне выборки."
"100000008742266100","terminal",0.55,1,0.272095,"Гипотеза: конечный получатель за период. 1 плательщик: 21 тыс ₸; 0 получателей: 0 ₸. Отдано дальше 0% наблюдаемого входа."
"100000008743913100","distributor",0.6975,17,0.93902,"Гипотеза: веерная раздача. 3 плательщика: 149,3 тыс ₸; 13 получателей: 1,85 млн ₸. Источник средств вне выборки."
"100000008744364100","terminal",0.55,1,0.266824,"Гипотеза: конечный получатель за период. 1 плательщик: 23,7 тыс ₸; 0 получателей: 0 ₸. Отдано дальше 0% наблюдаемого входа."
"100000008744799100","peripheral",0.2,1,0.225505,"Гипотеза: роль не определена. 1 плательщик: 12,6 тыс ₸; 0 получателей: 0 ₸. Отдано дальше 0% наблюдаемого входа."
"100000008744849100","terminal",0.55,1,0.319044,"Гипотеза: конечный получатель за период. 1 плательщик: 44,45 тыс ₸; 0 получателей: 0 ₸. Отдано дальше 0% наблюдаемого входа."
"100000008745474100","terminal",0.55,1,0.314087,"Гипотеза: конечный получатель за период. 1 плательщик: 40,56 тыс ₸; 0 получателей: 0 ₸. Отдано дальше 0% наблюдаемого входа."
"100000008745489100","terminal",0.55,1,0.341521,"Гипотеза: конечный получатель за период. 1 плательщик: 55,54 тыс ₸; 0 получателей: 0 ₸. Отдано дальше 0% наблюдаемого входа."
"100000008745643100","terminal",0.55,1,0.262225,"Гипотеза: конечный получатель за период. 1 плательщик: 20,31 тыс ₸; 0 получателей: 0 ₸. Отдано дальше 0% наблюдаемого входа."
"100000008745676100","peripheral",0.2,1,0.356954,"Гипотеза: роль не определена. Плательщиков: 1; получено 34,55 тыс ₸. Обрыв 4-го колена: исходящие неизвестны."
"100000008745725100","terminal",0.55,1,0.325022,"Гипотеза: конечный получатель за период. 1 плательщик: 47,06 тыс ₸; 0 получателей: 0 ₸. Отдано дальше 0% наблюдаемого входа."
"100000008745863100","terminal",0.55,1,0.262965,"Гипотеза: конечный получатель за период. 1 плательщик: 22,9 тыс ₸; 0 получателей: 0 ₸. Отдано дальше 0% наблюдаемого входа."
"100000008745884100","terminal",0.55,1,0.253836,"Гипотеза: конечный получатель за период. 1 плательщик: 20 тыс ₸; 0 получателей: 0 ₸. Отдано дальше 0% наблюдаемого входа."
"100000008746025100","terminal",0.55,1,0.266095,"Гипотеза: конечный получатель за период. 1 плательщик: 22 тыс ₸; 0 получателей: 0 ₸. Отдано дальше 0% наблюдаемого входа."
"100000008746449100","distributor",0.6749999999999999,8,0.827759,"Гипотеза: веерная раздача. 1 плательщик: 10 тыс ₸; 10 получателей: 1,01 млн ₸. Источник средств вне выборки."
"100000008746673100","terminal",0.55,1,0.337797,"Гипотеза: конечный получатель за период. 1 плательщик: 53,05 тыс ₸; 0 получателей: 0 ₸. Отдано дальше 0% наблюдаемого входа."
"100000008747113100","terminal",0.55,5,0.741667,"Гипотеза: конечный получатель за период. 2 плательщика: 197,8 тыс ₸; 0 получателей: 0 ₸. Отдано дальше 0% наблюдаемого входа."
"100000008748408100","distributor",0.7575,6,0.763392,"Гипотеза: веерная раздача. 1 плательщик: 360 тыс ₸; 21 получатель: 1,5 млн ₸. Источник средств вне выборки."
"100000008748795100","terminal",0.55,0,0.393663,"Гипотеза: конечный получатель за период. 1 плательщик: 47,06 тыс ₸; 0 получателей: 0 ₸. Отдано дальше 0% наблюдаемого входа."
"100000008748914100","distributor",0.6975,2,0.800718,"Гипотеза: веерная раздача. 2 плательщика: 180 тыс ₸; 13 получателей: 4,47 млн ₸. Источник средств вне выборки."
"100000008749063100","peripheral",0.2,1,0.254116,"Гипотеза: роль не определена. 1 плательщик: 19 тыс ₸; 0 получателей: 0 ₸. Отдано дальше 0% наблюдаемого входа."
"100000008749405100","terminal",0.55,1,0.30203,"Гипотеза: конечный получатель за период. 1 плательщик: 37,15 тыс ₸; 0 получателей: 0 ₸. Отдано дальше 0% наблюдаемого входа."
"100000008749406100","peripheral",0.2,1,0.246916,"Гипотеза: роль не определена. 1 плательщик: 17,14 тыс ₸; 0 получателей: 0 ₸. Отдано дальше 0% наблюдаемого входа."
"100000008749618100","terminal",0.55,1,0.325482,"Гипотеза: конечный получатель за период. 1 плательщик: 47,28 тыс ₸; 0 получателей: 0 ₸. Отдано дальше 0% наблюдаемого входа."
"100000008749900100","peripheral",0.2,1,0.242553,"Гипотеза: роль не определена. 1 плательщик: 17,15 тыс ₸; 0 получателей: 0 ₸. Отдано дальше 0% наблюдаемого входа."
"100000008749989100","peripheral",0.2,1,0.250796,"Гипотеза: роль не определена. 1 плательщик: 16 тыс ₸; 0 получателей: 0 ₸. Отдано дальше 0% наблюдаемого входа."
"100000008750464100","peripheral",0.2,1,0.209623,"Гипотеза: роль не определена. 1 плательщик: 8,5 тыс ₸; 0 получателей: 0 ₸. Отдано дальше 0% наблюдаемого входа."
"100000008751349100","peripheral",0.2,25,0.226671,"Гипотеза: роль не определена. 1 плательщик: 11,63 тыс ₸; 0 получателей: 0 ₸. Отдано дальше 0% наблюдаемого входа."
"100000008751380100","terminal",0.55,8,0.758345,"Гипотеза: конечный получатель за период. 2 плательщика: 345,78 тыс ₸; 0 получателей: 0 ₸. Отдано дальше 0% наблюдаемого входа."
"100000008751429100","terminal",0.55,40,0.725751,"Гипотеза: конечный получатель за период. 3 плательщика: 386,2 тыс ₸; 1 получатель: 72,6 тыс ₸. Отдано дальше 19% наблюдаемого входа."
"100000008752616100","peripheral",0.2,8,0.449854,"Гипотеза: роль не определена. 2 плательщика: 64,51 тыс ₸; 7 получателей: 1,26 млн ₸. Источник средств вне выборки."
"100000008753061100","terminal",0.55,1,0.281651,"Гипотеза: конечный получатель за период. 1 плательщик: 28,4 тыс ₸; 0 получателей: 0 ₸. Отдано дальше 0% наблюдаемого входа."
"100000008753193100","terminal",0.55,1,0.304083,"Гипотеза: конечный получатель за период. 1 плательщик: 35,23 тыс ₸; 0 получателей: 0 ₸. Отдано дальше 0% наблюдаемого входа."
"100000008753897100","terminal",0.55,1,0.268585,"Гипотеза: конечный получатель за период. 1 плательщик: 24,05 тыс ₸; 0 получателей: 0 ₸. Отдано дальше 0% наблюдаемого входа."
"100000008754608100","peripheral",0.2,1,0.22463,"Гипотеза: роль не определена. 1 плательщик: 12,3 тыс ₸; 0 получателей: 0 ₸. Отдано дальше 0% наблюдаемого входа."
"100000008754747100","terminal",0.55,1,0.316487,"Гипотеза: конечный получатель за период. 1 плательщик: 45,5 тыс ₸; 0 получателей: 0 ₸. Отдано дальше 0% наблюдаемого входа."
"100000008754997100","peripheral",0.2,1,0.247095,"Гипотеза: роль не определена. 1 плательщик: 18 тыс ₸; 0 получателей: 0 ₸. Отдано дальше 0% наблюдаемого входа."
"100000008755168100","peripheral",0.2,1,0.2452,"Гипотеза: роль не определена. 1 плательщик: 17,6 тыс ₸; 0 получателей: 0 ₸. Отдано дальше 0% наблюдаемого входа."
"100000008755361100","peripheral",0.2,1,0.234679,"Гипотеза: роль не определена. 1 плательщик: 14,63 тыс ₸; 0 получателей: 0 ₸. Отдано дальше 0% наблюдаемого входа."
"100000008755580100","peripheral",0.2,1,0.238728,"Гипотеза: роль не определена. 1 плательщик: 16 тыс ₸; 0 получателей: 0 ₸. Отдано дальше 0% наблюдаемого входа."
"100000008755754100","peripheral",0.2,13,0.23441,"Гипотеза: роль не определена. 1 плательщик: 7 тыс ₸; 0 получателей: 0 ₸. Отдано дальше 0% наблюдаемого входа."
"100000008757301100","peripheral",0.2,0,0.389502,"Гипотеза: роль не определена. Плательщиков: 1; получено 58,4 тыс ₸. Обрыв 4-го колена: исходящие неизвестны."
"100000008757369100","peripheral",0.2,0,0.243383,"Гипотеза: роль не определена. 1 плательщик: 25,96 тыс ₸; 1 получатель: 58,4 тыс ₸. Источник средств вне выборки."
"100000008758106100","peripheral",0.2,8,0.306382,"Гипотеза: роль не определена. Плательщиков: 1; получено 10 тыс ₸. Обрыв 4-го колена: исходящие неизвестны."
"100000008758168100","peripheral",0.2,17,0.454941,"Гипотеза: роль не определена. 2 плательщика: 75,41 тыс ₸; 5 получателей: 1,53 млн ₸. Источник средств вне выборки."
"100000008758607100","peripheral",0.2,8,0.288549,"Гипотеза: роль не определена. Плательщиков: 1; получено 5 тыс ₸. Обрыв 4-го колена: исходящие неизвестны."
"100000008759795100","peripheral",0.2,7,0.262416,"Гипотеза: роль не определена. Плательщиков: 1; получено 17 тыс ₸. Обрыв 4-го колена: исходящие неизвестны."
"100000008759857100","peripheral",0.2,17,0.380815,"Гипотеза: роль не определена. 1 плательщик: 5 тыс ₸; 2 получателя: 994 тыс ₸. Источник средств вне выборки."
"100000008760098100","peripheral",0.2,17,0.345609,"Гипотеза: роль не определена. 1 плательщик: 7 тыс ₸; 1 получатель: 390 тыс ₸. Источник средств вне выборки."
"100000008761132100","peripheral",0.2,8,0.306382,"Гипотеза: роль не определена. Плательщиков: 1; получено 10 тыс ₸. Обрыв 4-го колена: исходящие неизвестны."
"100000008761219100","peripheral",0.2,45,0.405956,"Гипотеза: роль не определена. 2 плательщика: 50 тыс ₸; 2 получателя: 375 тыс ₸. Источник средств вне выборки."
"100000008761220100","peripheral",0.2,8,0.306382,"Гипотеза: роль не определена. Плательщиков: 1; получено 10 тыс ₸. Обрыв 4-го колена: исходящие неизвестны."
"100000008762005100","peripheral",0.2,8,0.198946,"Гипотеза: роль не определена. Плательщиков: 1; получено 5 тыс ₸. Обрыв 4-го колена: исходящие неизвестны."
"100000008762728100","peripheral",0.2,4,0.421658,"Гипотеза: роль не определена. 1 плательщик: 17,03 тыс ₸; 0 получателей: 0 ₸. Отдано дальше 0% наблюдаемого входа."
"100000008762832100","peripheral",0.2,2,0.576828,"Гипотеза: роль не определена. 1 плательщик: 150 тыс ₸; 1 получатель: 85 тыс ₸. Отдано дальше 57% наблюдаемого входа."
"100000008762843100","peripheral",0.2,8,0.207963,"Гипотеза: роль не определена. Плательщиков: 1; получено 7 тыс ₸. Обрыв 4-го колена: исходящие неизвестны."
"100000008762885100","peripheral",0.2,8,0.207963,"Гипотеза: роль не определена. Плательщиков: 1; получено 7 тыс ₸. Обрыв 4-го колена: исходящие неизвестны."
"100000008763688100","terminal",0.55,1,0.259219,"Гипотеза: конечный получатель за период. 1 плательщик: 21 тыс ₸; 0 получателей: 0 ₸. Отдано дальше 0% наблюдаемого входа."
"100000008764436100","peripheral",0.2,1,0.237707,"Гипотеза: роль не определена. 1 плательщик: 13,1 тыс ₸; 0 получателей: 0 ₸. Отдано дальше 0% наблюдаемого входа."
"100000008764654100","terminal",0.55,1,0.275841,"Гипотеза: конечный получатель за период. 1 плательщик: 26,15 тыс ₸; 0 получателей: 0 ₸. Отдано дальше 0% наблюдаемого входа."
"100000008765494100","terminal",0.55,1,0.28118,"Гипотеза: конечный получатель за период. 1 плательщик: 24 тыс ₸; 0 получателей: 0 ₸. Отдано дальше 0% наблюдаемого входа."
"100000008765627100","terminal",0.55,6,0.34419,"Гипотеза: конечный получатель за период. 1 плательщик: 60 тыс ₸; 0 получателей: 0 ₸. Отдано дальше 0% наблюдаемого входа."
"100000008766031100","peripheral",0.2,8,0.289356,"Гипотеза: роль не определена. Плательщиков: 1; получено 5 тыс ₸. Обрыв 4-го колена: исходящие неизвестны."
"100000008766764100","peripheral",0.2,8,0.288549,"Гипотеза: роль не определена. Плательщиков: 1; получено 5 тыс ₸. Обрыв 4-го колена: исходящие неизвестны."
"100000008767027100","peripheral",0.2,17,0.333075,"Гипотеза: роль не определена. 1 плательщик: 5 тыс ₸; 0 получателей: 0 ₸. Отдано дальше 0% наблюдаемого входа."
"100000008767065100","peripheral",0.2,17,0.351178,"Гипотеза: роль не определена. 1 плательщик: 10 тыс ₸; 0 получателей: 0 ₸. Отдано дальше 0% наблюдаемого входа."
"100000008767925100","peripheral",0.2,1,0.246916,"Гипотеза: роль не определена. 1 плательщик: 17,14 тыс ₸; 0 получателей: 0 ₸. Отдано дальше 0% наблюдаемого входа."
"100000008767950100","peripheral",0.2,1,0.243831,"Гипотеза: роль не определена. 1 плательщик: 17,35 тыс ₸; 0 получателей: 0 ₸. Отдано дальше 0% наблюдаемого входа."
"100000008768896100","terminal",0.55,1,0.325022,"Гипотеза: конечный получатель за период. 1 плательщик: 47,06 тыс ₸; 0 получателей: 0 ₸. Отдано дальше 0% наблюдаемого входа."
"100000008769097100","terminal",0.55,1,0.290343,"Гипотеза: конечный получатель за период. 1 плательщик: 31,1 тыс ₸; 0 получателей: 0 ₸. Отдано дальше 0% наблюдаемого входа."
"100000008769636100","terminal",0.55,1,0.268798,"Гипотеза: конечный получатель за период. 1 плательщик: 23,12 тыс ₸; 0 получателей: 0 ₸. Отдано дальше 0% наблюдаемого входа."
"100000008770483100","peripheral",0.2,45,0.298688,"Гипотеза: роль не определена. Плательщиков: 1; получено 5 тыс ₸. Обрыв 4-го колена: исходящие неизвестны."
"100000008771627100","peripheral",0.2,1,0.25286,"Гипотеза: роль не определена. 1 плательщик: 16,5 тыс ₸; 0 получателей: 0 ₸. Отдано дальше 0% наблюдаемого входа."
"100000008771814100","terminal",0.55,1,0.279924,"Гипотеза: конечный получатель за период. 1 плательщик: 23,7 тыс ₸; 0 получателей: 0 ₸. Отдано дальше 0% наблюдаемого входа."
"100000008771819100","terminal",0.55,1,0.310251,"Гипотеза: конечный получатель за период. 1 плательщик: 38,9 тыс ₸; 0 получателей: 0 ₸. Отдано дальше 0% наблюдаемого входа."
"100000008772058100","terminal",0.55,1,0.340422,"Гипотеза: конечный получатель за период. 1 плательщик: 50 тыс ₸; 0 получателей: 0 ₸. Отдано дальше 0% наблюдаемого входа."
"100000008772246100","terminal",0.55,1,0.313829,"Гипотеза: конечный получатель за период. 1 плательщик: 44,5 тыс ₸; 0 получателей: 0 ₸. Отдано дальше 0% наблюдаемого входа."
"100000008773876100","terminal",0.55,1,0.279901,"Гипотеза: конечный получатель за период. 1 плательщик: 26,12 тыс ₸; 0 получателей: 0 ₸. Отдано дальше 0% наблюдаемого входа."
"100000008774237100","terminal",0.55,23,0.511978,"Гипотеза: конечный получатель за период. 1 плательщик: 50 тыс ₸; 1 получатель: 10 тыс ₸. Отдано дальше 20% наблюдаемого входа."
"100000008775471100","terminal",0.55,17,0.477568,"Гипотеза: конечный получатель за период. 1 плательщик: 580 тыс ₸; 0 получателей: 0 ₸. Отдано дальше 0% наблюдаемого входа."
"100000008775747100","peripheral",0.2,8,0.288549,"Гипотеза: роль не определена. Плательщиков: 1; получено 5 тыс ₸. Обрыв 4-го колена: исходящие неизвестны."
"100000008776298100","terminal",0.55,1,0.316936,"Гипотеза: конечный получатель за период. 1 плательщик: 42,8 тыс ₸; 0 получателей: 0 ₸. Отдано дальше 0% наблюдаемого входа."
"100000008776310100","peripheral",0.2,1,0.249955,"Гипотеза: роль не определена. 1 плательщик: 19,2 тыс ₸; 0 получателей: 0 ₸. Отдано дальше 0% наблюдаемого входа."
"100000008776420100","terminal",0.55,1,0.349192,"Гипотеза: конечный получатель за период. 1 плательщик: 69,5 тыс ₸; 0 получателей: 0 ₸. Отдано дальше 0% наблюдаемого входа."
"100000008776576100","peripheral",0.2,1,0.23533,"Гипотеза: роль не определена. 1 плательщик: 14,77 тыс ₸; 0 получателей: 0 ₸. Отдано дальше 0% наблюдаемого входа."
"100000008776720100","terminal",0.55,1,0.275841,"Гипотеза: конечный получатель за период. 1 плательщик: 26,15 тыс ₸; 0 получателей: 0 ₸. Отдано дальше 0% наблюдаемого входа."
"100000008777088100","peripheral",0.2,1,0.251671,"Гипотеза: роль не определена. 1 плательщик: 18 тыс ₸; 0 получателей: 0 ₸. Отдано дальше 0% наблюдаемого входа."
"100000008778010100","peripheral",0.2,1,0.401122,"Гипотеза: роль не определена. Плательщиков: 1; получено 76,95 тыс ₸. Обрыв 4-го колена: исходящие неизвестны."
"100000008778753100","peripheral",0.2,24,0.23939,"Гипотеза: роль не определена. Плательщиков: 1; получено 10 тыс ₸. Обрыв 4-го колена: исходящие неизвестны."
"100000008779584100","terminal",0.55,1,0.296187,"Гипотеза: конечный получатель за период. 1 плательщик: 31,4 тыс ₸; 0 получателей: 0 ₸. Отдано дальше 0% наблюдаемого входа."
"100000008782056100","terminal",0.55,1,0.288515,"Гипотеза: конечный получатель за период. 1 плательщик: 29,08 тыс ₸; 0 получателей: 0 ₸. Отдано дальше 0% наблюдаемого входа."
"100000008782421100","terminal",0.55,1,0.328869,"Гипотеза: конечный получатель за период. 1 плательщик: 49,68 тыс ₸; 0 получателей: 0 ₸. Отдано дальше 0% наблюдаемого входа."
"100000008782800100","terminal",0.55,1,0.317699,"Гипотеза: конечный получатель за период. 1 плательщик: 43,38 тыс ₸; 0 получателей: 0 ₸. Отдано дальше 0% наблюдаемого входа."
